step,mode,initial_loss_by_mode,residual_loss_by_mode,weighted_loss_by_mode,ref_t0_abs,pred_t0_abs,ref_tfinal_abs,pred_tfinal_abs,max_pred_abs_over_time
5,0,1.1194885583285282e-19,8.473186433063508e-29,1.11948855841326e-18,40.212385860203675,40.212385860210254,40.212385860203675,40.2123858602102,40.212385860210254
5,1,0.000256578073081222,0.4435965910531828,0.446162371783995,39.01860822557467,39.02768011340979,34.4899718687309,38.93053437469477,39.02768011340979
5,2,0.0007020438689977643,6.3451802221222,6.352200660812177,35.76810951683773,35.730658467080175,21.836360227520203,35.881583072323444,35.881583072323444
5,3,0.43018410337682683,5.311093636244953,9.612934670013221,31.252265253826952,31.045057044607695,10.29606070808591,16.09986489843101,31.045057044607695
5,4,0.08156772651065672,52.33323114136419,53.14890840647075,26.31894796557784,25.915047664741834,3.655994885024816,25.91454604996519,25.915047664741834
5,5,0.0795995041913206,25.187919123756842,25.983914165670047,21.589810521465168,21.215814286494133,0.9880421629742486,10.136158821302587,21.215814286494133
5,6,0.0801582763347885,54.37664479595142,55.17822755929931,17.39884817795113,16.999344454647733,0.20496460503222355,11.793102323810789,16.999344454647733
5,7,14.287481103742618,44.46201300404362,187.3368240414698,13.86022498980606,8.72905717689776,0.03283995157388999,7.473955539728086,8.72905717689776
5,8,1.0277362447936935,42.51279380033306,52.790156248269994,10.960400943258088,9.529276217845842,0.004081075764271535,5.689125438002008,9.529276217845842
5,9,0.01949700656915297,1.0085383176872935,1.2035083833788232,8.62745659157676,8.43007926469783,0.0003944474190807856,0.39500365072338034,8.43007926469783
5,10,0.011975474993302506,0.6290213682324963,0.7487761181655214,6.771719124745781,6.621943679271263,2.9703356237254366e-05,0.17867652567782058,6.621943679271263
5,11,0.010344103376684254,16.57129759344158,16.674738627208423,5.30579708366527,5.172173525208064,1.7446150219024265e-06,1.081809293263258,5.172173525208064
5,12,35137.61483747779,457449.76327075966,808825.9116455376,4.152722013629521,269.205826532986,7.997722775691346e-08,269.205826532986,269.205826532986
5,13,0.0008760245702729614,0.31963944436316566,0.32839969006589526,3.248085443256918,3.267916326347766,2.8627773872263956e-09,0.13786098124540333,3.267916326347766
5,14,0.0006493339438809414,0.032492711410330825,0.03898605084914024,2.5394871616500927,2.52962480380775,8.003407560458663e-11,0.026062364321796178,2.52962480380775
5,15,0.38123027438349455,4.5049965782836265,8.317299322118572,1.9849840395898264,1.2038257422631204,1.7478205494447078e-12,0.5351423508044392,1.2038257422631204
5,16,0.039998623175610086,0.8717335013587005,1.2717197331148014,1.5513231151193096,1.2796400974955102,2.981914094434455e-14,0.056822550012728804,1.2796400974955102
5,17,0.009259909895595407,1.0997959687079155,1.1923950676638695,1.2122923680185365,1.0791855565422124,3.9746181287953722e-16,0.18478676063473384,1.0791855565422124
5,18,0.08188442783216372,0.9758693505052976,1.7947136288269347,0.9473008745475043,0.5527903375118779,4.139170173571913e-18,0.11022887956396793,0.5527903375118779
5,19,0.05744802173618836,0.16966590116237387,0.7441461185242575,0.7402076249741987,0.4718539687938575,3.3678933901296725e-20,0.06339660387675303,0.4718539687938575
5,20,0.015524923958508555,0.4508805300975519,0.6061297696826374,0.5783756532949839,0.4027654514405182,2.1410970507201e-22,0.05025790894821639,0.4027654514405182
5,21,0.02834566933770529,0.2779525243674103,0.5614092177444632,0.45191931148196796,0.21479235575039213,1.0635329537896607e-24,0.0350081822904877,0.21479235575039213
5,22,0.02289958717151003,0.1401152549712887,0.369111126686389,0.35310864809819714,0.1538790718826327,4.127663051903605e-27,0.016372472630988705,0.1538790718826327
5,23,0.01456401418280178,0.05737492735570695,0.20301506918372478,0.2759013142767159,0.1072759199803796,1.251692406084246e-29,0.008874191001706113,0.1072759199803796
5,24,0.015987722477151255,0.03539131384823454,0.1952685386197471,0.2155747371562788,0.03824132970283171,2.9657313603032164e-32,0.013214818819870968,0.03824132970283171
5,25,0.007066282228782804,0.03608946363412584,0.10675228592195388,0.16843845295653787,0.05407258826664417,5.490443365551092e-35,0.013440939298734135,0.05407258826664417
5,26,0.004949453614662973,0.016093649690016133,0.06558818583664586,0.13160854267326402,0.044119998265431115,7.941903613236137e-38,0.0030246877809030435,0.044119998265431115
5,27,0.0017218843015080303,0.027948609870691234,0.045167452885771536,0.10283162757376144,0.046857038238829044,8.976018373828387e-41,0.012011907224414557,0.046857038238829044
5,28,0.003955045147680463,0.013006851993952977,0.052557303470757606,0.08034688874830666,0.014713385222524989,7.926559258514568e-44,0.0083550965684788,0.014713385222524989
5,29,0.0010817117241062116,0.017553962437214177,0.028371079678276293,0.06277857149424129,0.02048600581187087,5.46925069334566e-47,0.011744495656268804,0.02048600581187087
5,30,0.00021185679812527392,0.01709074892993287,0.01920931691118561,0.049051646160226614,0.028787768448940904,2.9485797235512157e-50,0.007469728172976494,0.028787768448940904
5,31,0.00270847561258712,0.05752270434801011,0.0846074604738813,0.03832620997030077,0.04443156520009438,1.2420531508760914e-53,0.0068245471167297945,0.04443156520009438
5,32,0.0002116805625125869,0.007609772044500423,0.009726577669626292,0.029945938776291883,0.009376689812734523,4.087985896736657e-57,0.007347251289661809,0.009376689812734523
5,33,0.00035627218126091815,0.004123769895341108,0.007686491707950289,0.023398080102354356,0.015601401878164887,1.0512861958086046e-60,0.001462096385111079,0.015601401878164887
5,34,0.00014731722007333962,0.008559067979717408,0.010032240180450805,0.018281936868808205,0.0018101043368916095,2.1123912358439096e-64,0.004987038952712505,0.007073632777704901
5,35,0.00019356581358964607,0.025438978436991326,0.027374636572887787,0.014284483611205177,0.006263226108944178,3.3164254756163893e-68,0.014019875694668641,0.014019875694668641
5,36,0.00033697571458750906,0.008166796955610673,0.011536554101485763,0.011161085612823161,0.015157435313131682,4.0682516954017187e-72,0.0031099031404636496,0.015157435313131682
5,37,0.00022849945925768343,0.018464937327327912,0.020749931919904745,0.008720650268011516,0.01709198422756002,3.8993126034841783e-76,0.007602203871199055,0.01709198422756002
5,38,0.00021347067858208543,0.04276942380118465,0.0449041305870055,0.006813819793385616,0.014225066144284608,2.920180978341585e-80,0.007166748359479322,0.014225066144284608
5,39,0.00039695818895981073,0.10864775343054248,0.11261733532014058,0.005323940781647147,0.031131833359926194,1.708733810208657e-84,0.01803107080051655,0.031131833359926194
5,40,3.36459386885807e-05,0.08153854070872085,0.08187500009560666,0.004159822610457624,0.004679467448252535,7.812323379225454e-89,0.019625230844257435,0.019625230844257435
5,41,0.00025949817606036343,0.03223024240375902,0.03482522416436265,0.0032502562437170136,0.019638473822773148,2.7908040074387504e-93,0.01059412156295398,0.019638473822773148
5,42,0.00028707579134335426,0.04407275176935761,0.04694350968279116,0.00253956262595096,0.025945512613203655,7.789671286284821e-98,0.006181920938466484,0.025945512613203655
5,43,0.00020810947523157257,0.025841372524291518,0.027922467276607243,0.001984275856401733,0.021809774722245778,1.6988414622652328e-102,0.0031821473157256598,0.021809774722245778
5,44,7.819666034422172e-05,0.07572535850543081,0.07650732510887304,0.0015503971627889978,0.01217961623716638,2.8948528976691676e-107,0.010792877086217512,0.012253574830780111
5,45,0.00018399957702903248,0.1061325274409597,0.10797252321125003,0.0012113972708590846,0.01867935652686798,3.8542953297105736e-112,0.009578245123803526,0.01867935652686798
5,46,0.0005082499627782978,0.10119141790286086,0.10627391753064384,0.000946513654275706,0.03255810147635679,4.009611324817239e-117,0.011801577919868961,0.03255810147635679
5,47,0.00022955004425452975,0.02187846417866262,0.024173964621207918,0.000739556369191624,0.02139177995973022,3.2591608933291177e-122,0.00267927721478997,0.02139177995973022
5,48,0.0006673989075016483,0.0926713055130115,0.09934529458802799,0.0005778440128660356,0.03685958868437267,2.069885846672485e-127,0.00576798253433761,0.03685958868437267
5,49,3.63189175817959e-05,0.012802567659760995,0.013165756835578954,0.00045149838486827076,0.008203704913082258,1.0271535420220983e-132,0.0023680055966202977,0.008203704913082258
10,0,1.1194885583285282e-19,8.473186433063508e-29,1.11948855841326e-18,40.212385860203675,40.212385860210254,40.212385860203675,40.2123858602102,40.212385860210254
10,1,0.0005811907116481824,0.4616083509320388,0.4674202580485206,39.01860822557467,39.0126187878794,34.4899718687309,39.00416610118184,39.012622207644924
10,2,0.0008925868499715171,3.8929840243765255,3.901909892876241,35.76810951683773,35.81035032457369,21.836360227520203,26.271357786466883,35.81035032457369
10,3,0.0010102936029766129,0.3925503570719129,0.402653293101679,31.252265253826952,31.22566985447022,10.29606070808591,11.52262783659385,31.22566985447022
10,4,0.08156776797323612,52.333188997864006,53.14886667759637,26.31894796557784,25.915047562086666,3.655994885024816,25.914534603102837,25.915047562086666
10,5,0.007257080185276687,4.594831068613687,4.667401870466454,21.589810521465168,21.501269563969785,0.9880421629742486,5.380674875869327,21.501269563969785
10,6,0.04705001857036608,27.088970453735055,27.559470639438715,17.39884817795113,17.696662957965138,0.20496460503222355,8.221457660579402,17.696662957965138
10,7,0.2043298712521971,19.617205084273845,21.660503796795815,13.86022498980606,13.486623829531414,0.03283995157388999,2.325047413354747,13.486623829531414
10,8,0.0020290879969778624,0.9311043527260481,0.9513952326958267,10.960400943258088,10.927306202845164,0.004081075764271535,0.346194866523466,10.927306202845164
10,9,0.0001578619361641795,0.053682695623386234,0.05526131498502803,8.62745659157676,8.618198948915852,0.0003944474190807856,0.0791498646215855,8.618198948915852
10,10,0.0004361495696277629,0.020739082155099644,0.025100577851377273,6.771719124745781,6.790531281518043,2.9703356237254366e-05,0.0041955890207532286,6.790531281518043
10,11,0.0001879397919433999,0.21352954463192517,0.21540894255135917,5.30579708366527,5.286486624405399,1.7446150219024265e-06,0.04011025992426406,5.286486624405399
10,12,2.684711036275235,21.266354793776546,48.113465156528896,4.152722013629521,1.8355206687847385,7.997722775691346e-08,1.8355206687847385,1.8355206687847385
10,13,5.387761448070005e-06,0.01209367073308538,0.01214754834756608,3.248085443256918,3.245472017688903,2.8627773872263956e-09,0.009340272529805288,3.245472017688903
10,14,3.903846416075193e-05,0.003864041575122174,0.004254426216729694,2.5394871616500927,2.540026189491711,8.003407560458663e-11,0.005036259502166751,2.540026189491711
10,15,5.536897646801217e-06,0.0034552672817436724,0.0035106362582116844,1.9849840395898264,1.9845437382378084,1.7478205494447078e-12,0.00790031411845639,1.9845437382378084
10,16,5.6860998674371316e-05,0.02369389093820998,0.024262500924953693,1.5513231151193096,1.5498610843846308,2.981914094434455e-14,0.03188520222559485,1.5498610843846308
10,17,8.751186285694542e-06,0.0048867073205383525,0.004974219183395298,1.2122923680185365,1.2160227070106615,3.9746181287953722e-16,0.007285270589140622,1.2160227070106615
10,18,0.002972191199802624,0.5644154477507942,0.5941373597488204,0.9473008745475043,0.9164628877731299,4.139170173571913e-18,0.09023895291289209,0.9164628877731299
10,19,0.00258036214197829,0.026410779642890278,0.05221440106267318,0.7402076249741987,0.6689136317037542,3.3678933901296725e-20,0.0344029360985797,0.6689136317037542
10,20,0.016447284553455316,0.30755982250588476,0.4720326680404379,0.5783756532949839,0.40316175261522946,2.1410970507201e-22,0.017703660065030134,0.40316175261522946
10,21,0.7304074498221229,67.46126956498651,74.76534406320773,0.45191931148196796,1.6376434040536179,1.0635329537896607e-24,1.388442902651113,1.6376434040536179
10,22,0.004582116284969897,0.048711781176568686,0.09453294402626766,0.35310864809819714,0.25779745633104656,4.127663051903605e-27,0.009284898824575187,0.25779745633104656
10,23,0.008603705876633984,0.06561538837713626,0.1516524471434761,0.2759013142767159,0.1522532605205478,1.251692406084246e-29,0.009614363564314611,0.1522532605205478
10,24,0.010691606865843308,0.05294118625561881,0.1598572549140519,0.2155747371562788,0.07099660424798723,2.9657313603032164e-32,0.012322899103471249,0.07099660424798723
10,25,0.005982077659163521,0.027003327619130813,0.08682410421076603,0.16843845295653787,0.06198574179580744,5.490443365551092e-35,0.002693686238412611,0.06198574179580744
10,26,0.0028265526846919923,0.017028801898058932,0.04529432874497885,0.13160854267326402,0.05651884320206594,7.941903613236137e-38,0.008259207246477563,0.05651884320206594
10,27,0.00260368409390166,0.009749360574581695,0.03578620151359829,0.10283162757376144,0.031020779497938356,8.976018373828387e-41,0.003389891107186932,0.031020779497938356
10,28,0.001727140660127043,0.00751733835860461,0.02478874495987504,0.08034688874830666,0.021975615409102936,7.926559258514568e-44,0.00526172526644213,0.021975615409102936
10,29,0.0009029137613314203,0.004385614080990241,0.013414751694304443,0.06277857149424129,0.021191635239383343,5.46925069334566e-47,0.004623650410460682,0.021191635239383343
10,30,0.0006259723525701868,0.0020487621267025725,0.00830848565240444,0.049051646160226614,0.013705930285457878,2.9485797235512157e-50,0.0011217160139899993,0.013705930285457878
10,31,0.0005846131908712101,0.004089405401905091,0.009935537310617193,0.03832620997030077,0.004285150516027861,1.2420531508760914e-53,0.002490987803863058,0.008086133858496204
10,32,0.0003555966968216028,0.0016197892157815649,0.005175756183997593,0.029945938776291883,0.003357716589059539,4.087985896736657e-57,0.003819534664551091,0.003819534664551091
10,33,0.0002472195159965145,0.000834772929964652,0.003306968089929797,0.023398080102354356,0.004546922087366493,1.0512861958086046e-60,0.0013241906234490234,0.004546922087366493
10,34,0.0001902834549461125,0.0011636404073613305,0.0030664749568224555,0.018281936868808205,0.008000633235509192,2.1123912358439096e-64,0.0012303429435366656,0.008000633235509192
10,35,6.508305851312863e-05,0.0006114029327294211,0.0012622335178607074,0.014284483611205177,0.003905583675303713,3.3164254756163893e-68,0.0014705760477077851,0.003905583675303713
10,36,9.16154743840755e-05,0.0012138674842100605,0.0021300222280508157,0.011161085612823161,0.004908292363695385,4.0682516954017187e-72,0.0027966534344555246,0.004908292363695385
10,37,0.00013580940811696365,0.002838976703951241,0.004197070785120877,0.008720650268011516,0.007967880273680393,3.8993126034841783e-76,0.001968459627218899,0.007967880273680393
10,38,6.322310716177794e-06,0.002343379714797868,0.002406602821959646,0.006813819793385616,0.0059017767789474335,2.920180978341585e-80,0.0037191687593540203,0.0059017767789474335
10,39,2.1972925724858728e-06,0.0012665915231716738,0.0012885644488965324,0.005323940781647147,0.0071889867705502,1.708733810208657e-84,0.0011974446045794696,0.0071889867705502
10,40,1.1767065039925828e-05,0.0004382579550160214,0.0005559286054152797,0.004159822610457624,0.001000186921063072,7.812323379225454e-89,0.0005719717413801298,0.0014352318564853266
10,41,0.0001302931621685594,0.007966991937922831,0.009269923559608425,0.0032502562437170136,0.013090511798760085,2.7908040074387504e-93,0.0036136805528092716,0.013090511798760085
10,42,4.900036317078072e-06,0.002788063594511013,0.0028370639576817936,0.00253956262595096,0.0016552303284289283,7.789671286284821e-98,0.00245554106855391,0.002759221651489228
10,43,1.0156608629658103e-05,0.001874246942769654,0.001975813029066235,0.001984275856401733,0.00616565907874283,1.6988414622652328e-102,0.0006167992572215008,0.00616565907874283
10,44,1.8814019611515553e-05,0.0018498679364921467,0.0020380081326073023,0.0015503971627889978,0.005918138652264852,2.8948528976691676e-107,0.0011145401173640018,0.005918138652264852
10,45,1.12197846124911e-05,0.0008051128500932658,0.0009173106962181768,0.0012113972708590846,0.004450338191529568,3.8542953297105736e-112,0.0003223551264287094,0.004450338191529568
10,46,0.00017312537522343654,0.031214605821438767,0.03294585957367313,0.000946513654275706,0.018223568642809395,4.009611324817239e-117,0.006132567931331729,0.018223568642809395
10,47,1.0267816066143807e-05,0.0014493015311386477,0.0015519796918000857,0.000739556369191624,0.004450481076146358,3.2591608933291177e-122,0.0008129582738726717,0.004450481076146358
10,48,2.3279147830405827e-05,0.0056024905016411304,0.005835281979945189,0.0005778440128660356,0.007198902595202075,2.069885846672485e-127,0.0029510025921813516,0.007198902595202075
10,49,2.411342261822102e-07,0.00099967581767178,0.001002087159933602,0.00045149838486827076,0.0010854491148906099,1.0271535420220983e-132,0.001139848740770013,0.001139848740770013
15,0,1.1194885583285282e-19,8.473186433063508e-29,1.11948855841326e-18,40.212385860203675,40.212385860210254,40.212385860203675,40.2123858602102,40.212385860210254
15,1,1.1557220348122452e-05,0.27571639492343347,0.2758319671269147,39.01860822557467,39.01382865117485,34.4899718687309,37.68032119515846,39.01382865117485
15,2,23180.481157832553,2044.2180013377374,233849.02957966327,35.76810951683773,179.5618140029698,21.836360227520203,179.56181408766182,179.56181634453026
15,3,3.133358715421538e-08,0.025145285849561737,0.025145599185433277,31.252265253826952,31.252040937557286,10.29606070808591,10.392808420675921,31.252040937557286
15,4,0.08156781077490002,52.33314525986655,53.14882336761555,26.31894796557784,25.915047456116156,3.655994885024816,25.91452271597501,25.915047456116156
15,5,0.004560334546474241,0.8069264368785153,0.8525297823432577,21.589810521465168,21.546728485850167,0.9880421629742486,2.221563368160021,21.546728485850167
15,6,0.00022165526878510584,0.6712480665589067,0.6734646192467577,17.39884817795113,17.381096886678954,0.20496460503222355,0.9888579622892895,17.381096886678954
15,7,0.17809207598619925,2.7048080207854763,4.485728780647468,13.86022498980606,13.263514291436138,0.03283995157388999,1.3260653294917502,13.263514291436138
15,8,0.016414670008672742,0.11698539403077092,0.28113209411749834,10.960400943258088,11.052892670895458,0.004081075764271535,0.19293597885295577,11.052892670895458
15,9,4.443229599072474e-06,0.007272852700274949,0.0073172849962656735,8.62745659157676,8.626312027980978,0.0003944474190807856,0.009825816418020389,8.626312027980978
15,10,0.00017906412391972324,0.009217949349814257,0.01100859058901149,6.771719124745781,6.752847327039631,2.9703356237254366e-05,0.03611525804580512,6.752847327039631
15,11,2.612753813911146e-05,0.022648237302340654,0.02290951268373177,5.30579708366527,5.312577364965542,1.7446150219024265e-06,0.053461995731260564,5.312577364965542
15,12,2.684711036275235,21.266354793776546,48.113465156528896,4.152722013629521,1.8355206687847385,7.997722775691346e-08,1.8355206687847385,1.8355206687847385
15,13,1.4158087237520929e-05,0.005966698531432623,0.006108279403807832,3.248085443256918,3.245265062356425,2.8627773872263956e-09,0.003608452095558772,3.245265062356425
15,14,4.957545354491612e-06,0.002629939491927505,0.0026795149454724213,2.5394871616500927,2.539727980832255,8.003407560458663e-11,0.0015533154954574012,2.539727980832255
15,15,2.648334868297685e-06,0.0008889600105603044,0.0009154433592432812,1.9849840395898264,1.9855152181104327,1.7478205494447078e-12,0.0025061338318867407,1.9855152181104327
15,16,9.644755357040826e-08,0.0007075983378943943,0.0007085628134300984,1.5513231151193096,1.5512051310124952,2.981914094434455e-14,0.005537912529702214,1.5512051310124952
15,17,8.103057993768895e-07,0.0021561670648136,0.0021642701228073687,1.2122923680185365,1.2124320238015593,3.9746181287953722e-16,0.00506534769313024,1.2124320238015593
15,18,0.000835260803051746,0.02080902995067202,0.02916163798118948,0.9473008745475043,0.9302222804033917,4.139170173571913e-18,0.02215210810876475,0.9302222804033917
15,19,3.2492067425024e-05,0.0032663678891286176,0.0035912885633788577,0.7402076249741987,0.7324552680982723,3.3678933901296725e-20,0.004587762715493997,0.7324552680982723
15,20,0.0014583173104363739,0.12132528722359615,0.1359084603279599,0.5783756532949839,0.5252290517885994,2.1410970507201e-22,0.033469117013228786,0.5252290517885994
15,21,0.03006727806889337,0.24210142573066273,0.5427742064195964,0.45191931148196796,0.22811358370277576,1.0635329537896607e-24,0.023652232649647966,0.22811358370277576
15,22,3.1982371234794658e-06,0.0018949669118619621,0.0019269492830967568,0.35310864809819714,0.3517050140676743,4.127663051903605e-27,0.0037097350965888867,0.3517050140676743
15,23,0.0013078874366157084,0.07482027425189994,0.08789914861805702,0.2759013142767159,0.2250554850115871,1.251692406084246e-29,0.028977010018351484,0.2250554850115871
15,24,0.004661475756977608,0.07048183923584775,0.11709659680562383,0.2155747371562788,0.11914100099752968,2.9657313603032164e-32,0.010300143722843413,0.11914100099752968
15,25,0.0029827163949907643,0.04538793199307802,0.07521509594298567,0.16843845295653787,0.0948353743492639,5.490443365551092e-35,0.0093116495933376,0.0948353743492639
15,26,0.0017688312378544768,0.02462969915774628,0.04231801153629105,0.13160854267326402,0.07282387240032549,7.941903613236137e-38,0.00966330353752502,0.07282387240032549
15,27,0.0017521428261984347,0.013265132471824979,0.030786560733809323,0.10283162757376144,0.04569345596123871,8.976018373828387e-41,0.002989429040267339,0.04569345596123871
15,28,0.0007840304189029695,0.010941469168606213,0.01878177335763591,0.08034688874830666,0.0410220871977807,7.926559258514568e-44,0.0035284777013530415,0.0410220871977807
15,29,0.0007094480927935439,0.0046034859673663225,0.01169796689530176,0.06277857149424129,0.02511515906635591,5.46925069334566e-47,0.002140866520979681,0.02511515906635591
15,30,0.0005631378784876989,0.0024299057431661723,0.008061284528043161,0.049051646160226614,0.015561024652537066,2.9485797235512157e-50,0.0017316584085798903,0.015561024652537066
15,31,0.0004000010474258665,0.0031771489148218696,0.007177159389080535,0.03832620997030077,0.010322955196167157,1.2420531508760914e-53,0.00046472352256412663,0.010461118912038587
15,32,0.00034326471288258014,0.0010502623777540233,0.004482909506579824,0.029945938776291883,0.0052823100701746345,4.087985896736657e-57,0.001045202848547118,0.0052823100701746345
15,33,0.00020070934595003563,0.0007271435963105941,0.0027342370558109505,0.023398080102354356,0.005205931838886461,1.0512861958086046e-60,0.001042719308073638,0.005205931838886461
15,34,0.0001450787821133454,0.0006304766830344305,0.0020812645041678847,0.018281936868808205,0.0044568142860671,2.1123912358439096e-64,0.001140340334647742,0.0044568142860671
15,35,7.553733874033406e-05,0.0003406412973029629,0.0010960146847063036,0.014284483611205177,0.0023473173870288914,3.3164254756163893e-68,0.0018385697473944785,0.0023473173870288914
15,36,4.503257381911592e-05,0.00026053193836251203,0.0007108576765536712,0.011161085612823161,0.0021183083567338024,4.0682516954017187e-72,0.0014713355261037995,0.0021183083567338024
15,37,6.220925683794924e-05,0.00027705800931300366,0.0008991505776924961,0.008720650268011516,0.002789890869474424,3.8993126034841783e-76,0.0003131083097610334,0.002789890869474424
15,38,1.022998657906294e-06,0.001100040691247446,0.001110270677826509,0.006813819793385616,0.006280795697887274,2.920180978341585e-80,0.003235519576959845,0.006280795697887274
15,39,4.8275544210723975e-06,0.0002585043649988642,0.0003067799092095882,0.005323940781647147,0.0033236375436073886,1.708733810208657e-84,0.0008033816437615538,0.0033236375436073886
15,40,4.534924075851129e-06,8.66283655607179e-05,0.00013197760631922917,0.004159822610457624,0.0014537950821559393,7.812323379225454e-89,0.00046203489114301653,0.0014537950821559393
15,41,7.70829575852587e-05,0.0035022756195620132,0.0042731051954146,0.0032502562437170136,0.009185246239534197,2.7908040074387504e-93,0.0020973633345833494,0.009185246239534197
15,42,4.276919338135425e-06,0.0009238000045471315,0.0009665691979284857,0.00253956262595096,0.0033852280362997966,7.789671286284821e-98,0.0010443912334377275,0.0033852280362997966
15,43,7.78092029600099e-07,6.198210111464022e-05,6.976302141064122e-05,0.001984275856401733,0.0007393326661598527,1.6988414622652328e-102,0.00040259709195874046,0.0007393326661598527
15,44,5.04829016991846e-06,0.0009792169410276633,0.001029699842726848,0.0015503971627889978,0.0035972508272249537,2.8948528976691676e-107,0.0017780654341311836,0.0035972508272249537
15,45,4.0785152044036e-06,0.0003183843170350012,0.00035916946907903717,0.0012113972708590846,0.002611216833014413,3.8542953297105736e-112,0.00035869963179332613,0.002611216833014413
15,46,7.784787681146508e-06,0.0008917088137745055,0.0009695566905859706,0.000946513654275706,0.004132361973897498,4.009611324817239e-117,0.0009783373377202512,0.004132361973897498
15,47,9.0560421974853e-06,0.0003780224180228346,0.0004685828399976876,0.000739556369191624,0.004629539540900814,3.2591608933291177e-122,0.000274061336783182,0.004629539540900814
15,48,2.0743997049415904e-06,0.0008793955933248056,0.0009001395903742215,0.0005778440128660356,0.002403899969324324,2.069885846672485e-127,0.00020228323444533358,0.002403899969324324
15,49,8.24839400004057e-07,0.0005827127474688767,0.0005909611414689173,0.00045149838486827076,0.001063342941319894,1.0271535420220983e-132,0.0009346787834207673,0.001063342941319894
20,0,1.1194885583285282e-19,8.473186433063508e-29,1.11948855841326e-18,40.212385860203675,40.212385860210254,40.212385860203675,40.2123858602102,40.212385860210254
20,1,0.0024670654333078597,0.1667422469418756,0.1914129012749542,39.01860822557467,39.07150340664558,34.4899718687309,36.949460298784,39.07150340664558
20,2,73667284347.5137,2950802494.3431034,739623645969.4801,35.76810951683773,383809.1939152253,21.836360227520203,1002626.0268298107,1002626.0268298107
20,3,2.16457147510913e-07,0.00556477594952613,0.005566940521001239,31.252265253826952,31.25181329048027,10.29606070808591,10.317158714677717,31.25181329048027
20,4,0.08156785498568533,52.333099833907426,53.14877838376428,26.31894796557784,25.915047346656912,3.655994885024816,25.914510362493573,25.915047346656912
20,5,1.4483220795494494e-05,0.1275144051404588,0.12765923734841375,21.589810521465168,21.587139940808317,0.9880421629742486,1.123637656527244,21.587139940808317
20,6,3.88577072206086e-05,0.06144713219531462,0.06183570926752071,17.39884817795113,17.39555751535087,0.20496460503222355,0.11864581136903996,17.39555751535087
20,7,0.002316397557171154,1.2810565056726775,1.304220481244389,13.86022498980606,13.79962354713862,0.03283995157388999,0.8716737087691107,13.79962354713862
20,8,1.9494440187321943e-05,0.011073097981210183,0.011268042383083402,10.960400943258088,10.957470891449258,0.004081075764271535,0.04168011541740079,10.957470891449258
20,9,3.1715342296100776e-06,0.002640483393521082,0.0026721987358171826,8.62745659157676,8.627958646171143,0.0003944474190807856,0.011190824280033344,8.627958646171143
20,10,6.118590285429094e-07,0.005104947389067518,0.005111065979352947,6.771719124745781,6.7726454719033,2.9703356237254366e-05,0.02776702715438898,6.7726454719033
20,11,2.2604532929879935,15.895716422421891,38.50024935230182,5.30579708366527,3.2000782176275564,1.7446150219024265e-06,1.9049631503744278,3.2000782176275564
20,12,2.684711036275235,21.266354793776546,48.113465156528896,4.152722013629521,1.8355206687847385,7.997722775691346e-08,1.8355206687847385,1.8355206687847385
20,13,2.635339195915913e-07,0.0016046459814918397,0.0016072813206877555,3.248085443256918,3.2474381142741238,2.8627773872263956e-09,0.005020287075274259,3.2474381142741238
20,14,7.69184125148635e-08,0.0007930748405147979,0.0007938440246399466,2.5394871616500927,2.5390990672450213,8.003407560458663e-11,0.005255296583015621,2.5390990672450213
20,15,1.292800749932453e-09,0.0005274163835300321,0.0005274293115375315,1.9849840395898264,1.9849571870349618,1.7478205494447078e-12,0.0015121741979087294,1.9849571870349618
20,16,1.5054935485712527e-06,0.00015093238299399177,0.0001659873184797043,1.5513231151193096,1.5530061759730434,2.981914094434455e-14,0.0022480542698568337,1.5530061759730434
20,17,1.9688182112565466e-06,0.0012633229082758598,0.0012830110903884252,1.2122923680185365,1.2103954115658342,3.9746181287953722e-16,0.006942664490699451,1.2103954115658342
20,18,5.842395182263824e-05,0.0025726298211622804,0.0031568693393886627,0.9473008745475043,0.9490243680767583,4.139170173571913e-18,0.007045208321489532,0.9490243680767583
20,19,1.4588041535106456e-07,0.0007629667519465554,0.0007644255561000661,0.7402076249741987,0.7401578737926287,3.3678933901296725e-20,0.0020674986129055693,0.7401578737926287
20,20,0.0006117689736865749,0.07908697420731993,0.08520466394418567,0.5783756532949839,0.5483315413669372,2.1410970507201e-22,0.0368186927656594,0.5483315413669372
20,21,0.004530510847394398,0.10628068676351952,0.15158579523746352,0.45191931148196796,0.371217412938492,1.0635329537896607e-24,0.048036159541553075,0.371217412938492
20,22,1.0132305659089663e-05,0.0009760252855515734,0.00107734834214247,0.35310864809819714,0.3530948772171122,4.127663051903605e-27,0.003872815882101613,0.3530948772171122
20,23,0.0007456610854594529,0.04904608678991467,0.0565026976445092,0.2759013142767159,0.23766625875504369,1.251692406084246e-29,0.021461221158543136,0.23766625875504369
20,24,0.0023596341843131613,0.0374246150821376,0.06102095692526921,0.2155747371562788,0.14712167887390973,2.9657313603032164e-32,0.011135664139936675,0.14712167887390973
20,25,0.0017939120476121182,0.028969279530919573,0.04690840000704075,0.16843845295653787,0.10863492189802763,5.490443365551092e-35,0.0022094739067378905,0.10863492189802763
20,26,0.001567943893663532,0.016646686660794576,0.032326125597429894,0.13160854267326402,0.07625247084940069,7.941903613236137e-38,0.007810757653029875,0.07625247084940069
20,27,0.001818616836648545,0.00957350999444668,0.027759678360932127,0.10283162757376144,0.046371330190080585,8.976018373828387e-41,0.0021660446940019343,0.046371330190080585
20,28,0.0006669456964333128,0.008238027419684447,0.014907484384017575,0.08034688874830666,0.04436600672468304,7.926559258514568e-44,0.0039009449201503443,0.04436600672468304
20,29,0.00041604717968122233,0.006118713678590272,0.010279185475402495,0.06277857149424129,0.0341214569896321,5.46925069334566e-47,0.0005490457598721672,0.0341214569896321
20,30,0.0004571766628659188,0.0030983151917035796,0.007670081820362768,0.049051646160226614,0.018822224590635803,2.9485797235512157e-50,0.00401490101694865,0.018822224590635803
20,31,0.00037312855514445663,0.0014976435464983502,0.005228929097942916,0.03832620997030077,0.011252652821317367,1.2420531508760914e-53,0.00041432037380047726,0.011252652821317367
20,32,0.00026323684898773306,0.0013281743395980854,0.003960542829475416,0.029945938776291883,0.007289953117183475,4.087985896736657e-57,0.0024612605823737007,0.007289953117183475
20,33,0.000123400768203062,0.0005537926622089617,0.0017878003442395817,0.023398080102354356,0.0077640194474718465,1.0512861958086046e-60,0.0006638378448525807,0.0077640194474718465
20,34,0.0001245585012878935,0.0005907126719164458,0.0018362976847953807,0.018281936868808205,0.003064706926087152,2.1123912358439096e-64,0.001513685212020208,0.003124069778915695
20,35,7.583278923308722e-05,0.00010814225147253489,0.0008664701438034072,0.014284483611205177,0.0020442990544630234,3.3164254756163893e-68,0.00044871950742761,0.0020442990544630234
20,36,4.200042782440053e-05,0.00020896810532201573,0.000628972383566021,0.011161085612823161,0.002815803066771588,4.0682516954017187e-72,0.0008678273615197936,0.002815803066771588
20,37,4.022733656025694e-05,0.00013903166183289756,0.0005413050274354669,0.008720650268011516,0.0006999982898882899,3.8993126034841783e-76,0.0008692572627380816,0.0010023467168822177
20,38,1.9821316212636185e-06,0.0006885362827837485,0.0007083575989963847,0.006813819793385616,0.007063274502635968,2.920180978341585e-80,0.0015303040904067415,0.007063274502635968
20,39,6.413016518786789e-06,0.00017431242643512295,0.00023844259162299084,0.005323940781647147,0.002061960057208137,1.708733810208657e-84,0.0008170688469815375,0.002061960057208137
20,40,2.5617051875439923e-06,5.184914866497442e-05,7.746620054041435e-05,0.004159822610457624,0.002107128549044474,7.812323379225454e-89,0.0004925657885554303,0.002107128549044474
20,41,5.025067980850029e-06,6.447948586723585e-05,0.00011473016567573613,0.0032502562437170136,0.00025194565782074953,2.7908040074387504e-93,0.0003610807789602175,0.0004655877821288831
20,42,9.049043526599191e-06,0.0004898202936921254,0.0005803107289581173,0.00253956262595096,0.0039404840413210535,7.789671286284821e-98,0.0009026422272259755,0.0039404840413210535
20,43,1.1887543706414248e-06,3.0043892857998426e-05,4.1931436564412674e-05,0.001984275856401733,0.0009221232946832424,1.6988414622652328e-102,0.0003307512060562757,0.0009221232946832424
20,44,9.036370955267357e-07,0.0003792105070595192,0.00038824687801478655,0.0015503971627889978,0.0021027477559252246,2.8948528976691676e-107,0.0011526407688784034,0.0021027477559252246
20,45,1.8630155715275957e-06,0.00018785827050227317,0.00020648842621754913,0.0012113972708590846,0.0017621973540018435,3.8542953297105736e-112,0.0005594344903685917,0.0017621973540018435
20,46,1.498332225243904e-05,0.0006028294482077019,0.0007526626707320923,0.000946513654275706,0.005651120217491034,4.009611324817239e-117,0.0005907628184119766,0.005651120217491034
20,47,6.972423890663691e-07,0.00010957464974542881,0.0001165470736360925,0.000739556369191624,0.001745903061622547,3.2591608933291177e-122,0.0005248169610024311,0.001745903061622547
20,48,1.537313005882642e-07,2.8166715822652754e-05,2.9704028828535396e-05,0.0005778440128660356,0.0010991050456691184,2.069885846672485e-127,2.9969422313111565e-05,0.0010991050456691184
20,49,1.1545378071363377e-07,3.005750788921404e-05,3.1212045696350375e-05,0.00045149838486827076,0.0006854155009422704,1.0271535420220983e-132,0.0001410939423200266,0.0006854155009422704
25,0,1.1194885583285282e-19,8.473186433063508e-29,1.11948855841326e-18,40.212385860203675,40.212385860210254,40.212385860203675,40.2123858602102,40.212385860210254
25,1,0.00021567872034315924,0.1169757044672909,0.1191324916707225,39.01860822557467,39.027136154640345,34.4899718687309,36.39164106530848,39.027136154640345
25,2,7884144.618393309,120252012.7013542,199093458.88528728,35.76810951683773,3938.313062613778,21.836360227520203,210889.14504716458,210889.14504716458
25,3,4.3610285437831464e-07,0.0026900980165735465,0.0026944590451173298,31.252265253826952,31.252993998992388,10.29606070808591,10.304307398816945,31.252993998992388
25,4,0.0815679006805294,52.33305261911316,53.14873162591846,26.31894796557784,25.915047233523403,3.655994885024816,25.914497514485035,25.915047233523403
25,5,4.4507514104568865e-05,0.10252918391488476,0.10297425905593045,21.589810521465168,21.58039763714528,0.9880421629742486,1.016425115854543,21.58039763714528
25,6,7.963221252389698e-07,0.008540412290270206,0.008548375511522596,17.39884817795113,17.399452435101832,0.20496460503222355,0.19607172359297745,17.399452435101832
25,7,0.009293997242747876,0.38757403991480177,0.4805140123422805,13.86022498980606,13.731890054870778,0.03283995157388999,0.5960259695685398,13.731890054870778
25,8,2.0004332204298599e-07,0.0038064697981691864,0.0038084702313896162,10.960400943258088,10.960000895819789,0.004081075764271535,0.038800589969899636,10.960000895819789
25,9,6.287876245785426e-07,0.0014755700368227953,0.0014818579130685806,8.62745659157676,8.626335627991324,0.0003944474190807856,0.014309344578303579,8.626335627991324
25,10,4.883412058987509e-06,0.0020795039907681684,0.0021283381113580435,6.771719124745781,6.774240561569445,2.9703356237254366e-05,0.022725896155800382,6.774240561569445
25,11,1.2813257054492655e-07,0.004795595127243921,0.00479687645294937,5.30579708366527,5.30537090408565,1.7446150219024265e-06,0.02627554535901937,5.30537090408565
25,12,2.684711036275235,21.266354793776546,48.113465156528896,4.152722013629521,1.8355206687847385,7.997722775691346e-08,1.8355206687847385,1.8355206687847385
25,13,4.664477986238538e-07,0.0003884388752982086,0.0003931033532844471,3.248085443256918,3.2486171141936206,2.8627773872263956e-09,0.0015286223020175094,3.2486171141936206
25,14,2.134922939041862e-06,0.0005804330568229392,0.0006017822862133578,2.5394871616500927,2.541539795076077,8.003407560458663e-11,0.004524854980274484,2.541539795076077
25,15,1.6646225390091318e-07,0.00039498754472984247,0.0003966521672688516,1.9849840395898264,1.9854233124192573,1.7478205494447078e-12,0.0006175345461037153,1.9854233124192573
25,16,2.546253611057442e-10,7.078036904007761e-05,7.078291529368867e-05,1.5513231151193096,1.5513012059693008,2.981914094434455e-14,0.000472908035583739,1.5513012059693008
25,17,5.85064617895462e-07,0.00031515323174867964,0.0003210038779276343,1.2122923680185365,1.2113122562183094,3.9746181287953722e-16,0.0016710037409873103,1.2113122562183094
25,18,9.875069284147082e-07,0.00016614546526543314,0.00017602053454958023,0.9473008745475043,0.9459977651051389,4.139170173571913e-18,0.00199937929580942,0.9459977651051389
25,19,8.837557622863371e-06,0.0003035990363723572,0.0003919746126009909,0.7402076249741987,0.7431366212264515,3.3678933901296725e-20,0.0013943933285402695,0.7431366212264515
25,20,5.752894656216907e-06,0.004000858644902343,0.004058387591464512,0.5783756532949839,0.5750052458834399,2.1410970507201e-22,0.0223542092563887,0.5750052458834399
25,21,8.598965752437789e-05,0.02910751046409853,0.02996740703934231,0.45191931148196796,0.4648733605519381,1.0635329537896607e-24,0.016505027247992462,0.4648733605519381
25,22,3.930264988314455e-07,0.00045123060454894454,0.000455160869537259,0.35310864809819714,0.3530238309297397,4.127663051903605e-27,0.0035393175163204635,0.3530238309297397
25,23,0.00021033148898446795,0.018098326675572006,0.020201641565416685,0.2759013142767159,0.2556797718244016,1.251692406084246e-29,0.0027102457621808315,0.2556797718244016
25,24,0.0014669440558490697,0.04198876448631537,0.056658205044806065,0.2155747371562788,0.16163017474997254,2.9657313603032164e-32,0.013184897165217669,0.16163017474997254
25,25,4.8566027400962625e-05,0.0865816443696959,0.08706730464370552,0.16843845295653787,0.16771989232584292,5.490443365551092e-35,0.030038405039694575,0.16771989232584292
25,26,0.0017968712446819462,0.01451876845753231,0.03248748090435177,0.13160854267326402,0.07318074470842482,7.941903613236137e-38,0.006374318182124927,0.07318074470842482
25,27,0.0011029982511466187,0.012232427665280592,0.023262410176746778,0.10283162757376144,0.06555755631438852,8.976018373828387e-41,0.005485256786466273,0.06555755631438852
25,28,0.0007619172519233894,0.006817850752123073,0.014437023271356967,0.08034688874830666,0.04141034360808277,7.926559258514568e-44,0.002804504252811318,0.04141034360808277
25,29,0.0004417113185176419,0.004114568906851743,0.008531682092028162,0.06277857149424129,0.033241411321351305,5.46925069334566e-47,0.001940473206483863,0.033241411321351305
25,30,0.00040177284634066194,0.0032346517292994254,0.007252380192706045,0.049051646160226614,0.02072716042751865,2.9485797235512157e-50,0.0033690960513782274,0.02072716042751865
25,31,0.0003657319151154847,0.0012809020196701292,0.004938221170824976,0.03832620997030077,0.011379865046382635,1.2420531508760914e-53,0.0004864778553577032,0.011379865046382635
25,32,0.0001437364928971617,0.025076438606850347,0.026513803535821966,0.029945938776291883,0.0159653260806146,4.087985896736657e-57,0.008878665736611493,0.0159653260806146
25,33,0.0001308751923990454,0.00044277722303684376,0.0017515291470272978,0.023398080102354356,0.007417086873346046,1.0512861958086046e-60,0.0006749361877765209,0.007417086873346046
25,34,0.00010780835856554822,0.00024084105326930346,0.0013189246389247854,0.018281936868808205,0.0036006425351650813,2.1123912358439096e-64,0.00034290188332652667,0.0036006425351650813
25,35,7.154899886311402e-05,0.0001341647889343192,0.0008496547775654594,0.014284483611205177,0.002343004520928857,3.3164254756163893e-68,0.00034998363734838387,0.002343004520928857
25,36,3.960648017777458e-05,0.00015264435594449083,0.0005487091577222366,0.011161085612823161,0.003612006381428429,4.0682516954017187e-72,0.0002866394052448008,0.003612006381428429
25,37,1.8263098848333067e-05,9.23195866254296e-05,0.00027495057510876024,0.008720650268011516,0.002825265355049217,3.8993126034841783e-76,0.0002755069571068827,0.002825265355049217
25,38,7.17234612814973e-06,0.0003368069411155407,0.000408530402397038,0.006813819793385616,0.0051260997178293214,2.920180978341585e-80,0.0012839668841937574,0.0051260997178293214
25,39,7.930116509547368e-06,2.3329378063173784e-05,0.00010263054315864747,0.005323940781647147,0.0013826506342923925,1.708733810208657e-84,5.3881657864862095e-05,0.0013826506342923925
25,40,2.0689420342701696e-06,3.871029872017041e-05,5.939971906287211e-05,0.004159822610457624,0.0022842699105480135,7.812323379225454e-89,0.00012051057835637876,0.0022842699105480135
25,41,5.579618033749492e-06,2.789040005587767e-05,8.368658039337259e-05,0.0032502562437170136,0.0008294016010495127,2.7908040074387504e-93,0.00021582724332111364,0.0008294016010495127
25,42,2.0017603012072104e-06,2.2433173430426623e-05,4.245077644249873e-05,0.00253956262595096,0.0009849863512487865,7.789671286284821e-98,0.00020522561278834067,0.0009849863512487865
25,43,1.356780865577032e-06,2.0122231594354827e-05,3.3690040250125143e-05,0.001984275856401733,0.000680227437177505,1.6988414622652328e-102,0.00019648714524625387,0.000680227437177505
25,44,5.975328304075402e-07,0.0003388177176594197,0.0003447930459634951,0.0015503971627889978,0.0017679076514906706,2.8948528976691676e-107,0.0011319150889685817,0.0017679076514906706
25,45,6.593159756830491e-07,0.00011745984153324867,0.00012405300129007915,0.0012113972708590846,0.0015973962932788854,3.8542953297105736e-112,0.0003326800460813207,0.0015973962932788854
25,46,8.117124527806917e-06,0.00019846632545120424,0.0002796375707292734,0.000946513654275706,0.0042005029336620045,4.009611324817239e-117,9.604219946864837e-05,0.0042005029336620045
25,47,9.162170199481658e-07,0.00010265502278258613,0.00011181719298206779,0.000739556369191624,0.0018804182212332494,3.2591608933291177e-122,0.00048791113164302737,0.0018804182212332494
25,48,1.2733698404760584e-07,2.3759401737257153e-05,2.503277157773321e-05,0.0005778440128660356,0.0009973479784704414,2.069885846672485e-127,7.271845213976362e-05,0.0009973479784704414
25,49,1.298537096731972e-07,9.021015342382979e-06,1.031955243911495e-05,0.00045149838486827076,0.0008590293691759489,1.0271535420220983e-132,8.205702584816747e-05,0.0008590293691759489
30,0,1.1194885583285282e-19,8.473186433063508e-29,1.11948855841326e-18,40.212385860203675,40.212385860210254,40.212385860203675,40.2123858602102,40.212385860210254
30,1,0.00010447361690814825,0.0506772108823429,0.05172194705142438,39.01860822557467,39.00685126514856,34.4899718687309,35.3958237938724,39.00685126514856
30,2,198058.52837210125,659124706.6171337,661105291.9008547,35.76810951683773,652.5734286744348,21.836360227520203,496040.79597929405,496040.79597929405
30,3,1.2504584828643473e-09,0.00035231843844694315,0.0003523309430317718,31.252265253826952,31.252272816955443,10.29606070808591,10.30652800895415,31.252272816955443
30,4,0.08156794793969911,52.33300350645614,53.14868298585313,26.31894796557784,25.9150471165169,3.655994885024816,25.91448414147952,25.9150471165169
30,5,1.3215047242978654e-06,0.07092529637640635,0.07093851142364933,21.589810521465168,21.59062042864897,0.9880421629742486,0.9640794898085921,21.59062042864897
30,6,1.4943551149207167e-08,0.004466404896528053,0.004466554332039545,17.39884817795113,17.398934733474558,0.20496460503222355,0.15861769542650905,17.398934733474558
30,7,0.005803878002227528,0.25170603544336634,0.30974481546564164,13.86022498980606,13.951970387772526,0.03283995157388999,0.47017222011422116,13.951970387772526
30,8,5.6794446722865225e-08,0.0009971810892895861,0.0009977490337568149,10.960400943258088,10.960707179526601,0.004081075764271535,0.010147978331791596,10.960707179526601
30,9,1.0033491189232025e-07,0.001368487861795481,0.0013694912109144042,8.62745659157676,8.62717152485947,0.0003944474190807856,0.016051200853572336,8.62717152485947
30,10,5.152241649661064e-08,0.0010873728717880294,0.0010878880959529955,6.771719124745781,6.771921359664033,2.9703356237254366e-05,0.013681611654369482,6.771921359664033
30,11,2.4793295586934554e-08,0.0008230629811550713,0.0008233109141109406,5.30579708366527,5.3059910071414915,1.7446150219024265e-06,0.005048863053294278,5.3059910071414915
30,12,2.684711036275235,21.266354793776546,48.113465156528896,4.152722013629521,1.8355206687847385,7.997722775691346e-08,1.8355206687847385,1.8355206687847385
30,13,1.678861848124699e-07,0.0002299484236973679,0.00023162728554549262,3.248085443256918,3.2475289632723405,2.8627773872263956e-09,0.002967290384422304,3.2475289632723405
30,14,1.2849148825029142e-05,0.0001958566160110126,0.00032434810426130404,2.5394871616500927,2.543453515465061,8.003407560458663e-11,0.001919123506997857,2.543453515465061
30,15,4.9411828641039674e-08,0.00015059590976042414,0.00015109002804683454,1.9849840395898264,1.985133666943035,1.7478205494447078e-12,0.0002746695718240546,1.985133666943035
30,16,6.970884989522514e-08,6.327176584571589e-05,6.396885434466814e-05,1.5513231151193096,1.5509587700906742,2.981914094434455e-14,8.449523636268464e-05,1.5509587700906742
30,17,2.3751683781485407e-07,0.00026296151921036245,0.000265336687588511,1.2122923680185365,1.2116069331097683,3.9746181287953722e-16,0.0015963528443117176,1.2116069331097683
30,18,1.6852744355115712e-07,7.78989875158986e-05,7.958426195141016e-05,0.9473008745475043,0.9478047676212019,4.139170173571913e-18,0.0017896240289934685,0.9478047676212019
30,19,1.6498780389346962e-07,7.752515136015686e-05,7.917502939909156e-05,0.7402076249741987,0.7398396467990953,3.3678933901296725e-20,0.0011401777683433347,0.7398396467990953
30,20,4.928588307430202e-08,0.0007255945190570295,0.0007260873778877725,0.5783756532949839,0.5784636044123903,2.1410970507201e-22,0.006281336564489563,0.5784636044123903
30,21,0.00048278698306170747,0.02734784505038617,0.032175714881003244,0.45191931148196796,0.4792966915879009,1.0635329537896607e-24,0.02056930145198856,0.4792966915879009
30,22,2.071823155252324e-07,0.0003266872352583431,0.00032875905841359544,0.35310864809819714,0.35323791292143153,4.127663051903605e-27,0.0025311944301421793,0.35323791292143153
30,23,9.159725728153388e-05,0.0045180183345962036,0.005433990907411542,0.2759013142767159,0.2680281174100655,1.251692406084246e-29,0.006686482322563486,0.2680281174100655
30,24,0.0002975668043002517,0.38111819675256003,0.38409386479556257,0.2155747371562788,0.1916963216316708,2.9657313603032164e-32,0.039262133049428334,0.1916963216316708
30,25,0.0005043731702315855,0.01844163342651493,0.023485365128830784,0.16843845295653787,0.1828942476109936,5.490443365551092e-35,0.0031722390540834485,0.1828942476109936
30,26,0.0006682221500966905,0.03250541370131215,0.03918763520227905,0.13160854267326402,0.09509519415178742,7.941903613236137e-38,0.011594204482991258,0.09509519415178742
30,27,0.0011900108840419705,0.0049681080371946264,0.016868216877614334,0.10283162757376144,0.06761225038090544,8.976018373828387e-41,0.0016415393833620442,0.06761225038090544
30,28,0.00041351891209136796,0.005854076080416191,0.00998926520132987,0.08034688874830666,0.052273835161490104,7.926559258514568e-44,0.0011138204193516558,0.052273835161490104
30,29,0.000315754855857998,0.004645845849273122,0.007803394407853102,0.06277857149424129,0.038191914181450834,5.46925069334566e-47,0.0021395952066733835,0.038191914181450834
30,30,0.00026781151971464633,0.036949820848873265,0.039627936046019725,0.049051646160226614,0.02610283807883885,2.9485797235512157e-50,0.019288683733010126,0.02610283807883885
30,31,0.0003510417463599852,0.0013019746107393267,0.004812392074339179,0.03832620997030077,0.012129981108126341,1.2420531508760914e-53,0.0005932080067107227,0.012129981108126341
30,32,0.00024687678855690536,0.0010491258868718966,0.00351789377244095,0.029945938776291883,0.007803478292127759,4.087985896736657e-57,0.0016467929787311471,0.007803478292127759
30,33,8.971761948023315e-05,0.0006885066853968663,0.001585682880199198,0.023398080102354356,0.010022777267827888,1.0512861958086046e-60,0.0009715905824766603,0.010022777267827888
30,34,0.00010333111486924545,0.00025627614298384075,0.0012895872916762951,0.018281936868808205,0.003907912721177423,2.1123912358439096e-64,0.00046454556829143216,0.003907912721177423
30,35,6.653633339050349e-05,0.00015504607245814104,0.000820409406363176,0.014284483611205177,0.0027950092854532697,3.3164254756163893e-68,0.0003212778738920542,0.0027950092854532697
30,36,3.904685029162393e-05,0.00011121104911408092,0.0005016795520303202,0.011161085612823161,0.0034289437584113214,4.0682516954017187e-72,0.0005737424680161787,0.0034289437584113214
30,37,1.681627901148389e-05,0.00010055273341820496,0.00026871552353304384,0.008720650268011516,0.0030543233121612954,3.8993126034841783e-76,0.0003471969333213919,0.0030543233121612954
30,38,6.614436551319895e-06,0.00020090755123805784,0.0002670519167512568,0.006813819793385616,0.004410377833804616,2.920180978341585e-80,0.000570311500867997,0.004410377833804616
30,39,7.930046383741424e-06,2.33181182619195e-05,0.00010261858209933374,0.005323940781647147,0.0013865786875003254,1.708733810208657e-84,5.61080164369149e-05,0.0013865786875003254
30,40,1.9977643312066486e-06,3.9070465562284806e-05,5.904810887435129e-05,0.004159822610457624,0.0022975685326602287,7.812323379225454e-89,0.0001029168183574727,0.0022975685326602287
30,41,4.757536451204765e-06,9.228470089670648e-06,5.68038346017183e-05,0.0032502562437170136,0.00033160546638336726,2.7908040074387504e-93,0.00010670193542960249,0.00033160546638336726
30,42,1.9353517566983084e-06,1.9018243570311323e-05,3.83717611372944e-05,0.00253956262595096,0.000966793517715817,7.789671286284821e-98,0.0002290365172956589,0.000966793517715817
30,43,1.1504529868444776e-06,1.7334271352095e-05,2.8838801220539775e-05,0.001984275856401733,0.0009923166376632816,1.6988414622652328e-102,0.0002623904861388644,0.0009923166376632816
30,44,7.097759051550412e-07,0.000217691378541548,0.0002247891375930984,0.0015503971627889978,0.0022969050817230226,2.8948528976691676e-107,0.0005751849551727989,0.0022969050817230226
30,45,6.618555559250615e-07,0.00010711414571355845,0.00011373270127280907,0.0012113972708590846,0.0015806990921497846,3.8542953297105736e-112,0.0002707838394668674,0.0015806990921497846
30,46,4.647260761140226e-06,0.00013241741515818508,0.00017889002276958734,0.000946513654275706,0.0029930598047820172,4.009611324817239e-117,0.00025038773781037413,0.0029930598047820172
30,47,9.074142797746723e-07,3.9866716216500306e-05,4.8940859014247025e-05,0.000739556369191624,0.0018927289007498896,3.2591608933291177e-122,0.00016107704723165045,0.0018927289007498896
30,48,1.2259925366949914e-08,6.4159582324049615e-06,6.538557486074461e-06,0.0005778440128660356,0.0005173028213182211,2.069885846672485e-127,7.111579763358086e-05,0.0005173028213182211
30,49,1.298537096731972e-07,9.021015342382979e-06,1.031955243911495e-05,0.00045149838486827076,0.0008590293691759489,1.0271535420220983e-132,8.205702584816747e-05,0.0008590293691759489
35,0,1.1194885583285282e-19,8.473186433063508e-29,1.11948855841326e-18,40.212385860203675,40.212385860210254,40.212385860203675,40.2123858602102,40.212385860210254
35,1,0.00013756130324983423,0.01836047534784867,0.019736088380347013,39.01860822557467,39.03034738602281,34.4899718687309,35.1327823304836,39.03034738602281
35,2,390209.7339328486,15470152548.401226,15474054645.740555,35.76810951683773,881.2281093822845,21.836360227520203,678040.17121615,2152033.853263287
35,3,5.0837125647403426e-08,0.000230250003876608,0.00023075837513308203,31.252265253826952,31.25211951519947,10.29606070808591,10.307966380677104,31.25211951519947
35,4,0.08156799684926165,52.33295237791838,53.148632346411,26.31894796557784,25.915046995424323,3.655994885024816,25.91447021047378,25.915046995424323
35,5,6.935986570507093e-06,0.05615281414948266,0.056222174015187726,21.589810521465168,21.592038866424133,0.9880421629742486,1.0061167088323448,21.592038866424133
35,6,7.83930147271309e-08,0.0011140476449036576,0.001114831575050929,17.39884817795113,17.399243558402606,0.20496460503222355,0.20694571692221664,17.399243558402606
35,7,0.0021513019658676216,0.37056987297800903,0.3920828926366852,13.86022498980606,13.81416930248922,0.03283995157388999,0.7365846634021539,13.81416930248922
35,8,1.035624875040033e-08,0.0006751253122688925,0.0006752288747563966,10.960400943258088,10.960259144262618,0.004081075764271535,0.009776270242694469,10.960259144262618
35,9,5.902650852872627e-05,0.0010275202292547977,0.0016177853145420604,8.62745659157676,8.638065285968517,0.0003944474190807856,0.009180502909159697,8.638065285968517
35,10,4.022335824465021e-07,0.0006554243224147539,0.0006594466582392189,6.771719124745781,6.772611219146514,2.9703356237254366e-05,0.01283983204471142,6.772611219146514
35,11,2.8946384416080006e-09,0.00044188930422709946,0.00044191825061151556,5.30579708366527,5.305855690750049,1.7446150219024265e-06,0.007972572268001294,5.305855690750049
35,12,2.684711036275235,21.266354793776546,48.113465156528896,4.152722013629521,1.8355206687847385,7.997722775691346e-08,1.8355206687847385,1.8355206687847385
35,13,8.057863372370217e-08,0.00019056353912617508,0.0001913693254634121,3.248085443256918,3.2477223317388058,2.8627773872263956e-09,0.004708937261121675,3.2477223317388058
35,14,9.122315703539681e-08,0.0001649761003776672,0.00016588833194802118,2.5394871616500927,2.539911696070379,8.003407560458663e-11,0.0013943255478771907,2.539911696070379
35,15,1.2503308197809214e-07,0.0002941171453917904,0.0002953674762115713,1.9849840395898264,1.984548413455256,1.7478205494447078e-12,0.002731672904884701,1.984548413455256
35,16,3.301874536088566e-10,5.466612484851964e-05,5.466942672305573e-05,1.5513231151193096,1.5512975252314416,2.981914094434455e-14,0.0004039475599528485,1.5512975252314416
35,17,5.7391384302092485e-08,0.00012947453462971165,0.00013004844847273257,1.2122923680185365,1.2126128304205168,3.9746181287953722e-16,0.00023252836634241554,1.2126128304205168
35,18,1.3695885802371138e-10,1.7680933396230736e-05,1.7682302984810975e-05,0.9473008745475043,0.9473171035393714,4.139170173571913e-18,0.00030676312811899246,0.9473171035393714
35,19,1.447030475005945e-09,4.637547870952354e-05,4.63899490142736e-05,0.7402076249741987,0.7401678336119261,3.3678933901296725e-20,0.00042566591622460263,0.7401678336119261
35,20,1.3746432580261754e-07,0.000431699468522407,0.00043307411178043314,0.5783756532949839,0.5780824274025484,2.1410970507201e-22,0.004119692960886058,0.5780824274025484
35,21,5.534264402493547e-06,0.0016711590657928104,0.0017265017098177459,0.45191931148196796,0.45149534292312676,1.0635329537896607e-24,0.0013271324873245355,0.45149534292312676
35,22,4.271572643268524e-09,0.00023069084602423868,0.00023073356175067137,0.35310864809819714,0.35305446570954807,4.127663051903605e-27,0.0022096525843456546,0.35305446570954807
35,23,3.233620772429558e-06,0.0003704733526802011,0.00040280956040449664,0.2759013142767159,0.2784340861602286,1.251692406084246e-29,0.0017234192042970928,0.2784340861602286
35,24,0.0003458129807648194,0.01428183126888052,0.017739961076528712,0.2155747371562788,0.1893318647445371,2.9657313603032164e-32,0.00431896427022686,0.1893318647445371
35,25,0.00020050368301580788,0.002911141253591517,0.004916178083749596,0.16843845295653787,0.165934008246804,5.490443365551092e-35,0.006129778576683404,0.165934008246804
35,26,0.00044709563373999885,0.01153915254693577,0.01601010888433576,0.13160854267326402,0.10175889117670163,7.941903613236137e-38,0.003991546290798363,0.10175889117670163
35,27,0.00022187318348030848,0.004658804869654344,0.006877536704457429,0.10283162757376144,0.08672134208805529,8.976018373828387e-41,0.0008358568548601449,0.08672134208805529
35,28,6.0427608734011504e-05,0.003904316594862144,0.004508592682202259,0.08034688874830666,0.07463727091505332,7.926559258514568e-44,0.002735463791493078,0.07463727091505332
35,29,0.00019487232545290536,0.009133335309134058,0.011082058563663112,0.06277857149424129,0.05007472419058235,5.46925069334566e-47,0.008111417696544889,0.05007472419058235
35,30,0.00025213513062277064,0.003204571791150847,0.005725923097378553,0.049051646160226614,0.02760817611852831,2.9485797235512157e-50,0.0021887615485353348,0.02760817611852831
35,31,0.00031889897345435496,0.001521322297106095,0.004710312031649645,0.03832620997030077,0.01337592759289332,1.2420531508760914e-53,0.0006122660139461272,0.01337592759289332
35,32,0.0002412259488955066,0.0009056281033111329,0.003317887592266199,0.029945938776291883,0.007981419002103592,4.087985896736657e-57,0.0011797508674985249,0.007981419002103592
35,33,8.10597386186982e-05,0.0007609979066330808,0.0015715952928200628,0.023398080102354356,0.010677783290938856,1.0512861958086046e-60,0.0011788067004513982,0.010677783290938856
35,34,9.717823810528108e-05,0.0002949557016484179,0.0012667380827012288,0.018281936868808205,0.00442460839634583,2.1123912358439096e-64,0.0003810000731604316,0.00442460839634583
35,35,5.782588410266135e-05,0.00021477820168058263,0.0007930370427071961,0.014284483611205177,0.0035648553610570857,3.3164254756163893e-68,0.00044214147133543195,0.0035648553610570857
35,36,2.400505517759227e-05,0.00019153735570596098,0.0004315879074818837,0.011161085612823161,0.004385106094212687,4.0682516954017187e-72,0.0005668965492744479,0.004385106094212687
35,37,1.628192523906333e-05,9.078976164544795e-05,0.00025360901403608123,0.008720650268011516,0.003023391894771579,3.8993126034841783e-76,0.00023576561468077406,0.003023391894771579
35,38,3.720194201017431e-06,0.00012910913084822066,0.00016631107285839498,0.006813819793385616,0.004167803481117178,2.920180978341585e-80,0.000666453984751069,0.004167803481117178
35,39,7.930046383741424e-06,2.33181182619195e-05,0.00010261858209933374,0.005323940781647147,0.0013865786875003254,1.708733810208657e-84,5.61080164369149e-05,0.0013865786875003254
35,40,2.759803112952772e-06,2.312584105803305e-05,5.072387218756077e-05,0.004159822610457624,0.0018888581331124132,7.812323379225454e-89,0.00013466231561036263,0.0018888581331124132
35,41,4.026940302322363e-06,5.4730756974269494e-05,9.500015999749312e-05,0.0032502562437170136,0.0004245322711542732,2.7908040074387504e-93,0.0004143681127944823,0.0004245322711542732
35,42,1.4477649909839753e-06,7.529850571251268e-06,2.200750048109102e-05,0.00253956262595096,0.0008469633088128415,7.789671286284821e-98,5.941248614108091e-05,0.0008469633088128415
35,43,5.804867312062765e-07,1.0160013170200886e-05,1.596488048226365e-05,0.001984275856401733,0.0013755073205859519,1.6988414622652328e-102,8.89479112140383e-05,0.0013755073205859519
35,44,9.479903390094624e-08,0.00010752296330673823,0.0001084709536457477,0.0015503971627889978,0.0015692575173019512,2.8948528976691676e-107,0.00047984171472970885,0.0015692575173019512
35,45,8.40953770999482e-07,6.774007067458635e-05,7.614960838458118e-05,0.0012113972708590846,0.00094634155719801,3.8542953297105736e-112,0.0001596876655812215,0.00094634155719801
35,46,1.2469373834378352e-06,8.794116377167247e-05,0.00010041053760605082,0.000946513654275706,0.0017759533052778417,4.009611324817239e-117,0.0004733633347182747,0.0017759533052778417
35,47,2.822373853049119e-07,2.5701152686830403e-05,2.8523526539879522e-05,0.000739556369191624,0.0014343690770927276,3.2591608933291177e-122,7.523226688258325e-05,0.0014343690770927276
35,48,1.2259925366949914e-08,6.4159582324049615e-06,6.538557486074461e-06,0.0005778440128660356,0.0005173028213182211,2.069885846672485e-127,7.111579763358086e-05,0.0005173028213182211
35,49,1.298537096731972e-07,9.021015342382979e-06,1.031955243911495e-05,0.00045149838486827076,0.0008590293691759489,1.0271535420220983e-132,8.205702584816747e-05,0.0008590293691759489
40,0,1.1194885583285282e-19,8.473186433063508e-29,1.11948855841326e-18,40.212385860203675,40.212385860210254,40.212385860203675,40.2123858602102,40.212385860210254
40,1,0.00011023091762371373,0.004552636313500549,0.005654945489737686,39.01860822557467,39.00407658934677,34.4899718687309,34.689857084622254,39.00407658934677
40,2,3480491571.018105,1685554950454.8225,1720359866165.0037,35.76810951683773,83454.01319420598,21.836360227520203,22986060.875202958,22986060.875202958
40,3,2.6023335125191958e-08,0.00011806268810462442,0.00011832292145587635,31.252265253826952,31.252111310946198,10.29606070808591,10.304627955926525,31.252111310946198
40,4,0.08156804750160393,52.332899105550986,53.148579580567024,26.31894796557784,25.91504687001694,3.655994885024816,25.914455685664464,25.91504687001694
40,5,1.706561042730562e-06,0.0526155517605792,0.0526326173710065,21.589810521465168,21.588380601487504,0.9880421629742486,0.978909290389535,21.588380601487504
40,6,4.58124699013806e-07,0.0005191097287551923,0.0005236909757453303,17.39884817795113,17.399231665317803,0.20496460503222355,0.218751251473658,17.399231665317803
40,7,0.0021625600146635885,0.20169820354977958,0.22332380369641547,13.86022498980606,13.852114793312674,0.03283995157388999,0.5018572455279994,13.852114793312674
40,8,0.0005652896420291711,0.00121483353102003,0.0068677299513117416,10.960400943258088,10.99386632192984,0.004081075764271535,0.0024544978286493865,10.99386632192984
40,9,3.906523503511848e-06,0.00034107082863828533,0.0003801360636734038,8.62745659157676,8.630251699391698,0.0003944474190807856,0.006578954543794971,8.630251699391698
40,10,1.6986825554291317e-07,0.0005344644795279665,0.0005361631620833956,6.771719124745781,6.772077935526542,2.9703356237254366e-05,0.008408995616858228,6.772077935526542
40,11,2.46622707166305e-07,0.0001939015050275096,0.00019636773209917265,5.30579708366527,5.306476201919242,1.7446150219024265e-06,0.0042015148082168025,5.306476201919242
40,12,2.684711036275235,21.266354793776546,48.113465156528896,4.152722013629521,1.8355206687847385,7.997722775691346e-08,1.8355206687847385,1.8355206687847385
40,13,4.831870078690336e-08,7.47544730406361e-05,7.523766004850514e-05,3.248085443256918,3.247777610416517,2.8627773872263956e-09,0.001159156113691663,3.247777610416517
40,14,1.7063919791075698e-08,0.000148936218979057,0.00014910685817696778,2.5394871616500927,2.539449464863029,8.003407560458663e-11,0.0013619699961187103,2.539449464863029
40,15,8.615464659329549e-10,9.777893420747781e-05,9.778754967213714e-05,1.9849840395898264,1.9849579106945041,1.7478205494447078e-12,0.0007520092464853035,1.9849579106945041
40,16,4.96758657241816e-08,4.9441662928508925e-05,4.993842158575074e-05,1.5513231151193096,1.5515379282131267,2.981914094434455e-14,0.00026962268790773453,1.5515379282131267
40,17,2.229327371079674e-09,0.00010917253747092259,0.00010919483074463339,1.2122923680185365,1.212234856866658,3.9746181287953722e-16,0.0007251320488736317,1.212234856866658
40,18,1.4034952147240444e-10,1.3014252292757428e-05,1.3015655787972152e-05,0.9473008745475043,0.9472911718557228,4.139170173571913e-18,0.00018659304388820292,0.9472911718557228
40,19,1.9805571985382158e-08,2.0868148998771807e-05,2.1066204718625628e-05,0.7402076249741987,0.7403161388626374,3.3678933901296725e-20,0.00011800794274569745,0.7403161388626374
40,20,6.664132697020606e-08,0.0002096860682065136,0.00021035248147621566,0.5783756532949839,0.578709407042545,2.1410970507201e-22,0.002533021605636096,0.578709407042545
40,21,7.411789296201469e-08,5.067628364753845e-05,5.14174625771586e-05,0.45191931148196796,0.4518707259064523,1.0635329537896607e-24,0.00020054384588207656,0.4518707259064523
40,22,3.884921933154146e-07,7.356541081921725e-05,7.745033275237139e-05,0.35310864809819714,0.352835022085008,4.127663051903605e-27,0.0009873685642414818,0.352835022085008
40,23,1.1175353224750715e-06,7.726687607624713e-05,8.844222930099784e-05,0.2759013142767159,0.27572369779257283,1.251692406084246e-29,0.0010708030268473017,0.27572369779257283
40,24,4.448429637495863e-05,0.003003980937715155,0.003448823901464741,0.2155747371562788,0.21050609021914482,2.9657313603032164e-32,0.00196410254898084,0.21050609021914482
40,25,1.0080276269467065e-06,0.0016992477419891716,0.0017093280182586387,0.16843845295653787,0.16868472308875976,5.490443365551092e-35,0.003434995001449521,0.16868472308875976
40,26,0.00021971693477343748,0.00741555849379824,0.009612727841532616,0.13160854267326402,0.11412261813064604,7.941903613236137e-38,0.004811570088264479,0.11412261813064604
40,27,4.20975739329794e-05,0.004810304540228469,0.005231280279558263,0.10283162757376144,0.09508810835769589,8.976018373828387e-41,0.0028965971591632038,0.09508810835769589
40,28,6.908425229175505e-05,0.0010035063351034863,0.0016943488580210369,0.08034688874830666,0.07559149667911967,7.926559258514568e-44,0.00035095680542817693,0.07559149667911967
40,29,0.00013150935743517784,0.0046711310128862565,0.005986224587238035,0.06277857149424129,0.04963122625546837,5.46925069334566e-47,0.0027501566208995958,0.04963122625546837
40,30,0.0002050821331744452,0.0020605924800946554,0.004111413811839108,0.049051646160226614,0.028957393616511163,2.9485797235512157e-50,0.0016629168435439456,0.028957393616511163
40,31,0.0002993650928293258,0.0013555966990020194,0.004349247627295277,0.03832620997030077,0.013864929562524981,1.2420531508760914e-53,0.0003907823215609939,0.013864929562524981
40,32,0.00023700612626802037,0.000749829475340697,0.0031198907380209006,0.029945938776291883,0.008343503400076531,4.087985896736657e-57,0.0004884956392763754,0.008343503400076531
40,33,8.80241108184321e-05,0.000612920974598527,0.001493162082782848,0.023398080102354356,0.010146253650316892,1.0512861958086046e-60,0.0009486545865523838,0.010146253650316892
40,34,8.226137576663844e-05,0.0003420675531267452,0.0011646813107931296,0.018281936868808205,0.0054646994021456015,2.1123912358439096e-64,0.0008075509112436967,0.0054646994021456015
40,35,5.293412170563244e-05,0.00024728588789684836,0.0007766271049531728,0.014284483611205177,0.0040400818034556606,3.3164254756163893e-68,0.0005206633320112146,0.0040400818034556606
40,36,2.3962239843797067e-05,0.00019158942215448366,0.00043121182059245437,0.011161085612823161,0.004369043975214604,4.0682516954017187e-72,0.0005819554263234485,0.004369043975214604
40,37,1.51180952272184e-05,0.00010050001077045863,0.00025168096304264265,0.008720650268011516,0.003229348349344836,3.8993126034841783e-76,0.00026517809836545914,0.003229348349344836
40,38,6.2455948327719814e-06,5.256869701839961e-05,0.00011502464534611943,0.006813819793385616,0.003343400819964044,2.920180978341585e-80,0.000210651098041667,0.003343400819964044
40,39,7.930046383741424e-06,2.33181182619195e-05,0.00010261858209933374,0.005323940781647147,0.0013865786875003254,1.708733810208657e-84,5.61080164369149e-05,0.0013865786875003254
40,40,2.913691273290336e-06,1.9732723460226388e-05,4.886963619312975e-05,0.004159822610457624,0.0017667523881667738,7.812323379225454e-89,8.731686948444687e-05,0.0017667523881667738
40,41,4.157176218738789e-06,6.534073392445715e-06,4.81058355798336e-05,0.0032502562437170136,0.0004400896912575808,2.7908040074387504e-93,3.698937444928015e-05,0.0004400896912575808
40,42,1.415886303239038e-06,7.690069362608428e-06,2.1848932394998807e-05,0.00253956262595096,0.00088078399014552,7.789671286284821e-98,6.035807990185295e-05,0.00088078399014552
40,43,5.306246432866422e-07,1.053620478475859e-05,1.5842451217625013e-05,0.001984275856401733,0.0014368854698894986,1.6988414622652328e-102,7.576318948722654e-05,0.0014368854698894986
40,44,5.081921142877093e-07,1.1098465331666628e-05,1.618038647454372e-05,0.0015503971627889978,0.0005474969565650148,2.8948528976691676e-107,5.412549071691869e-05,0.0005474969565650148
40,45,7.538313547482527e-07,1.750348038493712e-05,2.5041793932419647e-05,0.0012113972708590846,0.0008025956059836862,3.8542953297105736e-112,9.375007275900928e-05,0.0008025956059836862
40,46,1.051145565085118e-06,6.059404860775925e-05,7.110550425861043e-05,0.000946513654275706,0.0013503392831032434,4.009611324817239e-117,0.0003567400265360659,0.0013503392831032434
40,47,1.0085064120844769e-07,2.6749236893795678e-05,2.7757743305880156e-05,0.000739556369191624,0.0011876592622619834,3.2591608933291177e-122,0.00012123289834807946,0.0011876592622619834
40,48,1.2259925366949914e-08,6.4159582324049615e-06,6.538557486074461e-06,0.0005778440128660356,0.0005173028213182211,2.069885846672485e-127,7.111579763358086e-05,0.0005173028213182211
40,49,1.298537096731972e-07,9.021015342382979e-06,1.031955243911495e-05,0.00045149838486827076,0.0008590293691759489,1.0271535420220983e-132,8.205702584816747e-05,0.0008590293691759489
45,0,1.1194885583285282e-19,8.473186433063508e-29,1.11948855841326e-18,40.212385860203675,40.212385860210254,40.212385860203675,40.2123858602102,40.212385860210254
45,1,1.4428311982754518e-07,0.00100155959731431,0.0010030024285125855,39.01860822557467,39.01914363526018,34.4899718687309,34.47092693478103,39.01914363526018
45,2,579322072.0692205,9596205249.197884,15389425969.890089,35.76810951683773,34036.323803221916,21.836360227520203,1734204.520282347,1734204.520282347
45,3,2.2066030796919807e-07,9.297977484052495e-05,9.518637792021692e-05,31.252265253826952,31.2516137443952,10.29606070808591,10.304574265467899,31.2516137443952
45,4,0.08156809999602087,52.332843550413735,53.14852455037394,26.31894796557784,25.91504674004891,3.655994885024816,25.914440528147267,25.91504674004891
45,5,1.2643526863366495e-07,0.04970892638254504,0.04971019073523138,21.589810521465168,21.589308580159834,0.9880421629742486,1.0097366455898915,21.589308580159834
45,6,9.306098489938578e-09,0.0002075673328062927,0.0002076603937911921,17.39884817795113,17.39898095309694,0.20496460503222355,0.20889157501705768,17.39898095309694
45,7,0.0009459250509510097,0.15624806701612498,0.16570731752563508,13.86022498980606,13.83594536055312,0.03283995157388999,0.43176435271639846,13.83594536055312
45,8,8.612349496195952e-08,0.00029172657352477814,0.00029258780847439775,10.960400943258088,10.960668604776634,0.004081075764271535,0.0040284588112343405,10.960668604776634
45,9,1.519058691314401e-07,0.00024469761355514386,0.00024621667224645826,8.62745659157676,8.627950363625141,0.0003944474190807856,0.004374462863178558,8.627950363625141
45,10,1.7446998332662e-05,0.0009613486928388524,0.0011358186761654724,6.771719124745781,6.766228131896527,2.9703356237254366e-05,0.021733767223084666,6.766228131896527
45,11,2.0086093033755007e-09,0.00015282615296189877,0.00015284623905493253,5.30579708366527,5.30573476731557,1.7446150219024265e-06,0.005192734651795094,5.30573476731557
45,12,2.684711036275235,21.266354793776546,48.113465156528896,4.152722013629521,1.8355206687847385,7.997722775691346e-08,1.8355206687847385,1.8355206687847385
45,13,2.943981134106371e-09,2.9319992784966478e-05,2.934943259630754e-05,3.248085443256918,3.2480692460064,2.8627773872263956e-09,0.000752520320833128,3.2480692460064
45,14,1.2360070037304815e-07,0.0001001613449497872,0.00010139735195351769,2.5394871616500927,2.539940283232452,8.003407560458663e-11,0.0017203263498175056,2.539940283232452
45,15,1.1237081903966301e-08,6.988395990170257e-05,6.999633072074223e-05,1.9849840395898264,1.9848436679542805,1.7478205494447078e-12,0.0008868658851522975,1.9848436679542805
45,16,5.972858283989338e-10,3.280316613993249e-05,3.280913899821648e-05,1.5513231151193096,1.551303851326566,2.981914094434455e-14,9.827808866448931e-05,1.551303851326566
45,17,3.270915063982698e-07,6.366008458764555e-05,6.693099965162825e-05,1.2122923680185365,1.2114863438437722,3.9746181287953722e-16,0.0018810510883752688,1.2114863438437722
45,18,7.161646975969749e-11,1.2985562930080244e-05,1.298627909477784e-05,0.9473008745475043,0.9472936357347885,4.139170173571913e-18,0.00022100351147546658,0.9472936357347885
45,19,8.064895195622186e-10,1.8421311088456135e-05,1.8429375983651757e-05,0.7402076249741987,0.7402475362772294,3.3678933901296725e-20,0.00010476511598236778,0.7402475362772294
45,20,2.2321706858913106e-08,9.335139916853195e-05,9.357461623712107e-05,0.5783756532949839,0.5783427985725949,2.1410970507201e-22,0.0018692045506729642,0.5783427985725949
45,21,1.1325193332716318e-07,8.317142646611972e-06,9.449661979883604e-06,0.45191931148196796,0.45199796979459744,1.0635329537896607e-24,0.00035846989817274553,0.45199796979459744
45,22,9.088588760589349e-10,1.9206338678809036e-05,1.9215427267569627e-05,0.35310864809819714,0.3531208236048018,4.127663051903605e-27,0.0004540218846276551,0.3531208236048018
45,23,4.8593322335029854e-08,6.978313716897349e-05,7.02690703923238e-05,0.2759013142767159,0.27585060873567974,1.251692406084246e-29,0.0009242788457609593,0.27585060873567974
45,24,1.971675384037819e-05,0.002060685625690875,0.002257853164094657,0.2155747371562788,0.21409297462755258,2.9657313603032164e-32,0.004120500474144959,0.21409297462755258
45,25,5.283978297028327e-07,0.0006963638994299576,0.0007016478777269859,0.16843845295653787,0.16761523504028678,5.490443365551092e-35,0.0034702098361872667,0.16761523504028678
45,26,0.00018085681249862095,0.0021626771677567018,0.0039712452927429115,0.13160854267326402,0.1243417857359244,7.941903613236137e-38,0.0003919174447349088,0.1243417857359244
45,27,9.004201435307945e-05,0.0030380220283342807,0.0039384421718650755,0.10283162757376144,0.09323051099956076,8.976018373828387e-41,0.000949969407508658,0.09323051099956076
45,28,2.5897773836622574e-05,0.00111624324128343,0.0013752209796496556,0.08034688874830666,0.07729490422298821,7.926559258514568e-44,0.0007386723207889683,0.07729490422298821
45,29,0.00010746558942049238,0.003631244301133418,0.004705900195338342,0.06277857149424129,0.05333067525896209,5.46925069334566e-47,0.0028368882279776225,0.05333067525896209
45,30,0.00018284946812188767,0.0015508401103105402,0.003379334791529417,0.049051646160226614,0.030225652772181807,2.9485797235512157e-50,0.002263879125815615,0.030225652772181807
45,31,0.17688938688195735,33.129792676544014,34.89868654536359,0.03832620997030077,0.5800119986944549,1.2420531508760914e-53,0.05228655335809861,0.5801917443488844
45,32,0.0002318176338613423,0.0007821786227448946,0.003100354961358318,0.029945938776291883,0.008713761712602673,4.087985896736657e-57,0.0003897005342664718,0.008713761712602673
45,33,7.781846162823404e-05,0.0006373414830607746,0.001415526099343115,0.023398080102354356,0.01111589560163993,1.0512861958086046e-60,0.0008972235699437832,0.01111589560163993
45,34,5.2431222135802814e-05,0.0003360357785844231,0.0008603479999424512,0.018281936868808205,0.008588005385549219,2.1123912358439096e-64,0.0006247763946778534,0.008588005385549219
45,35,5.563995027653313e-05,0.00021447265759956026,0.0007708721603648915,0.014284483611205177,0.0038198702985295153,3.3164254756163893e-68,0.0004856618400014813,0.0038198702985295153
45,36,2.780303600393087e-05,0.00026572314700200957,0.0005437535070413183,0.011161085612823161,0.00391137496958122,4.0682516954017187e-72,0.0011976864818646718,0.00391137496958122
45,37,1.1707474378492395e-05,9.675458646366332e-05,0.00021382933024858728,0.008720650268011516,0.003939867320207818,3.8993126034841783e-76,0.00025209295827152163,0.003939867320207818
45,38,6.6609944546385975e-06,4.33440942795024e-05,0.00010995403882588837,0.006813819793385616,0.003166724306689564,2.920180978341585e-80,0.00011291297843753601,0.003166724306689564
45,39,7.930046383741424e-06,2.33181182619195e-05,0.00010261858209933374,0.005323940781647147,0.0013865786875003254,1.708733810208657e-84,5.61080164369149e-05,0.0013865786875003254
45,40,2.941589140484995e-06,1.94459356489133e-05,4.886182705376325e-05,0.004159822610457624,0.0017546359213394,7.812323379225454e-89,8.520735907132504e-05,0.0017546359213394
45,41,3.994495446771109e-06,5.5720197543063215e-06,4.551697422201742e-05,0.0032502562437170136,0.0004944636199060028,2.7908040074387504e-93,1.725888852976908e-05,0.0004944636199060028
45,42,1.415886303239038e-06,7.690069362608428e-06,2.1848932394998807e-05,0.00253956262595096,0.00088078399014552,7.789671286284821e-98,6.035807990185295e-05,0.00088078399014552
45,43,5.306246432866422e-07,1.053620478475859e-05,1.5842451217625013e-05,0.001984275856401733,0.0014368854698894986,1.6988414622652328e-102,7.576318948722654e-05,0.0014368854698894986
45,44,7.075551303650864e-07,4.525755059325079e-06,1.1601306362975942e-05,0.0015503971627889978,0.00041275776842890816,2.8948528976691676e-107,4.5085209409347846e-05,0.00041275776842890816
45,45,5.05484539528869e-07,1.1107495971158688e-05,1.6162341366447376e-05,0.0012113972708590846,0.0005968664638053984,3.8542953297105736e-112,9.270793760625039e-05,0.0005968664638053984
45,46,8.008254996784139e-07,6.16225464138402e-05,6.963080141062434e-05,0.000946513654275706,0.0010692462434900582,4.009611324817239e-117,0.0003826018320675507,0.0010692462434900582
45,47,3.999473648667402e-08,4.733707099460469e-06,5.133654464327209e-06,0.000739556369191624,0.0007376113724082412,3.2591608933291177e-122,9.18473265479171e-05,0.0007376113724082412
45,48,1.2259925366949914e-08,6.4159582324049615e-06,6.538557486074461e-06,0.0005778440128660356,0.0005173028213182211,2.069885846672485e-127,7.111579763358086e-05,0.0005173028213182211
45,49,1.298537096731972e-07,9.021015342382979e-06,1.031955243911495e-05,0.00045149838486827076,0.0008590293691759489,1.0271535420220983e-132,8.205702584816747e-05,0.0008590293691759489
50,0,1.1194885583285282e-19,8.473186433063508e-29,1.11948855841326e-18,40.212385860203675,40.212385860210254,40.212385860203675,40.2123858602102,40.212385860210254
50,1,1.3366191344497258e-06,0.000583720415275756,0.0005970866066202532,39.01860822557467,39.02024296036167,34.4899718687309,34.522805720766705,39.02024296036167
50,2,14538328.10017772,732971627.9520537,878354908.9538308,35.76810951683773,5387.314098349112,21.836360227520203,479317.9975645827,479317.9975645827
50,3,2.3118102264617634e-08,8.662621247923709e-05,8.685739350188327e-05,31.252265253826952,31.252471826257075,10.29606070808591,10.299691178616447,31.252471826257075
50,4,0.08156815443935272,52.33278556137695,53.14846710577048,26.31894796557784,25.91504660525574,3.655994885024816,25.914424695576855,25.91504660525574
50,5,3.896658028850433e-06,0.0433323393909113,0.04337130597119981,21.589810521465168,21.5899364563159,0.9880421629742486,0.9897054026399101,21.5899364563159
50,6,2.5842034095735393e-07,0.00016272233566625344,0.00016530653907582697,17.39884817795113,17.399566311811604,0.20496460503222355,0.20980714661145713,17.399566311811604
50,7,0.0007160882409145,0.10113285730817814,0.10829373971732315,13.86022498980606,13.86759483467955,0.03283995157388999,0.34599217519520353,13.86759483467955
50,8,1.879890169033959e-07,0.00023094648652956834,0.0002328263766986023,10.960400943258088,10.960912801462321,0.004081075764271535,0.002444067069291622,10.960912801462321
50,9,2.0798797653870855e-10,0.00010893644829608804,0.00010893852817585343,8.62745659157676,8.627468207503915,0.0003944474190807856,0.0041836371284106515,8.627468207503915
50,10,2.5483738251259835e-07,0.00040002405596407915,0.0004025724297892051,6.771719124745781,6.771029946003375,2.9703356237254366e-05,0.008285954754954075,6.771029946003375
50,11,2.60986809598335e-12,0.00013429318431091878,0.00013429321040959975,5.30579708366527,5.305795509569859,1.7446150219024265e-06,0.0029523825575716593,5.305795509569859
50,12,2.684711036275235,21.266354793776546,48.113465156528896,4.152722013629521,1.8355206687847385,7.997722775691346e-08,1.8355206687847385,1.8355206687847385
50,13,7.963474402778239e-09,2.098910036455809e-05,2.1068735108585873e-05,3.248085443256918,3.248205510501252,2.8627773872263956e-09,0.0005883315930757345,3.248205510501252
50,14,7.029325711191351e-08,7.314458543142768e-05,7.384751800254681e-05,2.5394871616500927,2.539113848217619,8.003407560458663e-11,0.000864681488598942,2.539113848217619
50,15,3.8554293732701834e-10,6.321801824491392e-05,6.32218736742872e-05,1.9849840395898264,1.9850038565589105,1.7478205494447078e-12,0.0011384705675969052,1.9850038565589105
50,16,9.183140106767425e-11,2.471101442409714e-05,2.4711932738107818e-05,1.5513231151193096,1.5513332334435748,2.981914094434455e-14,0.00016150054914910975,1.5513332334435748
50,17,6.579851356736892e-09,5.3855927270620285e-05,5.3921725784187654e-05,1.2122923680185365,1.212379423069259,3.9746181287953722e-16,0.0016224484702972723,1.212379423069259
50,18,7.161646975969749e-11,1.2985562930080244e-05,1.298627909477784e-05,0.9473008745475043,0.9472936357347885,4.139170173571913e-18,0.00022100351147546658,0.9472936357347885
50,19,6.579988531834001e-08,1.7450707617755844e-05,1.8108706470939244e-05,0.7402076249741987,0.7405005171598988,3.3678933901296725e-20,0.00046404433622230314,0.7405005171598988
50,20,8.007076158648461e-07,2.9292769676801592e-05,3.729984583545005e-05,0.5783756532949839,0.5795645517650203,2.1410970507201e-22,0.0010221442127108056,0.5795645517650203
50,21,4.811482692490637e-11,5.382615575065863e-06,5.383096723335112e-06,0.45191931148196796,0.4519187947490306,1.0635329537896607e-24,0.0003826400247253546,0.4519187947490306
50,22,7.189377014614687e-11,1.6680446217991992e-05,1.6681165155693454e-05,0.35310864809819714,0.3531103339044449,4.127663051903605e-27,0.0003320919344688848,0.3531103339044449
50,23,9.277135762803537e-09,5.090516366704236e-05,5.09979350246704e-05,0.2759013142767159,0.2758615040473195,1.251692406084246e-29,0.0004918776806721941,0.2758615040473195
50,24,1.0241311278052024e-05,0.0011222478775893454,0.0012246609903698656,0.2155747371562788,0.21107773714955733,2.9657313603032164e-32,0.0034996946792699764,0.21107773714955733
50,25,7.760201618535333e-07,0.0002613304769033086,0.00026909067852184395,0.16843845295653787,0.16830358320871108,5.490443365551092e-35,0.002428178084745585,0.16830358320871108
50,26,2.6766615929013278e-05,0.0030341034400743596,0.0033017695993644925,0.13160854267326402,0.126237047741834,7.941903613236137e-38,0.0027681152875223838,0.126237047741834
50,27,3.313908378024504e-05,0.002129463868647969,0.002460854706450419,0.10283162757376144,0.09804521627910448,8.976018373828387e-41,0.0008907449077808108,0.09804521627910448
50,28,9.485910941627226e-06,0.0008742929592371484,0.0009691520686534207,0.08034688874830666,0.07757092207702876,7.926559258514568e-44,0.0016821296134995065,0.07757092207702876
50,29,1.4432570848231449e-05,0.002570540447058323,0.0027148661555406375,0.06277857149424129,0.060433604159693906,5.46925069334566e-47,0.002817498308394339,0.060433604159693906
50,30,6.607365894079036e-05,0.005282228422392616,0.0059429650118005195,0.049051646160226614,0.03806744371541618,2.9485797235512157e-50,0.00403909224682914,0.03806744371541618
50,31,0.00020382121246758202,0.0018967520115856628,0.003934964136261483,0.03832620997030077,0.018215922256595945,1.2420531508760914e-53,0.0004771851855277856,0.018215922256595945
50,32,0.00022430983456420313,0.0008478299539725338,0.003090928299614565,0.029945938776291883,0.008991888713813071,4.087985896736657e-57,0.0006684694020004755,0.008991888713813071
50,33,6.984545774294677e-05,0.000696670954584637,0.0013951255320141047,0.023398080102354356,0.011896252333652274,1.0512861958086046e-60,0.001210535254579497,0.011896252333652274
50,34,3.755982322023562e-05,0.00030186068301054253,0.0006774589152128988,0.018281936868808205,0.009765185212825368,2.1123912358439096e-64,0.0002649291094622384,0.009765185212825368
50,35,5.238014688947026e-05,0.00021929824428177806,0.0007430997131764806,0.014284483611205177,0.004087845362631507,3.3164254756163893e-68,0.00037403201336826743,0.004087845362631507
50,36,2.2251359418627792e-05,0.00016334273769139508,0.000385856331877673,0.011161085612823161,0.004558181621295957,4.0682516954017187e-72,0.00033277289164041537,0.004558181621295957
50,37,1.095200340057969e-05,7.4344862759622e-05,0.0001838648967654189,0.008720650268011516,0.004190905395103695,3.8993126034841783e-76,0.00022186704383346599,0.004190905395103695
50,38,6.659753840453429e-06,4.33505390682465e-05,0.00010994807747278079,0.006813819793385616,0.003166934987998331,2.920180978341585e-80,0.00011107678372069474,0.003166934987998331
50,39,7.930046383741424e-06,2.33181182619195e-05,0.00010261858209933374,0.005323940781647147,0.0013865786875003254,1.708733810208657e-84,5.61080164369149e-05,0.0013865786875003254
50,40,2.941589140484995e-06,1.94459356489133e-05,4.886182705376325e-05,0.004159822610457624,0.0017546359213394,7.812323379225454e-89,8.520735907132504e-05,0.0017546359213394
50,41,3.866303807625956e-06,6.277976079677245e-06,4.49410141559368e-05,0.0032502562437170136,0.0005623859028825333,2.7908040074387504e-93,5.737432255811148e-05,0.0005623859028825333
50,42,1.415886303239038e-06,7.690069362608428e-06,2.1848932394998807e-05,0.00253956262595096,0.00088078399014552,7.789671286284821e-98,6.035807990185295e-05,0.00088078399014552
50,43,5.306246432866422e-07,1.053620478475859e-05,1.5842451217625013e-05,0.001984275856401733,0.0014368854698894986,1.6988414622652328e-102,7.576318948722654e-05,0.0014368854698894986
50,44,7.117547275400949e-07,3.1797212149503565e-06,1.0297268490351305e-05,0.0015503971627889978,0.00037572584526648965,2.8948528976691676e-107,6.637287662186769e-05,0.00037572584526648965
50,45,5.44451494342052e-07,7.898062059108191e-06,1.334257700252871e-05,0.0012113972708590846,0.0005255645010118621,3.8542953297105736e-112,8.295468506179088e-05,0.0005255645010118621
50,46,1.359328142256075e-06,3.317985913696272e-05,4.6773140559523474e-05,0.000946513654275706,0.0017330669720636263,4.009611324817239e-117,0.0002044610396731523,0.0017330669720636263
50,47,6.5517102575187e-08,2.7141661722360464e-06,3.3693371979879164e-06,0.000739556369191624,0.000561651987398753,3.2591608933291177e-122,7.125346555397908e-05,0.000561651987398753
50,48,1.2259925366949914e-08,6.4159582324049615e-06,6.538557486074461e-06,0.0005778440128660356,0.0005173028213182211,2.069885846672485e-127,7.111579763358086e-05,0.0005173028213182211
50,49,1.298537096731972e-07,9.021015342382979e-06,1.031955243911495e-05,0.00045149838486827076,0.0008590293691759489,1.0271535420220983e-132,8.205702584816747e-05,0.0008590293691759489
55,0,1.1194885583285282e-19,8.473186433063508e-29,1.11948855841326e-18,40.212385860203675,40.212385860210254,40.212385860203675,40.2123858602102,40.212385860210254
55,1,1.1755671046849688e-06,0.00039217176563195185,0.0004039274366788015,39.01860822557467,39.020135997202665,34.4899718687309,34.51595838876545,39.020135997202665
55,2,7.219373818148814e-05,2.1482692687757448,2.1489912061575596,35.76810951683773,35.75609338283539,21.836360227520203,2.5928127525645734e-06,35.75609338283539
55,3,1.0153886477304355e-09,8.172142135773813e-05,8.173157524421543e-05,31.252265253826952,31.252299954035113,10.29606070808591,10.299857343276166,31.252299954035113
55,4,0.08156821094669091,52.33272497376435,53.14840708323126,26.31894796557784,25.91504646535247,3.655994885024816,25.91440814178137,25.91504646535247
55,5,3.457639275815385e-05,0.03634017014475445,0.03668593407233599,21.589810521465168,21.59790576464404,0.9880421629742486,1.033612422717323,21.59790576464404
55,6,3.3565041509676163e-09,2.8162110010452654e-05,2.819567505196233e-05,17.39884817795113,17.398930091513648,0.20496460503222355,0.20510332873468945,17.398930091513648
55,7,0.00032349179248620917,0.06102954399425876,0.06426446191912084,13.86022498980606,13.840954204583456,0.03283995157388999,0.24972259675475558,13.840954204583456
55,8,4.281871058647292e-07,0.0001259608815628268,0.0001302427526214741,10.960400943258088,10.961283261299608,0.004081075764271535,0.00465334539481822,10.961283261299608
55,9,2.1849675038221584e-08,0.00010145070475705085,0.00010166920150743307,8.62745659157676,8.627399189037384,0.0003944474190807856,0.0037742075078320498,8.627399189037384
55,10,1.8454399597143103e-08,0.0003769410213005386,0.00037712556529651003,6.771719124745781,6.7718491555227915,2.9703356237254366e-05,0.0069842272847397925,6.7718491555227915
55,11,3.56416383316426e-08,0.00011380811410877366,0.00011416453049209009,5.30579708366527,5.305537514132001,1.7446150219024265e-06,0.0027862844113089574,5.305537514132001
55,12,2.684711036275235,21.266354793776546,48.113465156528896,4.152722013629521,1.8355206687847385,7.997722775691346e-08,1.8355206687847385,1.8355206687847385
55,13,3.2014537329881503e-10,1.9243234152035226e-05,1.9246435605768214e-05,3.248085443256918,3.248071997546407,2.8627773872263956e-09,0.00032055242988804486,3.248071997546407
55,14,2.2090343479923198e-10,6.77244730416699e-05,6.77266820760179e-05,2.5394871616500927,2.5394749201538045,8.003407560458663e-11,0.0009657579658386945,2.5394749201538045
55,15,8.874954920037751e-10,6.230676447880906e-05,6.23156394337291e-05,1.9849840395898264,1.9850052003428174,1.7478205494447078e-12,0.0010563301865827064,1.9850052003428174
55,16,1.355229854223648e-10,2.37443176654989e-05,2.3745672895353126e-05,1.5513231151193096,1.5513066878546449,2.981914094434455e-14,0.00019943099756500776,1.5513066878546449
55,17,5.443495855142239e-09,3.667731466733389e-05,3.6731749625885316e-05,1.2122923680185365,1.2122770509345713,3.9746181287953722e-16,0.001052108552211068,1.2122770509345713
55,18,7.161646975969749e-11,1.2985562930080244e-05,1.298627909477784e-05,0.9473008745475043,0.9472936357347885,4.139170173571913e-18,0.00022100351147546658,0.9472936357347885
55,19,3.190526856292665e-10,7.56919643977255e-06,7.572386966628842e-06,0.7402076249741987,0.7401851257913847,3.3678933901296725e-20,8.506779299764988e-05,0.7401851257913847
55,20,5.102689682894163e-08,1.623007847206601e-05,1.6740347440355426e-05,0.5783756532949839,0.5783419654210274,2.1410970507201e-22,0.00034925080027520364,0.5783419654210274
55,21,4.811482692490637e-11,5.382615575065863e-06,5.383096723335112e-06,0.45191931148196796,0.4519187947490306,1.0635329537896607e-24,0.0003826400247253546,0.4519187947490306
55,22,1.7926374237496174e-09,1.5779751874035477e-05,1.5797678248272973e-05,0.35310864809819714,0.3531207454843773,4.127663051903605e-27,0.0002962250565047081,0.3531207454843773
55,23,6.144510519530554e-09,1.453927280739974e-05,1.4600717912595046e-05,0.2759013142767159,0.2760107246647011,1.251692406084246e-29,0.0002014346765322153,0.2760107246647011
55,24,3.1450521313218783e-06,0.0008041089183983441,0.0008355594397115629,0.2155747371562788,0.21459624751896067,2.9657313603032164e-32,0.0025681070189264793,0.21459624751896067
55,25,8.685404371122857e-08,0.0002066520100508975,0.00020752055048800977,0.16843845295653787,0.16850272529798666,5.490443365551092e-35,0.0014141541549320576,0.16850272529798666
55,26,0.0003371399321487257,1.5579365578480506,1.5613079571695379,0.13160854267326402,0.11814252121751376,7.941903613236137e-38,0.09923991783812436,0.11820274214825306
55,27,9.14449531083729e-06,0.0012687981466295542,0.001360243099737927,0.10283162757376144,0.09929812433609396,8.976018373828387e-41,0.001016183491823834,0.09929812433609396
55,28,6.908991108282273e-07,0.00026395426453160875,0.000270863255639891,0.08034688874830666,0.07925183325411243,7.926559258514568e-44,7.697553136829046e-05,0.07925183325411243
55,29,5.3762826187083805e-05,0.015638582101879166,0.016176210363750006,0.06277857149424129,0.06721276460714358,5.46925069334566e-47,0.00588388761176242,0.06721276460714358
55,30,3.5225023282445512e-06,0.0010096230790152155,0.001044848102297661,0.049051646160226614,0.046523494247877197,2.9485797235512157e-50,0.0034882126477250005,0.046523494247877197
55,31,0.00018440753453366276,0.001829323838403386,0.0036733991837400136,0.03832620997030077,0.01937670222507629,1.2420531508760914e-53,0.0007278507345315107,0.01937670222507629
55,32,0.0001445093588574482,0.003308697193030654,0.0047537907816051364,0.029945938776291883,0.012975072383474577,4.087985896736657e-57,0.0032043255923567106,0.012975072383474577
55,33,5.359065496111771e-05,0.0008296708653747437,0.0013655774149859208,0.023398080102354356,0.013933661098123037,1.0512861958086046e-60,0.0012939800709332611,0.013933661098123037
55,34,2.1533132486993373e-05,0.0002920549722173791,0.0005073862970873128,0.018281936868808205,0.011839517582428122,2.1123912358439096e-64,0.00040457955493009115,0.011839517582428122
55,35,4.634442805670428e-05,0.00023169258059531906,0.0006951368611623619,0.014284483611205177,0.0047354293806822784,3.3164254756163893e-68,0.0002282784151310555,0.0047354293806822784
55,36,2.4190419465540417e-05,0.00012317213794558248,0.00036507633260098667,0.011161085612823161,0.004205546136976757,4.0682516954017187e-72,0.00012134914228711303,0.004205546136976757
55,37,1.0334915372848604e-05,7.361586339370091e-05,0.00017696501712218695,0.008720650268011516,0.004394158804843446,3.8993126034841783e-76,0.00031839663936110023,0.004394158804843446
55,38,6.659753840453429e-06,4.33505390682465e-05,0.00010994807747278079,0.006813819793385616,0.003166934987998331,2.920180978341585e-80,0.00011107678372069474,0.003166934987998331
55,39,7.930046383741424e-06,2.33181182619195e-05,0.00010261858209933374,0.005323940781647147,0.0013865786875003254,1.708733810208657e-84,5.61080164369149e-05,0.0013865786875003254
55,40,2.941589140484995e-06,1.94459356489133e-05,4.886182705376325e-05,0.004159822610457624,0.0017546359213394,7.812323379225454e-89,8.520735907132504e-05,0.0017546359213394
55,41,2.9890655824235916e-06,1.1759034736662576e-05,4.164969056089849e-05,0.0032502562437170136,0.0008279477067614947,2.7908040074387504e-93,0.00012490446666203883,0.0008279477067614947
55,42,1.415886303239038e-06,7.690069362608428e-06,2.1848932394998807e-05,0.00253956262595096,0.00088078399014552,7.789671286284821e-98,6.035807990185295e-05,0.00088078399014552
55,43,5.306246432866422e-07,1.053620478475859e-05,1.5842451217625013e-05,0.001984275856401733,0.0014368854698894986,1.6988414622652328e-102,7.576318948722654e-05,0.0014368854698894986
55,44,7.383734545952604e-07,2.8495865818972177e-06,1.0233321127849821e-05,0.0015503971627889978,0.0003574970467697253,2.8948528976691676e-107,5.3840292022797375e-05,0.0003574970467697253
55,45,5.258104745580087e-07,6.6039493748237465e-06,1.1862054120403833e-05,0.0012113972708590846,0.0004144988262510184,3.8542953297105736e-112,0.00011363803139922447,0.0004144988262510184
55,46,9.519837483233742e-07,2.134053094717364e-05,3.0860368430407384e-05,0.000946513654275706,0.001403135459660854,4.009611324817239e-117,0.0001617662633513273,0.001403135459660854
55,47,5.629930181717685e-08,2.7836517050666435e-06,3.346644723238412e-06,0.000739556369191624,0.0005514549190483122,3.2591608933291177e-122,7.213289786898838e-05,0.0005514549190483122
55,48,1.2259925366949914e-08,6.4159582324049615e-06,6.538557486074461e-06,0.0005778440128660356,0.0005173028213182211,2.069885846672485e-127,7.111579763358086e-05,0.0005173028213182211
55,49,1.298537096731972e-07,9.021015342382979e-06,1.031955243911495e-05,0.00045149838486827076,0.0008590293691759489,1.0271535420220983e-132,8.205702584816747e-05,0.0008590293691759489
60,0,1.1194885583285282e-19,8.473186433063508e-29,1.11948855841326e-18,40.212385860203675,40.212385860210254,40.212385860203675,40.2123858602102,40.212385860210254
60,1,1.0874740339253761e-07,0.0003448271266152343,0.0003459146006491597,39.01860822557467,39.018141983178204,34.4899718687309,34.49929667057377,39.018141983178204
60,2,7.219373818148814e-05,2.1482692687757448,2.1489912061575596,35.76810951683773,35.75609338283539,21.836360227520203,2.5928127525645734e-06,35.75609338283539
60,3,3.8716415961551653e-10,3.41246265599478e-05,3.412849820154395e-05,31.252265253826952,31.252241281731937,10.29606070808591,10.2990235587676,31.252241281731937
60,4,0.0815682696421918,52.33266160781194,53.14834430423386,26.31894796557784,25.915046320031717,3.655994885024816,25.914390816324527,25.915046320031717
60,5,2.1936882209708403e-06,0.034022632803630416,0.034044569685840124,21.589810521465168,21.590392705562852,0.9880421629742486,1.0094364896022288,21.590392705562852
60,6,2.2024997044348806e-10,2.503082884354917e-05,2.5033031343253604e-05,17.39884817795113,17.398827193405804,0.20496460503222355,0.20520335698676512,17.398827193405804
60,7,8.962537310370553e-05,0.02007645469913594,0.020972708430172998,13.86022498980606,13.86287769283778,0.03283995157388999,0.13242896621107209,13.86287769283778
60,8,2.1381688118484986e-08,0.00012192469728079655,0.0001221385141619814,10.960400943258088,10.960214610796502,0.004081075764271535,0.00492624318979559,10.960214610796502
60,9,8.881992369059899e-09,3.9596578849823324e-05,3.968539877351392e-05,8.62745659157676,8.627409043037925,0.0003944474190807856,0.002040660351608835,8.627409043037925
60,10,1.1513797685560259e-08,0.00033509923054584787,0.0003352143685227035,6.771719124745781,6.7715816735177965,2.9703356237254366e-05,0.0070040753037031835,6.7715816735177965
60,11,3.3053392391993716e-08,0.00010590504873853683,0.00010623558266245676,5.30579708366527,5.305617259509496,1.7446150219024265e-06,0.004126853834448882,5.305617259509496
60,12,2.684711036275235,21.266354793776546,48.113465156528896,4.152722013629521,1.8355206687847385,7.997722775691346e-08,1.8355206687847385,1.8355206687847385
60,13,8.65983675146678e-11,1.8285774017169225e-05,1.828664000084437e-05,3.248085443256918,3.2480978026617002,2.8627773872263956e-09,0.000277277865332423,3.2480978026617002
60,14,4.6412603463988174e-08,6.580200039070738e-05,6.626612642534726e-05,2.5394871616500927,2.539532678308106,8.003407560458663e-11,0.0009719383219877857,2.539532678308106
60,15,3.70494702171703e-08,3.7404323362957074e-05,3.7774818065128775e-05,1.9849840395898264,1.9847193609949825,1.7478205494447078e-12,0.0009795520177737055,1.9847193609949825
60,16,1.8091210725285152e-09,2.0071286669595148e-05,2.0089377880320432e-05,1.5513231151193096,1.551381218929993,2.981914094434455e-14,0.0001412240142772665,1.551381218929993
60,17,1.3409333653674262e-10,2.2887892466519123e-05,2.288923339988449e-05,1.2122923680185365,1.2122887502223698,3.9746181287953722e-16,0.0007555080137357683,1.2122887502223698
60,18,7.161646975969749e-11,1.2985562930080244e-05,1.298627909477784e-05,0.9473008745475043,0.9472936357347885,4.139170173571913e-18,0.00022100351147546658,0.9472936357347885
60,19,2.0852143613358354e-10,7.2233529239515566e-06,7.225438138312893e-06,0.7402076249741987,0.7401898131075935,3.3678933901296725e-20,9.144328278309768e-05,0.7401898131075935
60,20,7.683917593420893e-10,3.2966639931858723e-06,3.3043479107792934e-06,0.5783756532949839,0.5783616469063437,2.1410970507201e-22,0.0002694725941769174,0.5783616469063437
60,21,4.811482692490637e-11,5.382615575065863e-06,5.383096723335112e-06,0.45191931148196796,0.4519187947490306,1.0635329537896607e-24,0.0003826400247253546,0.4519187947490306
60,22,4.4090349633675934e-10,6.957407974332121e-06,6.9618170092954885e-06,0.35310864809819714,0.35308235330049437,4.127663051903605e-27,4.187164084324429e-05,0.35308235330049437
60,23,2.343113835546456e-09,1.3911894020854539e-05,1.3935325159210004e-05,0.2759013142767159,0.27592398906139376,1.251692406084246e-29,0.00010090438250431211,0.27592398906139376
60,24,1.7738841957179587e-06,0.0007714647120569943,0.0007892035540141739,0.2155747371562788,0.2152831419128797,2.9657313603032164e-32,0.0029513360789611663,0.2152831419128797
60,25,7.113509627077335e-07,0.00014330930891999833,0.00015042281854707565,0.16843845295653787,0.1672966174376721,5.490443365551092e-35,0.0009817464290937288,0.1672966174376721
60,26,1.5859468289567156e-06,0.002606017383982999,0.0026218768522725663,0.13160854267326402,0.13104332063431143,7.941903613236137e-38,0.0017084934954465043,0.13104332063431143
60,27,1.652435681137383e-05,0.0006586129217158815,0.0008238564898296198,0.10283162757376144,0.10128673764345714,8.976018373828387e-41,0.0004864140856809235,0.10128673764345714
60,28,7.155864429290325e-07,0.00015069087170515243,0.00015784673613444277,0.08034688874830666,0.08004319722518945,7.926559258514568e-44,0.00026870022032619395,0.08004319722518945
60,29,1.4227924635426795e-08,0.0007445755067468312,0.0007447177859931855,0.06277857149424129,0.06262642536914813,5.46925069334566e-47,0.0008905799680000541,0.06262642536914813
60,30,1.4158509292356335e-07,0.000641695814580716,0.0006431116655099516,0.049051646160226614,0.04869500349720441,2.9485797235512157e-50,0.0015443607401673558,0.04869500349720441
60,31,0.00013309978126409153,0.0022061719681235226,0.003537169780764438,0.03832620997030077,0.022117716213016007,1.2420531508760914e-53,0.0013049425235663419,0.022117716213016007
60,32,0.00019367745518902564,0.001058446395824396,0.0029952209477146522,0.029945938776291883,0.010386003282136892,4.087985896736657e-57,0.0012664566293083242,0.010386003282136892
60,33,4.35584827769368e-05,0.0008325405608120933,0.0012681253885814612,0.023398080102354356,0.016897560972012036,1.0512861958086046e-60,0.0007915518603260483,0.016897560972012036
60,34,1.8679984720857124e-05,0.00029488683858607087,0.0004816866857946421,0.018281936868808205,0.01223696027301653,2.1123912358439096e-64,0.0003772115467192262,0.01223696027301653
60,35,4.713350904906927e-05,0.00020878582207470937,0.0006801209125654021,0.014284483611205177,0.004615146018216241,3.3164254756163893e-68,0.00036784311613582646,0.004615146018216241
60,36,2.2605130543670334e-05,0.00012928506647195953,0.00035533637190866287,0.011161085612823161,0.004467865881916106,4.0682516954017187e-72,0.00011425423609620497,0.004467865881916106
60,37,8.835814204780299e-06,7.161907708971773e-05,0.00015997721913752071,0.008720650268011516,0.004808730653061338,3.8993126034841783e-76,0.00023513672445191596,0.004808730653061338
60,38,6.659753840453429e-06,4.33505390682465e-05,0.00010994807747278079,0.006813819793385616,0.003166934987998331,2.920180978341585e-80,0.00011107678372069474,0.003166934987998331
60,39,7.930046383741424e-06,2.33181182619195e-05,0.00010261858209933374,0.005323940781647147,0.0013865786875003254,1.708733810208657e-84,5.61080164369149e-05,0.0013865786875003254
60,40,2.941589140484995e-06,1.94459356489133e-05,4.886182705376325e-05,0.004159822610457624,0.0017546359213394,7.812323379225454e-89,8.520735907132504e-05,0.0017546359213394
60,41,2.964338719917353e-06,1.1158820302744843e-05,4.080220750191837e-05,0.0032502562437170136,0.0008297069671737668,2.7908040074387504e-93,9.377737401980025e-05,0.0008297069671737668
60,42,1.415886303239038e-06,7.690069362608428e-06,2.1848932394998807e-05,0.00253956262595096,0.00088078399014552,7.789671286284821e-98,6.035807990185295e-05,0.00088078399014552
60,43,5.306246432866422e-07,1.053620478475859e-05,1.5842451217625013e-05,0.001984275856401733,0.0014368854698894986,1.6988414622652328e-102,7.576318948722654e-05,0.0014368854698894986
60,44,7.383734545952604e-07,2.8495865818972177e-06,1.0233321127849821e-05,0.0015503971627889978,0.0003574970467697253,2.8948528976691676e-107,5.3840292022797375e-05,0.0003574970467697253
60,45,5.26943100937546e-07,5.957356325554235e-06,1.1226787334929696e-05,0.0012113972708590846,0.0003617371882144786,3.8542953297105736e-112,0.00011928850336302265,0.0003617371882144786
60,46,5.52942439976564e-07,1.2251691016998683e-05,1.7781115416764323e-05,0.000946513654275706,0.001056272527677199,4.009611324817239e-117,8.726176458314473e-05,0.001056272527677199
60,47,5.629930181717685e-08,2.7836517050666435e-06,3.346644723238412e-06,0.000739556369191624,0.0005514549190483122,3.2591608933291177e-122,7.213289786898838e-05,0.0005514549190483122
60,48,1.2259925366949914e-08,6.4159582324049615e-06,6.538557486074461e-06,0.0005778440128660356,0.0005173028213182211,2.069885846672485e-127,7.111579763358086e-05,0.0005173028213182211
60,49,1.298537096731972e-07,9.021015342382979e-06,1.031955243911495e-05,0.00045149838486827076,0.0008590293691759489,1.0271535420220983e-132,8.205702584816747e-05,0.0008590293691759489
65,0,1.1194885583285282e-19,8.473186433063508e-29,1.11948855841326e-18,40.212385860203675,40.212385860210254,40.212385860203675,40.2123858602102,40.212385860210254
65,1,3.706333824096294e-07,0.00012999051580520277,0.00013369684962929906,39.01860822557467,39.017747346542194,34.4899718687309,34.50602385677301,39.017747346542194
65,2,7.219373818148814e-05,2.1482692687757448,2.1489912061575596,35.76810951683773,35.75609338283539,21.836360227520203,2.5928127525645734e-06,35.75609338283539
65,3,4.3559393185355234e-11,2.732999260486482e-05,2.7330428198796673e-05,31.252265253826952,31.252258355798176,10.29606070808591,10.29945181071291,31.252258355798176
65,4,0.08156833065994203,52.332595266913394,53.14827857351281,26.31894796557784,25.91504616896152,3.655994885024816,25.91437266400677,25.91504616896152
65,5,1.2485686039145358e-05,0.02391550743432268,0.024040364294714133,21.589810521465168,21.585008940873337,0.9880421629742486,1.008727072378429,21.585008940873337
65,6,6.757420390953372e-08,1.9797951395191172e-05,2.047369343428651e-05,17.39884817795113,17.398514763400232,0.20496460503222355,0.2053920893952525,17.398514763400232
65,7,3.1605688406720666e-05,0.01532051600782184,0.015636572891889047,13.86022498980606,13.863552978839081,0.03283995157388999,0.1104756375036192,13.863552978839081
65,8,2.3753207069828493e-09,8.626790151839949e-05,8.629165472546932e-05,10.960400943258088,10.960464397970997,0.004081075764271535,0.0014105624223188322,10.960464397970997
65,9,1.847518160111733e-10,3.6744154832247994e-05,3.674600235040811e-05,8.62745659157676,8.62747040123645,0.0003944474190807856,0.0024756523176491714,8.62747040123645
65,10,8.739251888533373e-08,0.0002468038666677443,0.0002476777918565977,6.771719124745781,6.771490197870195,2.9703356237254366e-05,0.00603160297180832,6.771490197870195
65,11,4.6110161670001637e-10,9.645619938775248e-05,9.646081040391949e-05,5.30579708366527,5.305790858921125,1.7446150219024265e-06,0.0027499610692579926,5.305790858921125
65,12,2.684711036275235,21.266354793776546,48.113465156528896,4.152722013629521,1.8355206687847385,7.997722775691346e-08,1.8355206687847385,1.8355206687847385
65,13,3.063395641355017e-08,1.1939412354754668e-05,1.224575191889017e-05,3.248085443256918,3.2479001997406716,2.8627773872263956e-09,0.00018602021505519545,3.2479001997406716
65,14,2.3812287881233617e-08,4.397420597666663e-05,4.4212328855478964e-05,2.5394871616500927,2.539412322498385,8.003407560458663e-11,0.0008603667271091458,2.539412322498385
65,15,5.423505847679025e-08,2.5711682126259633e-05,2.6254032711027534e-05,1.9849840395898264,1.9853099974237423,1.7478205494447078e-12,0.000512632165316929,1.9853099974237423
65,16,2.620625212096011e-09,1.711271197108848e-05,1.713891822320944e-05,1.5513231151193096,1.5513948325316762,2.981914094434455e-14,0.00030897546780558026,1.5513948325316762
65,17,6.563260091144331e-08,1.5667264969785138e-05,1.6323590978899572e-05,1.2122923680185365,1.2119392910459212,3.9746181287953722e-16,0.00025402707742078743,1.2119392910459212
65,18,7.161646975969749e-11,1.2985562930080244e-05,1.298627909477784e-05,0.9473008745475043,0.9472936357347885,4.139170173571913e-18,0.00022100351147546658,0.9472936357347885
65,19,9.48950510730992e-10,6.907115027876197e-06,6.916604532983507e-06,0.7402076249741987,0.7402460497687455,3.3678933901296725e-20,0.0001278517214912422,0.7402460497687455
65,20,4.258027345969523e-09,1.858981558970045e-06,1.9015618324297402e-06,0.5783756532949839,0.5784516800521189,2.1410970507201e-22,0.00010570523450312612,0.5784516800521189
65,21,4.811482692490637e-11,5.382615575065863e-06,5.383096723335112e-06,0.45191931148196796,0.4519187947490306,1.0635329537896607e-24,0.0003826400247253546,0.4519187947490306
65,22,7.374812793020075e-11,5.855927884492096e-06,5.856665365771398e-06,0.35310864809819714,0.35309932793961335,4.127663051903605e-27,4.3399083556185505e-05,0.35309932793961335
65,23,6.05464734293365e-09,2.5805052872527613e-06,2.6410517606820978e-06,0.2759013142767159,0.2758044327058062,1.251692406084246e-29,0.0001966495397157805,0.2758044327058062
65,24,2.102258555997803e-06,0.000549811058887031,0.000570833644447009,0.2155747371562788,0.21458437988183046,2.9657313603032164e-32,0.0024171331998105385,0.21458437988183046
65,25,7.058381680161276e-08,0.00011381085728616528,0.00011451669545418141,0.16843845295653787,0.16840759700032212,5.490443365551092e-35,5.732213689899664e-05,0.16840759700032212
65,26,2.3307941307740202e-05,0.029194271452863806,0.02942735086594121,0.13160854267326402,0.13681138955869787,7.941903613236137e-38,0.014499146309768231,0.13681138955869787
65,27,9.737269283599818e-06,0.0004962326957847327,0.0005936053886207308,0.10283162757376144,0.10200182537814664,8.976018373828387e-41,0.000346678206869189,0.10200182537814664
65,28,6.803783350061553e-07,0.0001187556139876342,0.00012555939733769575,0.08034688874830666,0.07929916298538595,7.926559258514568e-44,0.0003979906028747211,0.07929916298538595
65,29,3.621811766621064e-06,0.000423457589849239,0.00045967570751544965,0.06277857149424129,0.06009486844959903,5.46925069334566e-47,0.0005192086714255525,0.06009486844959903
65,30,8.411898354075372e-07,0.0005695816726837365,0.0005779935710378118,0.049051646160226614,0.048605989863195774,2.9485797235512157e-50,0.0010146303979265798,0.048605989863195774
65,31,8.559637045370357e-05,0.0020817919361901375,0.0029377556407271734,0.03832620997030077,0.026166303295015673,1.2420531508760914e-53,0.0015013043551082507,0.026166303295015673
65,32,0.00014829142909394188,0.0012043958998455455,0.0026873101907849643,0.029945938776291883,0.0131311166475923,4.087985896736657e-57,0.0014797312846658078,0.0131311166475923
65,33,4.0424560521565e-05,0.0007982670178087905,0.0012025126230244404,0.023398080102354356,0.01666276600804684,1.0512861958086046e-60,0.0007849925242138732,0.01666276600804684
65,34,1.3573148836597288e-05,0.00034625368778653506,0.00048198517615250793,0.018281936868808205,0.01307286405729696,2.1123912358439096e-64,0.00042909155390919384,0.01307286405729696
65,35,4.526682333211995e-05,0.00021300209937495865,0.0006656703326961582,0.014284483611205177,0.004802359654761379,3.3164254756163893e-68,0.0006773183347299981,0.004802359654761379
65,36,2.2868407585101976e-05,0.00012180957931775747,0.00035049365516877726,0.011161085612823161,0.004430452016589332,4.0682516954017187e-72,0.00031474989671134555,0.004430452016589332
65,37,6.857775219667853e-06,7.217583968963332e-05,0.00014075359188631185,0.008720650268011516,0.005306924409633766,3.8993126034841783e-76,0.0001601024103280725,0.005306924409633766
65,38,6.659753840453429e-06,4.33505390682465e-05,0.00010994807747278079,0.006813819793385616,0.003166934987998331,2.920180978341585e-80,0.00011107678372069474,0.003166934987998331
65,39,7.930046383741424e-06,2.33181182619195e-05,0.00010261858209933374,0.005323940781647147,0.0013865786875003254,1.708733810208657e-84,5.61080164369149e-05,0.0013865786875003254
65,40,2.941589140484995e-06,1.94459356489133e-05,4.886182705376325e-05,0.004159822610457624,0.0017546359213394,7.812323379225454e-89,8.520735907132504e-05,0.0017546359213394
65,41,2.9552909843366065e-06,1.1242323917013346e-05,4.079523376037941e-05,0.0032502562437170136,0.0008315193404997044,2.7908040074387504e-93,9.233841414120535e-05,0.0008315193404997044
65,42,1.415886303239038e-06,7.690069362608428e-06,2.1848932394998807e-05,0.00253956262595096,0.00088078399014552,7.789671286284821e-98,6.035807990185295e-05,0.00088078399014552
65,43,5.306246432866422e-07,1.053620478475859e-05,1.5842451217625013e-05,0.001984275856401733,0.0014368854698894986,1.6988414622652328e-102,7.576318948722654e-05,0.0014368854698894986
65,44,7.383734545952604e-07,2.8495865818972177e-06,1.0233321127849821e-05,0.0015503971627889978,0.0003574970467697253,2.8948528976691676e-107,5.3840292022797375e-05,0.0003574970467697253
65,45,5.162237097535247e-07,5.960576141977997e-06,1.1122813239513243e-05,0.0012113972708590846,0.0003475070719455087,3.8542953297105736e-112,0.00012154678000844869,0.0003475070719455087
65,46,5.176970927159646e-07,9.962553613391304e-06,1.513952454055095e-05,0.000946513654275706,0.0009846311445656298,4.009611324817239e-117,9.998879988279655e-05,0.0009846311445656298
65,47,5.629930181717685e-08,2.7836517050666435e-06,3.346644723238412e-06,0.000739556369191624,0.0005514549190483122,3.2591608933291177e-122,7.213289786898838e-05,0.0005514549190483122
65,48,1.2259925366949914e-08,6.4159582324049615e-06,6.538557486074461e-06,0.0005778440128660356,0.0005173028213182211,2.069885846672485e-127,7.111579763358086e-05,0.0005173028213182211
65,49,1.298537096731972e-07,9.021015342382979e-06,1.031955243911495e-05,0.00045149838486827076,0.0008590293691759489,1.0271535420220983e-132,8.205702584816747e-05,0.0008590293691759489
70,0,1.1194885583285282e-19,8.473186433063508e-29,1.11948855841326e-18,40.212385860203675,40.212385860210254,40.212385860203675,40.2123858602102,40.212385860210254
70,1,4.821509219929424e-09,8.377588844041289e-05,8.382410353261219e-05,39.01860822557467,39.01870641734244,34.4899718687309,34.494580843923174,39.01870641734244
70,2,7.219373818148814e-05,2.1482692687757448,2.1489912061575596,35.76810951683773,35.75609338283539,21.836360227520203,2.5928127525645734e-06,35.75609338283539
70,3,4.015643591416001e-09,2.4239172185550096e-05,2.4279328621464255e-05,31.252265253826952,31.252190860556897,10.29606070808591,10.298604194194679,31.252190860556897
70,4,0.08156839414494857,52.332525735617175,53.14820967706666,26.31894796557784,25.91504601178287,3.655994885024816,25.91435362429554,25.91504601178287
70,5,8.931688699387737e-07,0.02052947339257295,0.02053840508127234,21.589810521465168,21.58859336731387,0.9880421629742486,0.9636243275274707,21.58859336731387
70,6,4.52165296023068e-11,1.0018026074161491e-05,1.0018478239457514e-05,17.39884817795113,17.398847370958073,0.20496460503222355,0.20620365220694342,17.398847370958073
70,7,1.2533266747476609e-05,0.011929821261636313,0.012055153929111079,13.86022498980606,13.85522228426226,0.03283995157388999,0.08497227508594152,13.85522228426226
70,8,3.3195273674351625e-11,8.333296126737513e-05,8.333329322011187e-05,10.960400943258088,10.960393487313572,0.004081075764271535,0.0013606681519641355,10.960393487313572
70,9,2.6292305802672048e-08,2.8773192771224328e-05,2.9036115829251048e-05,8.62745659157676,8.627262381627688,0.0003944474190807856,0.0024437346038190194,8.627262381627688
70,10,2.410836533507269e-07,0.00015416025852547422,0.00015657109505898148,6.771719124745781,6.772357788097567,2.9703356237254366e-05,0.005585264920495325,6.772357788097567
70,11,2.664660415443809e-09,9.589098311783628e-05,9.591762972199071e-05,5.30579708366527,5.3058663757250315,1.7446150219024265e-06,0.0025320724299477725,5.3058663757250315
70,12,2.684711036275235,21.266354793776546,48.113465156528896,4.152722013629521,1.8355206687847385,7.997722775691346e-08,1.8355206687847385,1.8355206687847385
70,13,1.3520023878690677e-08,7.573162067285909e-06,7.708362306072816e-06,3.248085443256918,3.2482491745600903,2.8627773872263956e-09,0.0003883515451967002,3.2482491745600903
70,14,1.652248544596877e-08,3.369399067135517e-05,3.3859215525814855e-05,2.5394871616500927,2.5396688050219502,8.003407560458663e-11,0.001028094749287023,2.5396688050219502
70,15,2.189695395039965e-07,1.8616674109955545e-05,2.080636950499551e-05,1.9849840395898264,1.9856254944580123,1.7478205494447078e-12,0.00035975070323083954,1.9856254944580123
70,16,5.991309349315281e-11,1.6345209515285682e-05,1.6345808646220613e-05,1.5513231151193096,1.551331073677615,2.981914094434455e-14,0.00033875907428848406,1.551331073677615
70,17,1.5686610564564344e-09,1.4411765819743339e-05,1.4427452430307903e-05,1.2122923680185365,1.2123096421592687,3.9746181287953722e-16,0.00034085355460913115,1.2123096421592687
70,18,7.161646975969749e-11,1.2985562930080244e-05,1.298627909477784e-05,0.9473008745475043,0.9472936357347885,4.139170173571913e-18,0.00022100351147546658,0.9472936357347885
70,19,6.2498774146656115e-09,6.867001750910473e-06,6.9295005250571286e-06,0.7402076249741987,0.7403003647130226,3.3678933901296725e-20,0.0001353075123354052,0.7403003647130226
70,20,2.7686636624033843e-11,1.306826500898103e-06,1.3071033672643433e-06,0.5783756532949839,0.5783755945871315,2.1410970507201e-22,0.00013131816071395276,0.5783755945871315
70,21,4.811482692490637e-11,5.382615575065863e-06,5.383096723335112e-06,0.45191931148196796,0.4519187947490306,1.0635329537896607e-24,0.0003826400247253546,0.4519187947490306
70,22,1.7520113519773087e-10,5.581075924129637e-06,5.582827935481614e-06,0.35310864809819714,0.35309092471210607,4.127663051903605e-27,2.5003604164486107e-05,0.35309092471210607
70,23,1.0763726471438442e-11,1.4070019709473329e-06,1.4071096082120472e-06,0.2759013142767159,0.275898180179341,1.251692406084246e-29,0.00017713248956826186,0.275898180179341
70,24,4.610095636417076e-06,0.0004572133622831653,0.0005033143186473361,0.2155747371562788,0.21562226847426422,2.9657313603032164e-32,0.0029266835004346644,0.21562226847426422
70,25,5.975449303555659e-08,9.707048517561726e-05,9.766803010597282e-05,0.16843845295653787,0.1683475134896015,5.490443365551092e-35,0.00034956445651189986,0.1683475134896015
70,26,3.379209554697465e-05,0.001671031012865552,0.0020089519683352984,0.13160854267326402,0.13309585266561863,7.941903613236137e-38,0.003526970797399527,0.13309585266561863
70,27,1.4261398024790711e-05,0.00034332358684932785,0.00048593756709723493,0.10283162757376144,0.1018486601597138,8.976018373828387e-41,0.00033432757228661527,0.1018486601597138
70,28,3.7612130504377835e-07,1.1793977514611838e-05,1.555519056504962e-05,0.08034688874830666,0.08021945955339571,7.926559258514568e-44,2.452952227808273e-05,0.08021945955339571
70,29,6.915111503608221e-07,0.0003951604075421529,0.0004020755190457611,0.06277857149424129,0.06199019762524193,5.46925069334566e-47,0.0005442559935408097,0.06199019762524193
70,30,1.4545548244383891e-06,0.0004522377901376828,0.0004667833383820667,0.049051646160226614,0.04737939368492469,2.9485797235512157e-50,0.00078682130149728,0.04737939368492469
70,31,5.596130573714643e-05,0.0015586405202195235,0.0021182535775909877,0.03832620997030077,0.028677872465376574,1.2420531508760914e-53,0.0009141623871239906,0.028677872465376574
70,32,0.00012721858119315793,0.0013422199706603789,0.0026144057825919585,0.029945938776291883,0.014517315935293965,4.087985896736657e-57,0.0020373887145748015,0.014517315935293965
70,33,5.944622329292679e-05,0.0035979642027794407,0.004192426435708709,0.023398080102354356,0.01760531073307023,1.0512861958086046e-60,0.0023888200809434245,0.01760531073307023
70,34,9.121428326431748e-06,0.000358479674975329,0.00044969395823964646,0.018281936868808205,0.014012213538992176,2.1123912358439096e-64,0.0005745507887580495,0.014012213538992176
70,35,3.899823753200749e-05,0.0002559658263043579,0.0006459482016244328,0.014284483611205177,0.005491222217722918,3.3164254756163893e-68,0.00048191611492841687,0.005491222217722918
70,36,2.251614636419831e-05,0.00012327546779590797,0.00034843693143789105,0.011161085612823161,0.004483741064907048,4.0682516954017187e-72,0.00026396826238232404,0.004483741064907048
70,37,6.6333648710012155e-06,7.216600324063995e-05,0.0001384996519506521,0.008720650268011516,0.005324842044911437,3.8993126034841783e-76,0.0002429761130436513,0.005324842044911437
70,38,6.659753840453429e-06,4.33505390682465e-05,0.00010994807747278079,0.006813819793385616,0.003166934987998331,2.920180978341585e-80,0.00011107678372069474,0.003166934987998331
70,39,7.930046383741424e-06,2.33181182619195e-05,0.00010261858209933374,0.005323940781647147,0.0013865786875003254,1.708733810208657e-84,5.61080164369149e-05,0.0013865786875003254
70,40,2.941589140484995e-06,1.94459356489133e-05,4.886182705376325e-05,0.004159822610457624,0.0017546359213394,7.812323379225454e-89,8.520735907132504e-05,0.0017546359213394
70,41,2.9552909843366065e-06,1.1242323917013346e-05,4.079523376037941e-05,0.0032502562437170136,0.0008315193404997044,2.7908040074387504e-93,9.233841414120535e-05,0.0008315193404997044
70,42,1.415886303239038e-06,7.690069362608428e-06,2.1848932394998807e-05,0.00253956262595096,0.00088078399014552,7.789671286284821e-98,6.035807990185295e-05,0.00088078399014552
70,43,5.306246432866422e-07,1.053620478475859e-05,1.5842451217625013e-05,0.001984275856401733,0.0014368854698894986,1.6988414622652328e-102,7.576318948722654e-05,0.0014368854698894986
70,44,7.383734545952604e-07,2.8495865818972177e-06,1.0233321127849821e-05,0.0015503971627889978,0.0003574970467697253,2.8948528976691676e-107,5.3840292022797375e-05,0.0003574970467697253
70,45,5.469118081503386e-07,5.555065610575099e-06,1.1024183692078484e-05,0.0012113972708590846,0.00030334648290145826,3.8542953297105736e-112,0.00012380729940907374,0.00030334648290145826
70,46,4.6867495434067496e-07,1.033539199044761e-05,1.502214153385436e-05,0.000946513654275706,0.0009422682198317936,4.009611324817239e-117,6.399488417678417e-05,0.0009422682198317936
70,47,5.629930181717685e-08,2.7836517050666435e-06,3.346644723238412e-06,0.000739556369191624,0.0005514549190483122,3.2591608933291177e-122,7.213289786898838e-05,0.0005514549190483122
70,48,1.2259925366949914e-08,6.4159582324049615e-06,6.538557486074461e-06,0.0005778440128660356,0.0005173028213182211,2.069885846672485e-127,7.111579763358086e-05,0.0005173028213182211
70,49,1.298537096731972e-07,9.021015342382979e-06,1.031955243911495e-05,0.00045149838486827076,0.0008590293691759489,1.0271535420220983e-132,8.205702584816747e-05,0.0008590293691759489
75,0,1.1194885583285282e-19,8.473186433063508e-29,1.11948855841326e-18,40.212385860203675,40.212385860210254,40.212385860203675,40.2123858602102,40.212385860210254
75,1,6.464613590956296e-09,7.092928397059118e-05,7.099393010650075e-05,39.01860822557467,39.01849452224271,34.4899718687309,34.489619495476205,39.01849452224271
75,2,7.219373818148814e-05,2.1482692687757448,2.1489912061575596,35.76810951683773,35.75609338283539,21.836360227520203,2.5928127525645734e-06,35.75609338283539
75,3,8.736144228878345e-10,2.3710516591512052e-05,2.371925273574093e-05,31.252265253826952,31.252307012837395,10.29606070808591,10.296907700279249,31.252307012837395
75,4,0.0815684602542381,52.33245277733354,53.14813737987593,26.31894796557784,25.915045848107003,3.655994885024816,25.9143336306727,25.915045848107003
75,5,4.417000406079764e-06,0.016593802760909028,0.016637972764969824,21.589810521465168,21.586996353281695,0.9880421629742486,0.9626172082132531,21.586996353281695
75,6,1.9600404427320085e-09,9.237310757213637e-06,9.256911161640957e-06,17.39884817795113,17.3987876941856,0.20496460503222355,0.20604888943174832,17.3987876941856
75,7,9.161797426383392e-06,0.011594205653232355,0.011685823627496188,13.86022498980606,13.86019162000713,0.03283995157388999,0.09911356072993355,13.86019162000713
75,8,1.8007286303715069e-07,7.883808262660072e-05,8.063881125697223e-05,10.960400943258088,10.961000389977043,0.004081075764271535,0.0015291071141345866,10.961000389977043
75,9,3.4112069607311166e-07,2.4007614247367704e-05,2.741882120809882e-05,8.62745659157676,8.628151594835789,0.0003944474190807856,0.0007175388322155795,8.628151594835789
75,10,8.45987387999778e-09,0.00010338391544270044,0.00010346851418150042,6.771719124745781,6.771593269553686,2.9703356237254366e-05,0.003850376602030556,6.771593269553686
75,11,2.88867948696407e-07,6.84625056358529e-05,7.135118512281697e-05,5.30579708366527,5.305043672115262,1.7446150219024265e-06,0.0020573592342706926,5.305043672115262
75,12,2.684711036275235,21.266354793776546,48.113465156528896,4.152722013629521,1.8355206687847385,7.997722775691346e-08,1.8355206687847385,1.8355206687847385
75,13,9.65424809434072e-10,4.433960707026275e-06,4.443614955120616e-06,3.248085443256918,3.2481286460764642,2.8627773872263956e-09,0.0002678370090219865,3.2481286460764642
75,14,1.4965663437592507e-09,2.809971349582216e-05,2.8114679159259754e-05,2.5394871616500927,2.539486129603721,8.003407560458663e-11,0.000864053342224332,2.539486129603721
75,15,3.3438756347065928e-09,1.5538011539664257e-05,1.557145029601132e-05,1.9849840395898264,1.9849164260145276,1.7478205494447078e-12,0.00046397021220767777,1.9849164260145276
75,16,7.376551266789676e-11,1.6112691614461374e-05,1.6113429269588053e-05,1.5513231151193096,1.5513316991759514,2.981914094434455e-14,0.00032026015957914666,1.5513316991759514
75,17,1.207195689638786e-10,9.390769971882778e-06,9.391977167572417e-06,1.2122923680185365,1.2123054227900434,3.9746181287953722e-16,0.00019169365406207124,1.2123054227900434
75,18,7.161646975969749e-11,1.2985562930080244e-05,1.298627909477784e-05,0.9473008745475043,0.9472936357347885,4.139170173571913e-18,0.00022100351147546658,0.9472936357347885
75,19,1.8067647873702918e-09,5.243246820265881e-06,5.261314468139584e-06,0.7402076249741987,0.7402429710963816,3.3678933901296725e-20,0.000156750995508447,0.7402429710963816
75,20,2.7686636624033843e-11,1.306826500898103e-06,1.3071033672643433e-06,0.5783756532949839,0.5783755945871315,2.1410970507201e-22,0.00013131816071395276,0.5783755945871315
75,21,4.811482692490637e-11,5.382615575065863e-06,5.383096723335112e-06,0.45191931148196796,0.4519187947490306,1.0635329537896607e-24,0.0003826400247253546,0.4519187947490306
75,22,5.743904930074685e-12,5.103543508060677e-06,5.103600947109978e-06,0.35310864809819714,0.353109660103779,4.127663051903605e-27,6.431978279741377e-05,0.353109660103779
75,23,1.0763726471438442e-11,1.4070019709473329e-06,1.4071096082120472e-06,0.2759013142767159,0.275898180179341,1.251692406084246e-29,0.00017713248956826186,0.275898180179341
75,24,7.052101399330987e-06,0.0003868543167706583,0.0004573753307639682,0.2155747371562788,0.21485816929551482,2.9657313603032164e-32,0.0032642849817780973,0.21485816929551482
75,25,1.8262758978675586e-07,7.27313327353036e-05,7.455760863317116e-05,0.16843845295653787,0.16850033424098002,5.490443365551092e-35,0.00040428713375160167,0.16850033424098002
75,26,3.218762404493802e-05,0.0006614246962078946,0.0009833009366572748,0.13160854267326402,0.13113306705403552,7.941903613236137e-38,0.0017592062290831187,0.13113306705403552
75,27,3.760064123461402e-06,0.0003715906232031543,0.00040919126443776833,0.10283162757376144,0.10209910495272499,8.976018373828387e-41,0.00043365595279190117,0.10209910495272499
75,28,6.81763205973589e-08,7.526225235931379e-06,8.207988441904968e-06,0.08034688874830666,0.08009262806693232,7.926559258514568e-44,6.239450953396796e-05,0.08009262806693232
75,29,6.493376359313783e-07,0.0002748228563993042,0.000281316232758618,0.06277857149424129,0.06212178472516728,5.46925069334566e-47,0.0001848238873078021,0.06212178472516728
75,30,4.162403415421709e-07,0.0003309709702696249,0.0003351333736850466,0.049051646160226614,0.04820030959905496,2.9485797235512157e-50,0.0006803464917118879,0.04820030959905496
75,31,5.034988771162947e-05,0.0014255052652978077,0.0019290041424141024,0.03832620997030077,0.028494586870127795,1.2420531508760914e-53,0.001290345819411829,0.028494586870127795
75,32,8.454971268547549e-05,0.0014568755051478448,0.0023023726320025996,0.029945938776291883,0.017271270690965353,4.087985896736657e-57,0.0009151415634811988,0.017271270690965353
75,33,4.28666734191628e-05,0.0006803839385260007,0.0011090506727176287,0.023398080102354356,0.01624998663469204,1.0512861958086046e-60,0.0008106681664022525,0.01624998663469204
75,34,1.1338183337946277e-05,0.0003302525638208339,0.0004436343972002967,0.018281936868808205,0.013525838531058081,2.1123912358439096e-64,0.0006122826263437876,0.013525838531058081
75,35,3.843620402529908e-05,0.0002553178871728726,0.0006396799274258634,0.014284483611205177,0.005547244298853213,3.3164254756163893e-68,0.0005428707708246358,0.005547244298853213
75,36,2.091404150561361e-05,0.00013746204317381444,0.0003466024582299505,0.011161085612823161,0.004800433952779046,4.0682516954017187e-72,0.00030093925672949244,0.004800433952779046
75,37,7.540695206930263e-06,5.6496755557362554e-05,0.0001319037076266652,0.008720650268011516,0.005059177398407515,3.8993126034841783e-76,0.0002140050815333774,0.005059177398407515
75,38,6.659753840453429e-06,4.33505390682465e-05,0.00010994807747278079,0.006813819793385616,0.003166934987998331,2.920180978341585e-80,0.00011107678372069474,0.003166934987998331
75,39,7.930046383741424e-06,2.33181182619195e-05,0.00010261858209933374,0.005323940781647147,0.0013865786875003254,1.708733810208657e-84,5.61080164369149e-05,0.0013865786875003254
75,40,2.941589140484995e-06,1.94459356489133e-05,4.886182705376325e-05,0.004159822610457624,0.0017546359213394,7.812323379225454e-89,8.520735907132504e-05,0.0017546359213394
75,41,2.9552909843366065e-06,1.1242323917013346e-05,4.079523376037941e-05,0.0032502562437170136,0.0008315193404997044,2.7908040074387504e-93,9.233841414120535e-05,0.0008315193404997044
75,42,1.415886303239038e-06,7.690069362608428e-06,2.1848932394998807e-05,0.00253956262595096,0.00088078399014552,7.789671286284821e-98,6.035807990185295e-05,0.00088078399014552
75,43,5.306246432866422e-07,1.053620478475859e-05,1.5842451217625013e-05,0.001984275856401733,0.0014368854698894986,1.6988414622652328e-102,7.576318948722654e-05,0.0014368854698894986
75,44,7.383734545952604e-07,2.8495865818972177e-06,1.0233321127849821e-05,0.0015503971627889978,0.0003574970467697253,2.8948528976691676e-107,5.3840292022797375e-05,0.0003574970467697253
75,45,5.361240498662127e-07,5.575797373839871e-06,1.0937037872501996e-05,0.0012113972708590846,0.00028431840393898197,3.8542953297105736e-112,0.0001256000663831062,0.00028431840393898197
75,46,4.465294312911297e-07,8.41699255592052e-06,1.2882286868831817e-05,0.000946513654275706,0.0008633037994639865,4.009611324817239e-117,0.00010048719065854839,0.0008633037994639865
75,47,5.629930181717685e-08,2.7836517050666435e-06,3.346644723238412e-06,0.000739556369191624,0.0005514549190483122,3.2591608933291177e-122,7.213289786898838e-05,0.0005514549190483122
75,48,1.2259925366949914e-08,6.4159582324049615e-06,6.538557486074461e-06,0.0005778440128660356,0.0005173028213182211,2.069885846672485e-127,7.111579763358086e-05,0.0005173028213182211
75,49,1.298537096731972e-07,9.021015342382979e-06,1.031955243911495e-05,0.00045149838486827076,0.0008590293691759489,1.0271535420220983e-132,8.205702584816747e-05,0.0008590293691759489
80,0,1.1194885583285282e-19,8.473186433063508e-29,1.11948855841326e-18,40.212385860203675,40.212385860210254,40.212385860203675,40.2123858602102,40.212385860210254
80,1,5.755836082112342e-08,6.666217927626725e-05,6.723776288447848e-05,39.01860822557467,39.01894730097585,34.4899718687309,34.497058054424784,39.01894730097585
80,2,7.219373818148814e-05,2.1482692687757448,2.1489912061575596,35.76810951683773,35.75609338283539,21.836360227520203,2.5928127525645734e-06,35.75609338283539
80,3,6.022097951124468e-10,1.5714571303247032e-05,1.5720593401198156e-05,31.252265253826952,31.252246238006936,10.29606070808591,10.299591510548558,31.252246238006936
80,4,0.081568529158081,52.33237613170166,53.14806142328247,26.31894796557784,25.915045677512367,3.655994885024816,25.914312609884902,25.915045677512367
80,5,1.022511062189979e-06,0.015175080319258051,0.01518530542987995,21.589810521465168,21.588380481013942,0.9880421629742486,0.9600712272379874,21.588380481013942
80,6,1.3510242934035552e-11,9.127095435137399e-06,9.12723053756674e-06,17.39884817795113,17.39884345023262,0.20496460503222355,0.20618571288419596,17.39884345023262
80,7,3.1017070165980768e-06,0.009677556762799017,0.009708573832964997,13.86022498980606,13.858288348409765,0.03283995157388999,0.08442971694345176,13.858288348409765
80,8,1.983617793365015e-08,4.3261874191413924e-05,4.346023597075043e-05,10.960400943258088,10.960216538964197,0.004081075764271535,0.0010883139069088723,10.960216538964197
80,9,2.217540887005013e-10,1.5111439020164355e-05,1.511365656105136e-05,8.62745659157676,8.627455288064269,0.0003944474190807856,0.001211232369951532,8.627455288064269
80,10,4.309253000936016e-08,9.758150542414725e-05,9.801243072424086e-05,6.771719124745781,6.772009582127694,2.9703356237254366e-05,0.003731185849519724,6.772009582127694
80,11,1.6270660866672161e-09,5.067862090260137e-05,5.0694891563468045e-05,5.30579708366527,5.30576093775001,1.7446150219024265e-06,0.002033708414487999,5.30576093775001
80,12,2.684711036275235,21.266354793776546,48.113465156528896,4.152722013629521,1.8355206687847385,7.997722775691346e-08,1.8355206687847385,1.8355206687847385
80,13,7.400500247549566e-12,4.190551482296895e-06,4.190625487299371e-06,3.248085443256918,3.2480816284369376,2.8627773872263956e-09,0.00033127806155816775,3.2480816284369376
80,14,1.6407443867309126e-07,2.232975948458637e-05,2.3970503871317282e-05,2.5394871616500927,2.5400499518350332,8.003407560458663e-11,0.000989179912313494,2.5400499518350332
80,15,4.5132462531930244e-10,1.409166945341801e-05,1.4096182699671203e-05,1.9849840395898264,1.9849677632364577,1.7478205494447078e-12,0.0003724355840241665,1.9849677632364577
80,16,3.844138690812707e-08,1.71915352626897e-05,1.757594913177097e-05,1.5513231151193096,1.551599984786866,2.981914094434455e-14,4.5540401121013596e-05,1.551599984786866
80,17,1.1379740195136758e-09,8.482374749119306e-06,8.493754489314443e-06,1.2122923680185365,1.2123388892274825,3.9746181287953722e-16,0.00014520496963607484,1.2123388892274825
80,18,7.161646975969749e-11,1.2985562930080244e-05,1.298627909477784e-05,0.9473008745475043,0.9472936357347885,4.139170173571913e-18,0.00022100351147546658,0.9472936357347885
80,19,4.531902099653113e-10,3.3118597755858617e-06,3.3163916776855147e-06,0.7402076249741987,0.7401786389489072,3.3678933901296725e-20,0.00027691150200264233,0.7401786389489072
80,20,2.7686636624033843e-11,1.306826500898103e-06,1.3071033672643433e-06,0.5783756532949839,0.5783755945871315,2.1410970507201e-22,0.00013131816071395276,0.5783755945871315
80,21,4.811482692490637e-11,5.382615575065863e-06,5.383096723335112e-06,0.45191931148196796,0.4519187947490306,1.0635329537896607e-24,0.0003826400247253546,0.4519187947490306
80,22,4.0506788100408406e-09,4.694316102279043e-06,4.734822890379452e-06,0.35310864809819714,0.3530421076270039,4.127663051903605e-27,0.00010045089535997582,0.3530421076270039
80,23,1.0763726471438442e-11,1.4070019709473329e-06,1.4071096082120472e-06,0.2759013142767159,0.275898180179341,1.251692406084246e-29,0.00017713248956826186,0.275898180179341
80,24,4.4852936855490086e-06,0.00035678620744749147,0.00040163914430298153,0.2155747371562788,0.21572013290687397,2.9657313603032164e-32,0.002961367003909013,0.21572013290687397
80,25,5.8360935057428865e-08,5.583279775713115e-05,5.641640710770544e-05,0.16843845295653787,0.1687317479245473,5.490443365551092e-35,0.0004711103607665135,0.1687317479245473
80,26,5.2939595099434516e-05,0.0002785581886284711,0.0008079541396228162,0.13160854267326402,0.13009444196952805,7.941903613236137e-38,0.0014417576159133662,0.13009444196952805
80,27,2.514744712180742e-06,0.00032795341844168573,0.00035310086556349313,0.10283162757376144,0.10258246729466865,8.976018373828387e-41,0.0006376751165546896,0.10258246729466865
80,28,3.0764180448280065e-08,7.445761773085532e-06,7.753403577568332e-06,0.08034688874830666,0.08029360691101219,7.926559258514568e-44,5.0518681698224006e-05,0.08029360691101219
80,29,1.584495416967123e-06,0.00025145611668669367,0.0002673010708563649,0.06277857149424129,0.061793228874053925,5.46925069334566e-47,0.00018243983097974474,0.061793228874053925
80,30,2.1684192315929644e-06,0.00028634376804198043,0.00030802796035791005,0.049051646160226614,0.0469695038161863,2.9485797235512157e-50,0.0006742273900930964,0.0469695038161863
80,31,4.887451023694281e-05,0.001347160147738136,0.001835905250107564,0.03832620997030077,0.029115339238461102,1.2420531508760914e-53,0.0015879280606344798,0.029115339238461102
80,32,0.00013039643834773963,0.0008137626125647302,0.0021177269960421267,0.029945938776291883,0.014053870021122366,4.087985896736657e-57,0.0009714984462729725,0.014053870021122366
80,33,4.1260121517899714e-05,0.0006550750919587348,0.001067676307137732,0.023398080102354356,0.016329803730439716,1.0512861958086046e-60,0.0007597293705403952,0.016329803730439716
80,34,8.544207937316091e-06,0.0003282621853184498,0.0004137042646916107,0.018281936868808205,0.014269599965106562,2.1123912358439096e-64,0.0004938837879970293,0.014269599965106562
80,35,3.558007233801964e-05,0.0002730642651115485,0.0006288649884917449,0.014284483611205177,0.005900050111888414,3.3164254756163893e-68,0.0006111993966999259,0.005900050111888414
80,36,2.021342652834897e-05,0.00013999581735310923,0.0003421300826365989,0.011161085612823161,0.005013164929744044,4.0682516954017187e-72,0.0003774299211353056,0.005013164929744044
80,37,7.226181061810681e-06,5.860772572141714e-05,0.00013086953633952394,0.008720650268011516,0.0051076547298789755,3.8993126034841783e-76,0.0001929655193126598,0.0051076547298789755
80,38,6.659753840453429e-06,4.33505390682465e-05,0.00010994807747278079,0.006813819793385616,0.003166934987998331,2.920180978341585e-80,0.00011107678372069474,0.003166934987998331
80,39,7.930046383741424e-06,2.33181182619195e-05,0.00010261858209933374,0.005323940781647147,0.0013865786875003254,1.708733810208657e-84,5.61080164369149e-05,0.0013865786875003254
80,40,2.941589140484995e-06,1.94459356489133e-05,4.886182705376325e-05,0.004159822610457624,0.0017546359213394,7.812323379225454e-89,8.520735907132504e-05,0.0017546359213394
80,41,2.9552909843366065e-06,1.1242323917013346e-05,4.079523376037941e-05,0.0032502562437170136,0.0008315193404997044,2.7908040074387504e-93,9.233841414120535e-05,0.0008315193404997044
80,42,1.415886303239038e-06,7.690069362608428e-06,2.1848932394998807e-05,0.00253956262595096,0.00088078399014552,7.789671286284821e-98,6.035807990185295e-05,0.00088078399014552
80,43,5.306246432866422e-07,1.053620478475859e-05,1.5842451217625013e-05,0.001984275856401733,0.0014368854698894986,1.6988414622652328e-102,7.576318948722654e-05,0.0014368854698894986
80,44,7.383734545952604e-07,2.8495865818972177e-06,1.0233321127849821e-05,0.0015503971627889978,0.0003574970467697253,2.8948528976691676e-107,5.3840292022797375e-05,0.0003574970467697253
80,45,5.445970918118654e-07,5.445288425942386e-06,1.0891259344061039e-05,0.0012113972708590846,0.0002737792523846628,3.8542953297105736e-112,0.000125857977086847,0.0002737792523846628
80,46,4.1679645234651453e-07,8.154095035185086e-06,1.2322059558650233e-05,0.000946513654275706,0.0008487016003065991,4.009611324817239e-117,9.236420252272096e-05,0.0008487016003065991
80,47,5.629930181717685e-08,2.7836517050666435e-06,3.346644723238412e-06,0.000739556369191624,0.0005514549190483122,3.2591608933291177e-122,7.213289786898838e-05,0.0005514549190483122
80,48,1.2259925366949914e-08,6.4159582324049615e-06,6.538557486074461e-06,0.0005778440128660356,0.0005173028213182211,2.069885846672485e-127,7.111579763358086e-05,0.0005173028213182211
80,49,1.298537096731972e-07,9.021015342382979e-06,1.031955243911495e-05,0.00045149838486827076,0.0008590293691759489,1.0271535420220983e-132,8.205702584816747e-05,0.0008590293691759489
85,0,1.1194885583285282e-19,8.473186433063508e-29,1.11948855841326e-18,40.212385860203675,40.212385860210254,40.212385860203675,40.2123858602102,40.212385860210254
85,1,4.086085421168904e-09,5.545547009036605e-05,5.549633094457774e-05,39.01860822557467,39.01851913370284,34.4899718687309,34.490660381382476,39.01851913370284
85,2,7.219373818148814e-05,2.1482692687757448,2.1489912061575596,35.76810951683773,35.75609338283539,21.836360227520203,2.5928127525645734e-06,35.75609338283539
85,3,4.7840846035953775e-09,8.46273239337939e-06,8.510573239415344e-06,31.252265253826952,31.252354694666696,10.29606070808591,10.298010457434351,31.252354694666696
85,4,0.08156860104136326,52.33229551155783,53.14798152197147,26.31894796557784,25.915045499541236,3.655994885024816,25.914290481079902,25.915045499541236
85,5,5.13164830336254e-06,0.014063980429425027,0.014115296912458653,21.589810521465168,21.593012161175587,0.9880421629742486,0.9548422783687023,21.593012161175587
85,6,2.76370833233006e-10,6.642252420750497e-06,6.645016129082827e-06,17.39884817795113,17.398859449016914,0.20496460503222355,0.20630613474021361,17.398859449016914
85,7,0.00014461941013768908,0.010242140306261598,0.011688334407638489,13.86022498980606,13.87705103362196,0.03283995157388999,0.1303526369174635,13.87705103362196
85,8,1.1398135430573262e-09,3.217880616385005e-05,3.219020429928062e-05,10.960400943258088,10.960381892811379,0.004081075764271535,0.0012071347620313585,10.960381892811379
85,9,2.2427135608001163e-10,1.4041863770294472e-05,1.4044106483855272e-05,8.62745659157676,8.627438906594353,0.0003944474190807856,0.0012315185129144351,8.627438906594353
85,10,2.771693660272324e-07,7.95719142840562e-05,8.234360794432853e-05,6.771719124745781,6.772462410961919,2.9703356237254366e-05,0.002746802903941016,6.772462410961919
85,11,5.628906681130055e-06,8.989324357986143e-05,0.00014618231039116198,5.30579708366527,5.302482234744723,1.7446150219024265e-06,0.004917948001309603,5.302482234744723
85,12,2.684711036275235,21.266354793776546,48.113465156528896,4.152722013629521,1.8355206687847385,7.997722775691346e-08,1.8355206687847385,1.8355206687847385
85,13,3.9611295826271616e-11,4.0923314721330405e-06,4.092727585091304e-06,3.248085443256918,3.2480909907453475,2.8627773872263956e-09,0.0003872623199160025,3.2480909907453475
85,14,8.576092077942823e-09,1.7294798013934946e-05,1.7380558934714375e-05,2.5394871616500927,2.5393612360672333,8.003407560458663e-11,0.0005322995048098704,2.5393612360672333
85,15,3.190612457663967e-08,1.3632491407899745e-05,1.3951552653666141e-05,1.9849840395898264,1.9852363629244538,1.7478205494447078e-12,0.0002930002468009526,1.9852363629244538
85,16,8.428125666820447e-12,1.5903192089900725e-05,1.5903276371157395e-05,1.5513231151193096,1.5513190152156797,2.981914094434455e-14,0.0003221830014759094,1.5513190152156797
85,17,2.462191569211412e-11,8.330192760656664e-06,8.330438979813586e-06,1.2122923680185365,1.2122943186569777,3.9746181287953722e-16,0.00019937044067840692,1.2122943186569777
85,18,7.161646975969749e-11,1.2985562930080244e-05,1.298627909477784e-05,0.9473008745475043,0.9472936357347885,4.139170173571913e-18,0.00022100351147546658,0.9472936357347885
85,19,1.53492405665354e-10,3.100720260231665e-06,3.102255184288318e-06,0.7402076249741987,0.7402202994642333,3.3678933901296725e-20,0.0003124505184252167,0.7402202994642333
85,20,2.7686636624033843e-11,1.306826500898103e-06,1.3071033672643433e-06,0.5783756532949839,0.5783755945871315,2.1410970507201e-22,0.00013131816071395276,0.5783755945871315
85,21,4.811482692490637e-11,5.382615575065863e-06,5.383096723335112e-06,0.45191931148196796,0.4519187947490306,1.0635329537896607e-24,0.0003826400247253546,0.4519187947490306
85,22,2.1663810849191832e-11,3.8236690212795095e-06,3.823885659388002e-06,0.35310864809819714,0.3531041129032781,4.127663051903605e-27,7.545301903455972e-05,0.3531041129032781
85,23,1.0763726471438442e-11,1.4070019709473329e-06,1.4071096082120472e-06,0.2759013142767159,0.275898180179341,1.251692406084246e-29,0.00017713248956826186,0.275898180179341
85,24,7.84983107758372e-07,0.0002718116952608492,0.00027966152633843297,0.2155747371562788,0.21610825957521418,2.9657313603032164e-32,0.002587521121013634,0.21610825957521418
85,25,1.2975645573280418e-08,3.610685270579356e-05,3.623660916152636e-05,0.16843845295653787,0.16858230167719862,5.490443365551092e-35,0.0005451954500177994,0.16858230167719862
85,26,6.640551220974335e-07,0.0003519969221015332,0.0003586374733225075,0.13160854267326402,0.13045615087973686,7.941903613236137e-38,0.0009936083787024244,0.13045615087973686
85,27,7.828963193362924e-06,0.00032832217085143313,0.00040661180278506236,0.10283162757376144,0.10026658862127394,8.976018373828387e-41,0.0009105433179064736,0.10026658862127394
85,28,3.2483310310859556e-08,6.330962698381725e-06,6.6557958014903205e-06,0.08034688874830666,0.08028359835738456,7.926559258514568e-44,3.742540464165483e-05,0.08028359835738456
85,29,1.9688259644217377e-07,0.00012764098853863782,0.00012960981450305955,0.06277857149424129,0.062162926779539586,5.46925069334566e-47,0.00019668249122924508,0.062162926779539586
85,30,7.651021469421488e-07,0.0002768585358692525,0.000284509557338674,0.049051646160226614,0.04781639816123546,2.9485797235512157e-50,0.0007201482253095059,0.04781639816123546
85,31,3.9122075873305884e-05,0.0026549580107845666,0.0030461787695176255,0.03832620997030077,0.029480856169180027,1.2420531508760914e-53,0.005002052275105646,0.029480856169180027
85,32,7.254853421976369e-05,0.0011197457063475637,0.0018452310485452005,0.029945938776291883,0.018401350575217086,4.087985896736657e-57,0.0015783745555686508,0.018401350575217086
85,33,5.599297731400577e-05,0.0017098920260665803,0.002269821799206638,0.023398080102354356,0.016604648761628694,1.0512861958086046e-60,0.002734302176367482,0.016604648761628694
85,34,8.76183976258204e-06,0.0003132037803062678,0.00040082217793208823,0.018281936868808205,0.014292139300374063,2.1123912358439096e-64,0.0005006211425756384,0.014292139300374063
85,35,3.3090631997766095e-05,0.0002945571915878928,0.0006254635115655537,0.014284483611205177,0.0061878304268649965,3.3164254756163893e-68,0.0006023221225465378,0.0061878304268649965
85,36,1.9093190250574153e-05,0.00014895622923539944,0.000339888131741141,0.011161085612823161,0.005163423818619788,4.0682516954017187e-72,0.00037369924278691797,0.005163423818619788
85,37,6.408324377191393e-06,5.6482902604240975e-05,0.0001205661463761549,0.008720650268011516,0.005398047863254585,3.8993126034841783e-76,0.00011416915312030701,0.005398047863254585
85,38,6.659753840453429e-06,4.33505390682465e-05,0.00010994807747278079,0.006813819793385616,0.003166934987998331,2.920180978341585e-80,0.00011107678372069474,0.003166934987998331
85,39,7.930046383741424e-06,2.33181182619195e-05,0.00010261858209933374,0.005323940781647147,0.0013865786875003254,1.708733810208657e-84,5.61080164369149e-05,0.0013865786875003254
85,40,2.941589140484995e-06,1.94459356489133e-05,4.886182705376325e-05,0.004159822610457624,0.0017546359213394,7.812323379225454e-89,8.520735907132504e-05,0.0017546359213394
85,41,2.9552909843366065e-06,1.1242323917013346e-05,4.079523376037941e-05,0.0032502562437170136,0.0008315193404997044,2.7908040074387504e-93,9.233841414120535e-05,0.0008315193404997044
85,42,1.415886303239038e-06,7.690069362608428e-06,2.1848932394998807e-05,0.00253956262595096,0.00088078399014552,7.789671286284821e-98,6.035807990185295e-05,0.00088078399014552
85,43,5.306246432866422e-07,1.053620478475859e-05,1.5842451217625013e-05,0.001984275856401733,0.0014368854698894986,1.6988414622652328e-102,7.576318948722654e-05,0.0014368854698894986
85,44,7.383734545952604e-07,2.8495865818972177e-06,1.0233321127849821e-05,0.0015503971627889978,0.0003574970467697253,2.8948528976691676e-107,5.3840292022797375e-05,0.0003574970467697253
85,45,5.503119837917187e-07,5.379850838537877e-06,1.0882970676455064e-05,0.0012113972708590846,0.0002649245601685875,3.8542953297105736e-112,0.00012556768100959855,0.0002649245601685875
85,46,3.7958284525412287e-07,8.305018415270364e-06,1.2100846867811592e-05,0.000946513654275706,0.0007969066869847627,4.009611324817239e-117,0.00010689281178099222,0.0007969066869847627
85,47,5.629930181717685e-08,2.7836517050666435e-06,3.346644723238412e-06,0.000739556369191624,0.0005514549190483122,3.2591608933291177e-122,7.213289786898838e-05,0.0005514549190483122
85,48,1.2259925366949914e-08,6.4159582324049615e-06,6.538557486074461e-06,0.0005778440128660356,0.0005173028213182211,2.069885846672485e-127,7.111579763358086e-05,0.0005173028213182211
85,49,1.298537096731972e-07,9.021015342382979e-06,1.031955243911495e-05,0.00045149838486827076,0.0008590293691759489,1.0271535420220983e-132,8.205702584816747e-05,0.0008590293691759489
90,0,1.1194885583285282e-19,8.473186433063508e-29,1.11948855841326e-18,40.212385860203675,40.212385860210254,40.212385860203675,40.2123858602102,40.212385860210254
90,1,3.04311929530291e-09,4.3517414431873514e-05,4.3547845624826545e-05,39.01860822557467,39.01867369641678,34.4899718687309,34.493155020253376,39.01867369641678
90,2,7.219373818148814e-05,2.1482692687757448,2.1489912061575596,35.76810951683773,35.75609338283539,21.836360227520203,2.5928127525645734e-06,35.75609338283539
90,3,1.7395502191869195e-09,4.480413686373124e-06,4.497809188564993e-06,31.252265253826952,31.25222617792544,10.29606070808591,10.298764246054743,31.25222617792544
90,4,0.08156867610512349,52.332210599432386,53.14789736048362,26.31894796557784,25.915045313695867,3.655994885024816,25.914267154808254,25.915045313695867
90,5,6.660026974836052e-07,0.011909003410999533,0.011915663437974369,21.589810521465168,21.588911227936073,0.9880421629742486,0.9873335057448346,21.588911227936073
90,6,2.3855177133041305e-09,4.895285109083889e-06,4.91914028621693e-06,17.39884817795113,17.398915886774724,0.20496460503222355,0.20556868168936682,17.398915886774724
90,7,1.1377787231725651e-06,0.007726887749273172,0.007738265536504898,13.86022498980606,13.86077081001441,0.03283995157388999,0.08556471406650726,13.86077081001441
90,8,6.32920550909534e-10,2.947636159127471e-05,2.9482690796783806e-05,10.960400943258088,10.960434514217456,0.004081075764271535,0.0011267881405744445,10.960434514217456
90,9,1.1486859569807304e-07,1.7153020513774412e-05,1.8301706470755143e-05,8.62745659157676,8.627916904306707,0.0003944474190807856,0.0005293300986282773,8.627916904306707
90,10,1.8173183064376816e-08,6.56461122759327e-05,6.582784410657647e-05,6.771719124745781,6.771577718080779,2.9703356237254366e-05,0.002991245777926728,6.771577718080779
90,11,9.476131139837017e-11,4.3617753669176146e-05,4.361870128229013e-05,5.30579708366527,5.305805882358105,1.7446150219024265e-06,0.002116612300684591,5.305805882358105
90,12,2.684711036275235,21.266354793776546,48.113465156528896,4.152722013629521,1.8355206687847385,7.997722775691346e-08,1.8355206687847385,1.8355206687847385
90,13,3.8100227340935215e-12,4.091377938798492e-06,4.0914160390258326e-06,3.248085443256918,3.248084888937057,2.8627773872263956e-09,0.00038239080704635686,3.248084888937057
90,14,2.3407985431860703e-11,1.6094145942514403e-05,1.6094380022368722e-05,2.5394871616500927,2.5394812320697104,8.003407560458663e-11,0.0006216630516011996,2.5394812320697104
90,15,7.78508518464046e-08,1.1267246375061482e-05,1.2045754893525527e-05,1.9849840395898264,1.9853651185369356,1.7478205494447078e-12,0.0002807848141347683,1.9853651185369356
90,16,7.013974373060593e-12,1.585280579179364e-05,1.5852875931537372e-05,1.5513231151193096,1.5513193869808395,2.981914094434455e-14,0.00031345816198992865,1.5513193869808395
90,17,4.4770940081774306e-10,8.199569905289997e-06,8.204046999298174e-06,1.2122923680185365,1.212301259327758,3.9746181287953722e-16,0.00011660241267508211,1.212301259327758
90,18,7.161646975969749e-11,1.2985562930080244e-05,1.298627909477784e-05,0.9473008745475043,0.9472936357347885,4.139170173571913e-18,0.00022100351147546658,0.9472936357347885
90,19,2.4596351295004832e-11,2.855903465981842e-06,2.856149429494792e-06,0.7402076249741987,0.7402141626281967,3.3678933901296725e-20,0.00034131244014325965,0.7402141626281967
90,20,2.7686636624033843e-11,1.306826500898103e-06,1.3071033672643433e-06,0.5783756532949839,0.5783755945871315,2.1410970507201e-22,0.00013131816071395276,0.5783755945871315
90,21,4.811482692490637e-11,5.382615575065863e-06,5.383096723335112e-06,0.45191931148196796,0.4519187947490306,1.0635329537896607e-24,0.0003826400247253546,0.4519187947490306
90,22,2.8397441495318348e-11,3.577596480134245e-06,3.5778804545491985e-06,0.35310864809819714,0.3531151292978697,4.127663051903605e-27,7.137685749499813e-05,0.3531151292978697
90,23,1.0763726471438442e-11,1.4070019709473329e-06,1.4071096082120472e-06,0.2759013142767159,0.275898180179341,1.251692406084246e-29,0.00017713248956826186,0.275898180179341
90,24,7.031086788529326e-07,0.0002137917616113235,0.00022082284839985283,0.2155747371562788,0.2153959405038488,2.9657313603032164e-32,0.0015565821646977194,0.2153959405038488
90,25,1.3393802064066826e-08,3.270359005031603e-05,3.28375280709567e-05,0.16843845295653787,0.16844422945533077,5.490443365551092e-35,0.0007119757108298161,0.16844422945533077
90,26,6.387081561663194e-07,0.00012407510016162836,0.00013046218172329155,0.13160854267326402,0.13149994374157875,7.941903613236137e-38,0.0007195111074652128,0.13149994374157875
90,27,1.5077009452888335e-06,0.00029333800641487127,0.0003084150158677596,0.10283162757376144,0.10267383694448962,8.976018373828387e-41,0.001081190464147931,0.10267383694448962
90,28,3.2930018718080873e-09,5.34987048615154e-06,5.382800504869621e-06,0.08034688874830666,0.08032191944569403,7.926559258514568e-44,4.170415737027138e-05,0.08032191944569403
90,29,3.767812029831428e-07,9.234472739226286e-05,9.611253942209429e-05,0.06277857149424129,0.06244638479408101,5.46925069334566e-47,0.00030744138004861024,0.06244638479408101
90,30,5.972118306288591e-07,0.0002521786494454495,0.00025815076775173807,0.049051646160226614,0.04795882913032897,2.9485797235512157e-50,0.0009559494998396688,0.04795882913032897
90,31,4.272358002519542e-05,0.0013227245150302547,0.0017499603152822088,0.03832620997030077,0.02925034666433071,1.2420531508760914e-53,0.0014870602815877576,0.02925034666433071
90,32,4.655822911860309e-05,0.001136467673781848,0.001602049964967879,0.029945938776291883,0.02029627337003019,4.087985896736657e-57,0.0014620246575606293,0.02029627337003019
90,33,4.264254453853483e-05,0.00047645418144156134,0.0009028796268269097,0.023398080102354356,0.01590116451756799,1.0512861958086046e-60,0.000895598783568534,0.01590116451756799
90,34,7.93914385391996e-06,0.00031592452795523994,0.0003953159664944395,0.018281936868808205,0.014501932109717074,2.1123912358439096e-64,0.0004931791325752382,0.014501932109717074
90,35,2.8370495180952494e-05,0.000311999465747979,0.0005957044175575039,0.014284483611205177,0.006761033161433936,3.3164254756163893e-68,0.0007591012486303263,0.006761033161433936
90,36,1.86244100034146e-05,0.0001412000005516137,0.00032744410058575975,0.011161085612823161,0.005338944018827759,4.0682516954017187e-72,0.00037054906163368136,0.005338944018827759
90,37,5.8964544431069305e-06,5.762533845192872e-05,0.00011658988288299802,0.008720650268011516,0.005564188681646392,3.8993126034841783e-76,0.00010541383281090268,0.005564188681646392
90,38,6.659753840453429e-06,4.33505390682465e-05,0.00010994807747278079,0.006813819793385616,0.003166934987998331,2.920180978341585e-80,0.00011107678372069474,0.003166934987998331
90,39,7.930046383741424e-06,2.33181182619195e-05,0.00010261858209933374,0.005323940781647147,0.0013865786875003254,1.708733810208657e-84,5.61080164369149e-05,0.0013865786875003254
90,40,2.941589140484995e-06,1.94459356489133e-05,4.886182705376325e-05,0.004159822610457624,0.0017546359213394,7.812323379225454e-89,8.520735907132504e-05,0.0017546359213394
90,41,2.9552909843366065e-06,1.1242323917013346e-05,4.079523376037941e-05,0.0032502562437170136,0.0008315193404997044,2.7908040074387504e-93,9.233841414120535e-05,0.0008315193404997044
90,42,1.415886303239038e-06,7.690069362608428e-06,2.1848932394998807e-05,0.00253956262595096,0.00088078399014552,7.789671286284821e-98,6.035807990185295e-05,0.00088078399014552
90,43,5.306246432866422e-07,1.053620478475859e-05,1.5842451217625013e-05,0.001984275856401733,0.0014368854698894986,1.6988414622652328e-102,7.576318948722654e-05,0.0014368854698894986
90,44,7.383734545952604e-07,2.8495865818972177e-06,1.0233321127849821e-05,0.0015503971627889978,0.0003574970467697253,2.8948528976691676e-107,5.3840292022797375e-05,0.0003574970467697253
90,45,5.503119837917187e-07,5.379850838537877e-06,1.0882970676455064e-05,0.0012113972708590846,0.0002649245601685875,3.8542953297105736e-112,0.00012556768100959855,0.0002649245601685875
90,46,3.8181265531687063e-07,8.281626910452211e-06,1.2099753463620918e-05,0.000946513654275706,0.0008013264889749915,4.009611324817239e-117,0.00010694470522085429,0.0008013264889749915
90,47,5.629930181717685e-08,2.7836517050666435e-06,3.346644723238412e-06,0.000739556369191624,0.0005514549190483122,3.2591608933291177e-122,7.213289786898838e-05,0.0005514549190483122
90,48,1.2259925366949914e-08,6.4159582324049615e-06,6.538557486074461e-06,0.0005778440128660356,0.0005173028213182211,2.069885846672485e-127,7.111579763358086e-05,0.0005173028213182211
90,49,1.298537096731972e-07,9.021015342382979e-06,1.031955243911495e-05,0.00045149838486827076,0.0008590293691759489,1.0271535420220983e-132,8.205702584816747e-05,0.0008590293691759489
95,0,1.1194885583285282e-19,8.473186433063508e-29,1.11948855841326e-18,40.212385860203675,40.212385860210254,40.212385860203675,40.2123858602102,40.212385860210254
95,1,4.682943366517755e-12,4.104771213825253e-05,4.10477589676862e-05,39.01860822557467,39.01860769369152,34.4899718687309,34.49091573304051,39.01860769369152
95,2,7.219373818148814e-05,2.1482692687757448,2.1489912061575596,35.76810951683773,35.75609338283539,21.836360227520203,2.5928127525645734e-06,35.75609338283539
95,3,6.878894414158089e-11,3.899981608354791e-06,3.900669497796206e-06,31.252265253826952,31.252274143998715,10.29606070808591,10.29667057561292,31.252274143998715
95,4,0.08156875456827627,52.33212104348946,53.14780858917222,26.31894796557784,25.915045119434296,3.655994885024816,25.91424253186563,25.915045119434296
95,5,5.740810490892163e-06,0.011631300003855491,0.011688708108764413,21.589810521465168,21.586914984218343,0.9880421629742486,1.02545761067623,21.586914984218343
95,6,1.4253858185974814e-12,4.7727177907654395e-06,4.772732044623625e-06,17.39884817795113,17.39884760856214,0.20496460503222355,0.20556420383916352,17.39884760856214
95,7,1.9721157157855051e-07,0.0070717542083564575,0.007073726324072243,13.86022498980606,13.859615770689294,0.03283995157388999,0.07654593666684863,13.859615770689294
95,8,3.647148796629378e-10,2.8646455052697732e-05,2.8650102201494363e-05,10.960400943258088,10.960420134643487,0.004081075764271535,0.0009780000065683083,10.960420134643487
95,9,2.0462155896473785e-08,1.2891605992422182e-05,1.3096227551386921e-05,8.62745659157676,8.627658516841235,0.0003944474190807856,0.00028655383766953383,8.627658516841235
95,10,1.7538808378663727e-07,5.220584617736916e-05,5.395972701523553e-05,6.771719124745781,6.772275699662008,2.9703356237254366e-05,0.0022892484630311553,6.772275699662008
95,11,1.4449493732010327e-08,3.9007456688089026e-05,3.915195162540913e-05,5.30579708366527,5.305915949404602,1.7446150219024265e-06,0.002410526702000355,5.305915949404602
95,12,2.684711036275235,21.266354793776546,48.113465156528896,4.152722013629521,1.8355206687847385,7.997722775691346e-08,1.8355206687847385,1.8355206687847385
95,13,3.8100227340935215e-12,4.091377938798492e-06,4.0914160390258326e-06,3.248085443256918,3.248084888937057,2.8627773872263956e-09,0.00038239080704635686,3.248084888937057
95,14,5.962631963263754e-08,9.17807801019665e-06,9.774341206523025e-06,2.5394871616500927,2.5392677125440843,8.003407560458663e-11,0.0006464238170000813,2.5392677125440843
95,15,1.4989080776258545e-10,9.885150857610857e-06,9.886649765688482e-06,1.9849840395898264,1.9850004814914113,1.7478205494447078e-12,0.00029140453293834525,1.9850004814914113
95,16,1.5538735041837534e-12,1.5814542308885395e-05,1.5814557847620437e-05,1.5513231151193096,1.5513242682918806,2.981914094434455e-14,0.00030105992478143633,1.5513242682918806
95,17,5.295374320632932e-09,7.176464360281013e-06,7.229418103487342e-06,1.2122923680185365,1.2122121227330924,3.9746181287953722e-16,0.00011043639778467502,1.2122121227330924
95,18,7.161646975969749e-11,1.2985562930080244e-05,1.298627909477784e-05,0.9473008745475043,0.9472936357347885,4.139170173571913e-18,0.00022100351147546658,0.9472936357347885
95,19,4.3842468298098725e-13,2.831504448355394e-06,2.8315088326022237e-06,0.7402076249741987,0.7402072846787149,3.3678933901296725e-20,0.0003242587634206984,0.7402072846787149
95,20,2.7686636624033843e-11,1.306826500898103e-06,1.3071033672643433e-06,0.5783756532949839,0.5783755945871315,2.1410970507201e-22,0.00013131816071395276,0.5783755945871315
95,21,4.811482692490637e-11,5.382615575065863e-06,5.383096723335112e-06,0.45191931148196796,0.4519187947490306,1.0635329537896607e-24,0.0003826400247253546,0.4519187947490306
95,22,2.8570518112202617e-11,3.5484267538471546e-06,3.5487124590282765e-06,0.35310864809819714,0.3531151719472573,4.127663051903605e-27,7.155326879047212e-05,0.3531151719472573
95,23,1.0763726471438442e-11,1.4070019709473329e-06,1.4071096082120472e-06,0.2759013142767159,0.275898180179341,1.251692406084246e-29,0.00017713248956826186,0.275898180179341
95,24,6.38377657509971e-07,0.00019545095739066708,0.0002018347339657668,0.2155747371562788,0.21552452125895377,2.9657313603032164e-32,0.0017285865157998185,0.21552452125895377
95,25,2.2577540022437e-08,2.5667586133504024e-05,2.5893361533728394e-05,0.16843845295653787,0.16827114903452317,5.490443365551092e-35,0.000619278782955415,0.16827114903452317
95,26,7.133033880105931e-07,0.00011821517314574211,0.00012534820702584805,0.13160854267326402,0.131202902053546,7.941903613236137e-38,0.0005670124488679387,0.131202902053546
95,27,0.0003516450962065984,0.005752392504545734,0.009268843466611717,0.10283162757376144,0.12255935120483005,8.976018373828387e-41,0.003061115533583175,0.12255935120483005
95,28,5.967003057229669e-09,4.700634985510677e-06,4.760305016082973e-06,0.08034688874830666,0.08029724877092964,7.926559258514568e-44,6.246067664289606e-05,0.08029724877092964
95,29,6.4493297628281e-08,8.1670699237264e-05,8.231563221354681e-05,0.06277857149424129,0.06243990878013769,5.46925069334566e-47,0.0005079221132487269,0.06243990878013769
95,30,1.6814303862940756e-07,0.00024563836853905096,0.000247319798925345,0.049051646160226614,0.048503179133062235,2.9485797235512157e-50,0.0007226462069503837,0.048503179133062235
95,31,4.228960910513043e-05,0.0011803526058329142,0.0016032486968842186,0.03832620997030077,0.029366892844477056,1.2420531508760914e-53,0.0008597172499312167,0.029366892844477056
95,32,8.271271776527134e-05,0.0008369696126795772,0.0016640967903322906,0.029945938776291883,0.017314441696700652,4.087985896736657e-57,0.002059885626432512,0.017314441696700652
95,33,2.2082047251838093e-05,0.0004505654903699552,0.0006713859628883362,0.023398080102354356,0.017097110615451345,1.0512861958086046e-60,0.0008109273262850438,0.017097110615451345
95,34,7.04074514016069e-06,0.0003180818505565893,0.0003884893019581962,0.018281936868808205,0.014787761507918672,2.1123912358439096e-64,0.0005145609981682528,0.014787761507918672
95,35,2.4392091336683262e-05,0.0003241212391088164,0.000568042152475649,0.014284483611205177,0.007320748322936614,3.3164254756163893e-68,0.0006117481789836481,0.007320748322936614
95,36,1.5553851352739454e-05,0.00016653204891720118,0.0003220705624445957,0.011161085612823161,0.0060465575827719715,4.0682516954017187e-72,0.0005424665688734706,0.0060465575827719715
95,37,5.539621652431432e-06,6.042607203497525e-05,0.00011582228855928957,0.008720650268011516,0.005688229608835735,3.8993126034841783e-76,8.764237751688558e-05,0.005688229608835735
95,38,6.659753840453429e-06,4.33505390682465e-05,0.00010994807747278079,0.006813819793385616,0.003166934987998331,2.920180978341585e-80,0.00011107678372069474,0.003166934987998331
95,39,7.930046383741424e-06,2.33181182619195e-05,0.00010261858209933374,0.005323940781647147,0.0013865786875003254,1.708733810208657e-84,5.61080164369149e-05,0.0013865786875003254
95,40,2.941589140484995e-06,1.94459356489133e-05,4.886182705376325e-05,0.004159822610457624,0.0017546359213394,7.812323379225454e-89,8.520735907132504e-05,0.0017546359213394
95,41,2.9552909843366065e-06,1.1242323917013346e-05,4.079523376037941e-05,0.0032502562437170136,0.0008315193404997044,2.7908040074387504e-93,9.233841414120535e-05,0.0008315193404997044
95,42,1.415886303239038e-06,7.690069362608428e-06,2.1848932394998807e-05,0.00253956262595096,0.00088078399014552,7.789671286284821e-98,6.035807990185295e-05,0.00088078399014552
95,43,5.306246432866422e-07,1.053620478475859e-05,1.5842451217625013e-05,0.001984275856401733,0.0014368854698894986,1.6988414622652328e-102,7.576318948722654e-05,0.0014368854698894986
95,44,7.383734545952604e-07,2.8495865818972177e-06,1.0233321127849821e-05,0.0015503971627889978,0.0003574970467697253,2.8948528976691676e-107,5.3840292022797375e-05,0.0003574970467697253
95,45,5.503119837917187e-07,5.379850838537877e-06,1.0882970676455064e-05,0.0012113972708590846,0.0002649245601685875,3.8542953297105736e-112,0.00012556768100959855,0.0002649245601685875
95,46,3.8181265531687063e-07,8.281626910452211e-06,1.2099753463620918e-05,0.000946513654275706,0.0008013264889749915,4.009611324817239e-117,0.00010694470522085429,0.0008013264889749915
95,47,5.629930181717685e-08,2.7836517050666435e-06,3.346644723238412e-06,0.000739556369191624,0.0005514549190483122,3.2591608933291177e-122,7.213289786898838e-05,0.0005514549190483122
95,48,1.2259925366949914e-08,6.4159582324049615e-06,6.538557486074461e-06,0.0005778440128660356,0.0005173028213182211,2.069885846672485e-127,7.111579763358086e-05,0.0005173028213182211
95,49,1.298537096731972e-07,9.021015342382979e-06,1.031955243911495e-05,0.00045149838486827076,0.0008590293691759489,1.0271535420220983e-132,8.205702584816747e-05,0.0008590293691759489
100,0,1.1194885583285282e-19,8.473186433063508e-29,1.11948855841326e-18,40.212385860203675,40.212385860210254,40.212385860203675,40.2123858602102,40.212385860210254
100,1,2.5911808840519506e-10,4.058884609367813e-05,4.059143727456218e-05,39.01860822557467,39.01860700582975,34.4899718687309,34.490589773109264,39.01860700582975
100,2,7.219373818148814e-05,2.1482692687757448,2.1489912061575596,35.76810951683773,35.75609338283539,21.836360227520203,2.5928127525645734e-06,35.75609338283539
100,3,5.582801326270666e-12,3.877765813914485e-06,3.877821641927747e-06,31.252265253826952,31.252261938969617,10.29606070808591,10.296551654140307,31.252261938969617
100,4,0.08156883666952806,52.33202645280423,53.14771481949951,26.31894796557784,25.91504491616554,3.655994885024816,25.91421650194578,25.91504491616554
100,5,8.713565916991468e-09,0.010068029210940996,0.010068116346600167,21.589810521465168,21.58975227887831,0.9880421629742486,0.9830454394839323,21.58975227887831
100,6,5.555313279865347e-09,4.430310449583155e-06,4.4858635823818085e-06,17.39884817795113,17.3989308014495,0.20496460503222355,0.20554588982453129,17.3989308014495
100,7,0.00011350630258184368,0.012660115635902722,0.013795178661721159,13.86022498980606,13.87525108859994,0.03283995157388999,0.1741096493451784,13.87525108859994
100,8,2.2225547163312503e-11,2.839248052972903e-05,2.8392702785200662e-05,10.960400943258088,10.960406029779131,0.004081075764271535,0.0010307026458147778,10.960406029779131
100,9,8.752473847900997e-10,9.759064631863935e-06,9.767817105711836e-06,8.62745659157676,8.627490800624287,0.0003944474190807856,0.0005025561697758859,8.627490800624287
100,10,1.6038417556981445e-08,5.018422810745225e-05,5.0344612283022065e-05,6.771719124745781,6.771587375903174,2.9703356237254366e-05,0.0026765776143415935,6.771587375903174
100,11,2.276173257991859e-11,3.5709409530912586e-05,3.5709637148238385e-05,5.30579708366527,5.3057986409894875,1.7446150219024265e-06,0.0020844123164660503,5.3057986409894875
100,12,2.684711036275235,21.266354793776546,48.113465156528896,4.152722013629521,1.8355206687847385,7.997722775691346e-08,1.8355206687847385,1.8355206687847385
100,13,3.8100227340935215e-12,4.091377938798492e-06,4.0914160390258326e-06,3.248085443256918,3.248084888937057,2.8627773872263956e-09,0.00038239080704635686,3.248084888937057
100,14,2.584353301556769e-09,5.4717085955455235e-06,5.497552128561091e-06,2.5394871616500927,2.5395360043033173,8.003407560458663e-11,0.0004974909425330689,2.5395360043033173
100,15,8.556320578901414e-09,9.59282708312812e-06,9.678390288917134e-06,1.9849840395898264,1.9848575405710427,1.7478205494447078e-12,0.0003313213523320974,1.9848575405710427
100,16,9.659869042159048e-12,1.578974546274676e-05,1.578984206143718e-05,1.5513231151193096,1.5513270465420983,2.981914094434455e-14,0.000293254473605044,1.5513270465420983
100,17,2.7611165076605744e-10,5.870518206334977e-06,5.873279322842638e-06,1.2122923680185365,1.2122781743526956,3.9746181287953722e-16,0.0002729085215649298,1.2122781743526956
100,18,7.161646975969749e-11,1.2985562930080244e-05,1.298627909477784e-05,0.9473008745475043,0.9472936357347885,4.139170173571913e-18,0.00022100351147546658,0.9472936357347885
100,19,4.3842468298098725e-13,2.831504448355394e-06,2.8315088326022237e-06,0.7402076249741987,0.7402072846787149,3.3678933901296725e-20,0.0003242587634206984,0.7402072846787149
100,20,2.7686636624033843e-11,1.306826500898103e-06,1.3071033672643433e-06,0.5783756532949839,0.5783755945871315,2.1410970507201e-22,0.00013131816071395276,0.5783755945871315
100,21,4.811482692490637e-11,5.382615575065863e-06,5.383096723335112e-06,0.45191931148196796,0.4519187947490306,1.0635329537896607e-24,0.0003826400247253546,0.4519187947490306
100,22,2.5822486941519076e-11,3.5200945631000658e-06,3.520352787969481e-06,0.35310864809819714,0.35311481098912073,4.127663051903605e-27,7.177035229065974e-05,0.35311481098912073
100,23,1.0763726471438442e-11,1.4070019709473329e-06,1.4071096082120472e-06,0.2759013142767159,0.275898180179341,1.251692406084246e-29,0.00017713248956826186,0.275898180179341
100,24,3.0810775611912437e-07,0.0001393336795556451,0.00014241475711683634,0.2155747371562788,0.21527768636278216,2.9657313603032164e-32,0.0011851894018178575,0.21527768636278216
100,25,3.217946390590513e-09,1.1374732033627197e-05,1.1406911497533102e-05,0.16843845295653787,0.1684479056467925,5.490443365551092e-35,0.0004227306115873444,0.1684479056467925
100,26,3.011332173603122e-07,9.38429802061936e-05,9.685431237979672e-05,0.13160854267326402,0.1312678025461449,7.941903613236137e-38,0.00041255987559401586,0.1312678025461449
100,27,4.4382632647976315e-06,0.0005242605842266559,0.0005686432168746323,0.10283162757376144,0.10085668626783598,8.976018373828387e-41,0.0004379524740733159,0.10085668626783598
100,28,3.5802646466089822e-09,4.298936901619815e-06,4.3347395480859045e-06,0.08034688874830666,0.08030845651551714,7.926559258514568e-44,3.3153686048031677e-05,0.08030845651551714
100,29,4.956908699253481e-09,6.871418334749189e-05,6.876375243448442e-05,0.06277857149424129,0.06277384312084926,5.46925069334566e-47,0.00037704167749527136,0.06277384312084926
100,30,2.5324241600355493e-07,0.00023790260500538012,0.00024043502916541566,0.049051646160226614,0.04862740231162077,2.9485797235512157e-50,0.0008503130780468985,0.04862740231162077
100,31,3.493716118215583e-05,0.0009863450854771382,0.0013357166972986965,0.03832620997030077,0.030430857076601904,1.2420531508760914e-53,0.00034594134510355977,0.030430857076601904
100,32,3.16811693176143e-05,0.000958632754438853,0.001275444447614996,0.029945938776291883,0.02207392874663857,4.087985896736657e-57,0.0013449052411710592,0.02207392874663857
100,33,1.4769184859471564e-05,0.00046523061767403634,0.000612922466268752,0.023398080102354356,0.01798432289768192,1.0512861958086046e-60,0.0009526135996081336,0.01798432289768192
100,34,6.342613247356979e-06,0.0003154021917432904,0.00037882832421686017,0.018281936868808205,0.014991586347373466,2.1123912358439096e-64,0.0005339792574060009,0.014991586347373466
100,35,2.510865581478975e-05,0.00029584214355670905,0.0005469287017046065,0.014284483611205177,0.007237148636785208,3.3164254756163893e-68,0.0007131946272891053,0.007237148636785208
100,36,1.5212671166930968e-05,0.00015816706514549714,0.0003102937768148068,0.011161085612823161,0.006116621900413442,4.0682516954017187e-72,0.0007162028776618108,0.006116621900413442
100,37,4.973476373160438e-06,6.517378363707244e-05,0.00011490854736867681,0.008720650268011516,0.005794003692265992,3.8993126034841783e-76,0.00011124076231519824,0.005794003692265992
100,38,6.659753840453429e-06,4.33505390682465e-05,0.00010994807747278079,0.006813819793385616,0.003166934987998331,2.920180978341585e-80,0.00011107678372069474,0.003166934987998331
100,39,7.930046383741424e-06,2.33181182619195e-05,0.00010261858209933374,0.005323940781647147,0.0013865786875003254,1.708733810208657e-84,5.61080164369149e-05,0.0013865786875003254
100,40,2.941589140484995e-06,1.94459356489133e-05,4.886182705376325e-05,0.004159822610457624,0.0017546359213394,7.812323379225454e-89,8.520735907132504e-05,0.0017546359213394
100,41,2.9552909843366065e-06,1.1242323917013346e-05,4.079523376037941e-05,0.0032502562437170136,0.0008315193404997044,2.7908040074387504e-93,9.233841414120535e-05,0.0008315193404997044
100,42,1.415886303239038e-06,7.690069362608428e-06,2.1848932394998807e-05,0.00253956262595096,0.00088078399014552,7.789671286284821e-98,6.035807990185295e-05,0.00088078399014552
100,43,5.306246432866422e-07,1.053620478475859e-05,1.5842451217625013e-05,0.001984275856401733,0.0014368854698894986,1.6988414622652328e-102,7.576318948722654e-05,0.0014368854698894986
100,44,7.383734545952604e-07,2.8495865818972177e-06,1.0233321127849821e-05,0.0015503971627889978,0.0003574970467697253,2.8948528976691676e-107,5.3840292022797375e-05,0.0003574970467697253
100,45,5.503119837917187e-07,5.379850838537877e-06,1.0882970676455064e-05,0.0012113972708590846,0.0002649245601685875,3.8542953297105736e-112,0.00012556768100959855,0.0002649245601685875
100,46,3.8181265531687063e-07,8.281626910452211e-06,1.2099753463620918e-05,0.000946513654275706,0.0008013264889749915,4.009611324817239e-117,0.00010694470522085429,0.0008013264889749915
100,47,5.629930181717685e-08,2.7836517050666435e-06,3.346644723238412e-06,0.000739556369191624,0.0005514549190483122,3.2591608933291177e-122,7.213289786898838e-05,0.0005514549190483122
100,48,1.2259925366949914e-08,6.4159582324049615e-06,6.538557486074461e-06,0.0005778440128660356,0.0005173028213182211,2.069885846672485e-127,7.111579763358086e-05,0.0005173028213182211
100,49,1.298537096731972e-07,9.021015342382979e-06,1.031955243911495e-05,0.00045149838486827076,0.0008590293691759489,1.0271535420220983e-132,8.205702584816747e-05,0.0008590293691759489
105,0,1.1194885583285282e-19,8.473186433063508e-29,1.11948855841326e-18,40.212385860203675,40.212385860210254,40.212385860203675,40.2123858602102,40.212385860210254
105,1,5.166870223080703e-07,3.80104630627497e-05,4.317733328583041e-05,39.01860822557467,39.01962459413369,34.4899718687309,34.50934348175954,39.01962459413369
105,2,7.219373818148814e-05,2.1482692687757448,2.1489912061575596,35.76810951683773,35.75609338283539,21.836360227520203,2.5928127525645734e-06,35.75609338283539
105,3,5.582801326270666e-12,3.877765813914485e-06,3.877821641927747e-06,31.252265253826952,31.252261938969617,10.29606070808591,10.296551654140307,31.252261938969617
105,4,0.08156892266956281,52.33192639184979,53.147615618545416,26.31894796557784,25.915044703244206,3.655994885024816,25.914188942067447,25.915044703244206
105,5,4.204940595521752e-06,0.008930420380478228,0.008972469786433446,21.589810521465168,21.588178557034677,0.9880421629742486,0.9615288293805443,21.588178557034677
105,6,1.4727038230066968e-09,2.593808227441163e-06,2.60853526567123e-06,17.39884817795113,17.398802667809406,0.20496460503222355,0.20535405524941475,17.398802667809406
105,7,8.133393914935139e-08,0.00676969376325377,0.006770507102645264,13.86022498980606,13.860008657571614,0.03283995157388999,0.07620202406775918,13.860008657571614
105,8,4.686374034905665e-11,2.815086065420096e-05,2.815132929160445e-05,10.960400943258088,10.960410612176487,0.004081075764271535,0.0010177919503341214,10.960410612176487
105,9,2.096599603722802e-09,8.962440362533024e-06,8.983406358570252e-06,8.62745659157676,8.627401782760435,0.0003944474190807856,0.0009275549746350911,8.627401782760435
105,10,2.461293064529931e-10,4.9143751349283666e-05,4.9146212642348194e-05,6.771719124745781,6.771740110431142,2.9703356237254366e-05,0.0023740059969165244,6.771740110431142
105,11,2.952526979018914e-10,3.4516484435453394e-05,3.451943696243241e-05,5.30579708366527,5.305777814576122,1.7446150219024265e-06,0.001991487095113142,5.305777814576122
105,12,2.684711036275235,21.266354793776546,48.113465156528896,4.152722013629521,1.8355206687847385,7.997722775691346e-08,1.8355206687847385,1.8355206687847385
105,13,3.8100227340935215e-12,4.091377938798492e-06,4.0914160390258326e-06,3.248085443256918,3.248084888937057,2.8627773872263956e-09,0.00038239080704635686,3.248084888937057
105,14,6.593849794690768e-11,4.742631084627482e-06,4.743290469606951e-06,2.5394871616500927,2.539492939495213,8.003407560458663e-11,0.00021258258198017483,2.539492939495213
105,15,1.1347266270969802e-10,9.442204815960799e-06,9.443339542587896e-06,1.9849840395898264,1.98497387396659,1.7478205494447078e-12,0.00036068476477382327,1.98497387396659
105,16,1.1027540297229573e-11,1.5772710732015e-05,1.5772821007417972e-05,1.5513231151193096,1.5513272767712254,2.981914094434455e-14,0.00029007484409096783,1.5513272767712254
105,17,7.584789536192183e-09,5.450876300666334e-06,5.526724196028256e-06,1.2122923680185365,1.212415223007205,3.9746181287953722e-16,0.00019145741829977995,1.212415223007205
105,18,7.161646975969749e-11,1.2985562930080244e-05,1.298627909477784e-05,0.9473008745475043,0.9472936357347885,4.139170173571913e-18,0.00022100351147546658,0.9472936357347885
105,19,4.3842468298098725e-13,2.831504448355394e-06,2.8315088326022237e-06,0.7402076249741987,0.7402072846787149,3.3678933901296725e-20,0.0003242587634206984,0.7402072846787149
105,20,2.7686636624033843e-11,1.306826500898103e-06,1.3071033672643433e-06,0.5783756532949839,0.5783755945871315,2.1410970507201e-22,0.00013131816071395276,0.5783755945871315
105,21,4.811482692490637e-11,5.382615575065863e-06,5.383096723335112e-06,0.45191931148196796,0.4519187947490306,1.0635329537896607e-24,0.0003826400247253546,0.4519187947490306
105,22,2.2828600705512645e-11,3.492314506644683e-06,3.4925427926517383e-06,0.35310864809819714,0.3531144122183769,4.127663051903605e-27,7.197086527911307e-05,0.3531144122183769
105,23,1.0763726471438442e-11,1.4070019709473329e-06,1.4071096082120472e-06,0.2759013142767159,0.275898180179341,1.251692406084246e-29,0.00017713248956826186,0.275898180179341
105,24,4.997667564427238e-07,9.604170498629156e-05,0.0001010393725507188,0.2155747371562788,0.21547365278170452,2.9657313603032164e-32,0.0007780836555004082,0.21547365278170452
105,25,2.214737005804988e-10,8.036420814587736e-06,8.038635551593541e-06,0.16843845295653787,0.16845745144351423,5.490443365551092e-35,0.0003321450684615625,0.16845745144351423
105,26,1.3071041297313438e-08,5.784508789758589e-05,5.797579831055902e-05,0.13160854267326402,0.1315034187028108,7.941903613236137e-38,0.00024299618001994452,0.1315034187028108
105,27,1.9399658913646554e-06,0.00030360638113597813,0.00032300604004962467,0.10283162757376144,0.10190630152264524,8.976018373828387e-41,0.0008280778060605815,0.10190630152264524
105,28,2.8005579038221413e-09,4.120168249562272e-06,4.148173828600493e-06,0.08034688874830666,0.08033384531328744,7.926559258514568e-44,3.274562135329163e-05,0.08033384531328744
105,29,6.613328277746229e-09,6.0921996742791306e-05,6.098813002556877e-05,0.06277857149424129,0.06273606596509597,5.46925069334566e-47,0.0005626127415441196,0.06273606596509597
105,30,2.6898368626785103e-07,0.00020370623697578096,0.00020639607383845948,0.049051646160226614,0.04831823394532912,2.9485797235512157e-50,0.0008635985488105092,0.04831823394532912
105,31,1.6289647572284146e-05,0.0009741454060012533,0.0011370418817240947,0.03832620997030077,0.033078074521427955,1.2420531508760914e-53,0.0022171446403181673,0.033078074521427955
105,32,1.9122037649583674e-05,0.0007742362428776393,0.0009654566193734761,0.029945938776291883,0.02417774213397634,4.087985896736657e-57,0.0010241699697128488,0.02417774213397634
105,33,1.4309507660841594e-05,0.0004680960895705535,0.0006111911661789694,0.023398080102354356,0.01804844746586986,1.0512861958086046e-60,0.001024101754402678,0.01804844746586986
105,34,6.761749911982993e-06,0.0003042946428125172,0.00037191214193234713,0.018281936868808205,0.01487517220567285,2.1123912358439096e-64,0.0005177654742365041,0.01487517220567285
105,35,2.2382946948064352e-05,0.00038816574175936096,0.0006119952112400045,0.014284483611205177,0.007990822955815718,3.3164254756163893e-68,0.0010719051283109415,0.007990822955815718
105,36,1.2806244650740837e-05,0.00016508670453324,0.00029314915104064834,0.011161085612823161,0.006385872031661619,4.0682516954017187e-72,0.0005690646164001679,0.006385872031661619
105,37,4.350803572386823e-06,7.11040416707537e-05,0.00011461207739462193,0.008720650268011516,0.00605027447391565,3.8993126034841783e-76,0.00018130559998882448,0.00605027447391565
105,38,6.659753840453429e-06,4.33505390682465e-05,0.00010994807747278079,0.006813819793385616,0.003166934987998331,2.920180978341585e-80,0.00011107678372069474,0.003166934987998331
105,39,7.930046383741424e-06,2.33181182619195e-05,0.00010261858209933374,0.005323940781647147,0.0013865786875003254,1.708733810208657e-84,5.61080164369149e-05,0.0013865786875003254
105,40,2.941589140484995e-06,1.94459356489133e-05,4.886182705376325e-05,0.004159822610457624,0.0017546359213394,7.812323379225454e-89,8.520735907132504e-05,0.0017546359213394
105,41,2.9552909843366065e-06,1.1242323917013346e-05,4.079523376037941e-05,0.0032502562437170136,0.0008315193404997044,2.7908040074387504e-93,9.233841414120535e-05,0.0008315193404997044
105,42,1.415886303239038e-06,7.690069362608428e-06,2.1848932394998807e-05,0.00253956262595096,0.00088078399014552,7.789671286284821e-98,6.035807990185295e-05,0.00088078399014552
105,43,5.306246432866422e-07,1.053620478475859e-05,1.5842451217625013e-05,0.001984275856401733,0.0014368854698894986,1.6988414622652328e-102,7.576318948722654e-05,0.0014368854698894986
105,44,7.383734545952604e-07,2.8495865818972177e-06,1.0233321127849821e-05,0.0015503971627889978,0.0003574970467697253,2.8948528976691676e-107,5.3840292022797375e-05,0.0003574970467697253
105,45,5.503119837917187e-07,5.379850838537877e-06,1.0882970676455064e-05,0.0012113972708590846,0.0002649245601685875,3.8542953297105736e-112,0.00012556768100959855,0.0002649245601685875
105,46,3.8181265531687063e-07,8.281626910452211e-06,1.2099753463620918e-05,0.000946513654275706,0.0008013264889749915,4.009611324817239e-117,0.00010694470522085429,0.0008013264889749915
105,47,5.629930181717685e-08,2.7836517050666435e-06,3.346644723238412e-06,0.000739556369191624,0.0005514549190483122,3.2591608933291177e-122,7.213289786898838e-05,0.0005514549190483122
105,48,1.2259925366949914e-08,6.4159582324049615e-06,6.538557486074461e-06,0.0005778440128660356,0.0005173028213182211,2.069885846672485e-127,7.111579763358086e-05,0.0005173028213182211
105,49,1.298537096731972e-07,9.021015342382979e-06,1.031955243911495e-05,0.00045149838486827076,0.0008590293691759489,1.0271535420220983e-132,8.205702584816747e-05,0.0008590293691759489
110,0,1.1194885583285282e-19,8.473186433063508e-29,1.11948855841326e-18,40.212385860203675,40.212385860210254,40.212385860203675,40.2123858602102,40.212385860210254
110,1,2.5219776243293115e-06,0.00017105921510010447,0.00019627899134339757,39.01860822557467,39.020844405607825,34.4899718687309,34.56902239945296,39.020844405607825
110,2,7.219373818148814e-05,2.1482692687757448,2.1489912061575596,35.76810951683773,35.75609338283539,21.836360227520203,2.5928127525645734e-06,35.75609338283539
110,3,5.582801326270666e-12,3.877765813914485e-06,3.877821641927747e-06,31.252265253826952,31.252261938969617,10.29606070808591,10.296551654140307,31.252261938969617
110,4,0.08156901285343698,52.33182037403766,53.14751050257203,26.31894796557784,25.915044479964568,3.655994885024816,25.914159714730577,25.915044479964568
110,5,5.826231948738716e-06,0.007350208861817158,0.007408471181304545,21.589810521465168,21.586455294249024,0.9880421629742486,0.9820242805120768,21.586455294249024
110,6,2.584722590607595e-10,1.6228288909773267e-06,1.6254136135679342e-06,17.39884817795113,17.39885386959567,0.20496460503222355,0.2049443573366595,17.39885386959567
110,7,2.271554430607629e-07,0.00620664412595741,0.006208915680388017,13.86022498980606,13.859737568957165,0.03283995157388999,0.0772086021990984,13.859737568957165
110,8,4.750370464258413e-12,2.797138249882581e-05,2.7971430002530453e-05,10.960400943258088,10.960397909949233,0.004081075764271535,0.0010489865403103284,10.960397909949233
110,9,1.0635278380684114e-10,8.702481822899149e-06,8.703545350737218e-06,8.62745659157676,8.62747045914869,0.0003944474190807856,0.0007991181687259558,8.62747045914869
110,10,1.3649782869630443e-08,4.819991153452696e-05,4.8336409363223264e-05,6.771719124745781,6.771554164568311,2.9703356237254366e-05,0.0024909460888818164,6.771554164568311
110,11,1.6497669948556775e-07,4.1325203743264584e-05,4.2974970738120264e-05,5.30579708366527,5.305243644504699,1.7446150219024265e-06,0.0031098312096818933,5.305243644504699
110,12,2.684711036275235,21.266354793776546,48.113465156528896,4.152722013629521,1.8355206687847385,7.997722775691346e-08,1.8355206687847385,1.8355206687847385
110,13,3.8100227340935215e-12,4.091377938798492e-06,4.0914160390258326e-06,3.248085443256918,3.248084888937057,2.8627773872263956e-09,0.00038239080704635686,3.248084888937057
110,14,3.1201140940265637e-12,4.58758896624388e-06,4.5876201673848205e-06,2.5394871616500927,2.5394848839244326,8.003407560458663e-11,0.00029654537357948294,2.5394848839244326
110,15,2.8151193679769503e-09,6.472780634566387e-06,6.500931828246157e-06,1.9849840395898264,1.9850395717462188,1.7478205494447078e-12,0.00031717764054114175,1.9850395717462188
110,16,8.87377601204943e-12,1.575970566187374e-05,1.575979439963386e-05,1.5513231151193096,1.551326717317726,2.981914094434455e-14,0.00028886033644888595,1.551326717317726
110,17,1.6226444450895995e-09,4.214966044632056e-06,4.231192489082952e-06,1.2122923680185365,1.2123466413345525,3.9746181287953722e-16,0.00014832717939069326,1.2123466413345525
110,18,7.161646975969749e-11,1.2985562930080244e-05,1.298627909477784e-05,0.9473008745475043,0.9472936357347885,4.139170173571913e-18,0.00022100351147546658,0.9472936357347885
110,19,4.3842468298098725e-13,2.831504448355394e-06,2.8315088326022237e-06,0.7402076249741987,0.7402072846787149,3.3678933901296725e-20,0.0003242587634206984,0.7402072846787149
110,20,2.7686636624033843e-11,1.306826500898103e-06,1.3071033672643433e-06,0.5783756532949839,0.5783755945871315,2.1410970507201e-22,0.00013131816071395276,0.5783755945871315
110,21,4.811482692490637e-11,5.382615575065863e-06,5.383096723335112e-06,0.45191931148196796,0.4519187947490306,1.0635329537896607e-24,0.0003826400247253546,0.4519187947490306
110,22,1.9803432446076984e-11,3.4649482432500423e-06,3.465146277574503e-06,0.35310864809819714,0.353113992387732,4.127663051903605e-27,7.215728232353167e-05,0.353113992387732
110,23,1.0763726471438442e-11,1.4070019709473329e-06,1.4071096082120472e-06,0.2759013142767159,0.275898180179341,1.251692406084246e-29,0.00017713248956826186,0.275898180179341
110,24,2.0836077442082354e-06,7.850247600652536e-05,9.933855344860772e-05,0.2155747371562788,0.2143478501863106,2.9657313603032164e-32,0.0007173721057367835,0.2143478501863106
110,25,1.1392961441376949e-09,7.3213742809238425e-06,7.332767242365219e-06,0.16843845295653787,0.16845684074777748,5.490443365551092e-35,0.0004103604488070905,0.16845684074777748
110,26,2.701370000920073e-08,9.11477766532141e-06,9.384914665413417e-06,0.13160854267326402,0.13157637761609453,7.941903613236137e-38,0.00013381720058010626,0.13157637761609453
110,27,5.795381863858448e-07,0.0002150434757884653,0.00022083885765232373,0.10283162757376144,0.10224170244708881,8.976018373828387e-41,0.000608652923990276,0.10224170244708881
110,28,2.88629278271366e-09,4.052439050162733e-06,4.08130197798987e-06,0.08034688874830666,0.08033042289408282,7.926559258514568e-44,3.3120713796996006e-05,0.08033042289408282
110,29,1.7446897975429352e-08,5.978847509802551e-05,5.99629440777798e-05,0.06277857149424129,0.06259177866440269,5.46925069334566e-47,0.0005223480242336592,0.06259177866440269
110,30,3.171407637078852e-07,0.000167689456351755,0.00017086086398883385,0.049051646160226614,0.04826998175578399,2.9485797235512157e-50,0.0004685476472117333,0.04826998175578399
110,31,7.37478613409949e-06,0.0007438075912034515,0.0008175554525444464,0.03832620997030077,0.03448648875384571,1.2420531508760914e-53,0.0018235819275377882,0.03448648875384571
110,32,8.670324573961119e-06,0.0007624530198413105,0.0008491562655809217,0.029945938776291883,0.027194038171376785,4.087985896736657e-57,0.00043902967738561555,0.027194038171376785
110,33,1.5972430076268207e-05,0.0004476759124303142,0.0006074002131929963,0.023398080102354356,0.01774611714417061,1.0512861958086046e-60,0.001080521410837071,0.01774611714417061
110,34,4.735622712541823e-06,0.0003030974386375732,0.0003504536657629914,0.018281936868808205,0.015452036823997905,2.1123912358439096e-64,0.0005798542317109858,0.015452036823997905
110,35,2.415600075683811e-05,0.0002932146855412815,0.0005347746931096626,0.014284483611205177,0.007460462254421536,3.3164254756163893e-68,0.0007162923772776119,0.007460462254421536
110,36,1.105301923925247e-05,0.00017399987502494311,0.00028453006741746784,0.011161085612823161,0.006567671735397243,4.0682516954017187e-72,0.0006550937645276754,0.006567671735397243
110,37,4.571635116440613e-06,5.9847773468928627e-05,0.00010556412463333476,0.008720650268011516,0.005998376883593771,3.8993126034841783e-76,4.037365138013329e-05,0.005998376883593771
110,38,6.659753840453429e-06,4.33505390682465e-05,0.00010994807747278079,0.006813819793385616,0.003166934987998331,2.920180978341585e-80,0.00011107678372069474,0.003166934987998331
110,39,7.930046383741424e-06,2.33181182619195e-05,0.00010261858209933374,0.005323940781647147,0.0013865786875003254,1.708733810208657e-84,5.61080164369149e-05,0.0013865786875003254
110,40,2.941589140484995e-06,1.94459356489133e-05,4.886182705376325e-05,0.004159822610457624,0.0017546359213394,7.812323379225454e-89,8.520735907132504e-05,0.0017546359213394
110,41,2.9552909843366065e-06,1.1242323917013346e-05,4.079523376037941e-05,0.0032502562437170136,0.0008315193404997044,2.7908040074387504e-93,9.233841414120535e-05,0.0008315193404997044
110,42,1.415886303239038e-06,7.690069362608428e-06,2.1848932394998807e-05,0.00253956262595096,0.00088078399014552,7.789671286284821e-98,6.035807990185295e-05,0.00088078399014552
110,43,5.306246432866422e-07,1.053620478475859e-05,1.5842451217625013e-05,0.001984275856401733,0.0014368854698894986,1.6988414622652328e-102,7.576318948722654e-05,0.0014368854698894986
110,44,7.383734545952604e-07,2.8495865818972177e-06,1.0233321127849821e-05,0.0015503971627889978,0.0003574970467697253,2.8948528976691676e-107,5.3840292022797375e-05,0.0003574970467697253
110,45,5.503119837917187e-07,5.379850838537877e-06,1.0882970676455064e-05,0.0012113972708590846,0.0002649245601685875,3.8542953297105736e-112,0.00012556768100959855,0.0002649245601685875
110,46,3.8181265531687063e-07,8.281626910452211e-06,1.2099753463620918e-05,0.000946513654275706,0.0008013264889749915,4.009611324817239e-117,0.00010694470522085429,0.0008013264889749915
110,47,5.629930181717685e-08,2.7836517050666435e-06,3.346644723238412e-06,0.000739556369191624,0.0005514549190483122,3.2591608933291177e-122,7.213289786898838e-05,0.0005514549190483122
110,48,1.2259925366949914e-08,6.4159582324049615e-06,6.538557486074461e-06,0.0005778440128660356,0.0005173028213182211,2.069885846672485e-127,7.111579763358086e-05,0.0005173028213182211
110,49,1.298537096731972e-07,9.021015342382979e-06,1.031955243911495e-05,0.00045149838486827076,0.0008590293691759489,1.0271535420220983e-132,8.205702584816747e-05,0.0008590293691759489
115,0,1.1194885583285282e-19,8.473186433063508e-29,1.11948855841326e-18,40.212385860203675,40.212385860210254,40.212385860203675,40.2123858602102,40.212385860210254
115,1,7.776624370873568e-11,1.1491237971335868e-05,1.1492015633772955e-05,39.01860822557467,39.01860290455477,34.4899718687309,34.487757925655366,39.01860290455477
115,2,7.219373818148814e-05,2.1482692687757448,2.1489912061575596,35.76810951683773,35.75609338283539,21.836360227520203,2.5928127525645734e-06,35.75609338283539
115,3,5.582801326270666e-12,3.877765813914485e-06,3.877821641927747e-06,31.252265253826952,31.252261938969617,10.29606070808591,10.296551654140307,31.252261938969617
115,4,0.08156910753333496,52.33170785411899,53.147398929452336,26.31894796557784,25.915044245553737,3.655994885024816,25.91412866574674,25.915044245553737
115,5,1.260389295484209e-07,0.006780518392197803,0.006781778781493287,21.589810521465168,21.589310428241514,0.9880421629742486,0.9922843185224756,21.589310428241514
115,6,1.7814453204944326e-11,1.049612258436717e-06,1.0497904029687664e-06,17.39884817795113,17.398850564416467,0.20496460503222355,0.2050543129407595,17.398850564416467
115,7,2.819430731015971e-08,0.005678881738631804,0.005679163681704906,13.86022498980606,13.859988755478458,0.03283995157388999,0.0730427205768061,13.859988755478458
115,8,6.8178417937584585e-09,2.8526865258594755e-05,2.859504367653234e-05,10.960400943258088,10.96051660236596,0.004081075764271535,0.0012240131081076029,10.96051660236596
115,9,9.66563343529923e-11,8.226868272161367e-06,8.227834835504897e-06,8.62745659157676,8.627464047800776,0.0003944474190807856,0.0009329041731866948,8.627464047800776
115,10,2.1951632547812533e-10,4.7416070358514955e-05,4.741826552176974e-05,6.771719124745781,6.7716982028760055,2.9703356237254366e-05,0.002258349670672667,6.7716982028760055
115,11,8.567727120556272e-10,3.211162900338772e-05,3.212019673050827e-05,5.30579708366527,5.30576012492455,1.7446150219024265e-06,0.0019261426720239628,5.30576012492455
115,12,2.684711036275235,21.266354793776546,48.113465156528896,4.152722013629521,1.8355206687847385,7.997722775691346e-08,1.8355206687847385,1.8355206687847385
115,13,3.8100227340935215e-12,4.091377938798492e-06,4.0914160390258326e-06,3.248085443256918,3.248084888937057,2.8627773872263956e-09,0.00038239080704635686,3.248084888937057
115,14,3.1201140940265637e-12,4.58758896624388e-06,4.5876201673848205e-06,2.5394871616500927,2.5394848839244326,8.003407560458663e-11,0.00029654537357948294,2.5394848839244326
115,15,2.6340404718236964e-07,3.100596936337067e-05,3.364000983519437e-05,1.9849840395898264,1.9856976970600932,1.7478205494447078e-12,0.00032424831627388427,1.9856976970600932
115,16,7.1369283015804204e-12,1.5751102766939868e-05,1.5751174136222883e-05,1.5513231151193096,1.551326229434945,2.981914094434455e-14,0.00028841123880066677,1.551326229434945
115,17,5.55350261786896e-10,3.7005690657750683e-06,3.7061225683929374e-06,1.2122923680185365,1.2123254113909385,3.9746181287953722e-16,0.0001350861769832479,1.2123254113909385
115,18,7.161646975969749e-11,1.2985562930080244e-05,1.298627909477784e-05,0.9473008745475043,0.9472936357347885,4.139170173571913e-18,0.00022100351147546658,0.9472936357347885
115,19,4.3842468298098725e-13,2.831504448355394e-06,2.8315088326022237e-06,0.7402076249741987,0.7402072846787149,3.3678933901296725e-20,0.0003242587634206984,0.7402072846787149
115,20,2.7686636624033843e-11,1.306826500898103e-06,1.3071033672643433e-06,0.5783756532949839,0.5783755945871315,2.1410970507201e-22,0.00013131816071395276,0.5783755945871315
115,21,4.811482692490637e-11,5.382615575065863e-06,5.383096723335112e-06,0.45191931148196796,0.4519187947490306,1.0635329537896607e-24,0.0003826400247253546,0.4519187947490306
115,22,1.6736258839171465e-11,3.4379303880723e-06,3.438097750660692e-06,0.35310864809819714,0.35311354032188075,4.127663051903605e-27,7.233256630417006e-05,0.35311354032188075
115,23,1.0763726471438442e-11,1.4070019709473329e-06,1.4071096082120472e-06,0.2759013142767159,0.275898180179341,1.251692406084246e-29,0.00017713248956826186,0.275898180179341
115,24,4.0064978147374826e-07,5.2802847477385876e-05,5.6809345292123356e-05,0.2155747371562788,0.21578307110769482,2.9657313603032164e-32,0.00048585154258237696,0.21578307110769482
115,25,2.0034884363350726e-09,6.802207023390777e-06,6.822241907754128e-06,0.16843845295653787,0.16841801899193581,5.490443365551092e-35,0.000337598844762853,0.16841801899193581
115,26,2.600966965324361e-10,2.730609810573755e-06,2.7332107775390793e-06,0.13160854267326402,0.13158620801764262,7.941903613236137e-38,8.824316264195581e-05,0.13158620801764262
115,27,8.943319022837134e-08,0.00020970019381303377,0.00021059452571531748,0.10283162757376144,0.10246858067484152,8.976018373828387e-41,0.0007972537950509797,0.10246858067484152
115,28,2.662667565000704e-09,4.002017959583843e-06,4.028644635233851e-06,0.08034688874830666,0.08033166463130348,7.926559258514568e-44,3.1723239988660164e-05,0.08033166463130348
115,29,1.2954490193023369e-08,4.8235247492472705e-05,4.836479239440294e-05,0.06277857149424129,0.06263179954985439,5.46925069334566e-47,0.0003779147979973261,0.06263179954985439
115,30,6.904550239600054e-07,0.00014242286112247371,0.00014932741136207376,0.049051646160226614,0.0480048349715622,2.9485797235512157e-50,0.000140560976350404,0.0480048349715622
115,31,8.291244947008209e-06,0.0007020313986130586,0.0007849438480831407,0.03832620997030077,0.03441388873827355,1.2420531508760914e-53,0.0010303615294191258,0.03441388873827355
115,32,8.952965422049566e-06,0.0006897337677392723,0.000779263421959768,0.029945938776291883,0.027658477269853057,4.087985896736657e-57,0.0008431716095883842,0.027658477269853057
115,33,1.7113491672367384e-05,0.00039693869356308733,0.0005680736102867611,0.023398080102354356,0.0176797268078878,1.0512861958086046e-60,0.0008133343663613813,0.0176797268078878
115,34,4.218980173435014e-06,0.00028967319794199564,0.00033186299967634576,0.018281936868808205,0.015862056827870348,2.1123912358439096e-64,0.0004262994915596898,0.015862056827870348
115,35,2.288836892550568e-05,0.0002945634634463644,0.0005234471527014212,0.014284483611205177,0.007872228809232249,3.3164254756163893e-68,0.0007194997968404366,0.007872228809232249
115,36,1.079024216810916e-05,0.000174006785498096,0.0002819092071791876,0.011161085612823161,0.006594817567958856,4.0682516954017187e-72,0.0006042093776288554,0.006594817567958856
115,37,4.4513819780297824e-06,5.425080426038533e-05,9.876462404068316e-05,0.008720650268011516,0.006115596889327855,3.8993126034841783e-76,6.46446766152356e-05,0.006115596889327855
115,38,6.659753840453429e-06,4.33505390682465e-05,0.00010994807747278079,0.006813819793385616,0.003166934987998331,2.920180978341585e-80,0.00011107678372069474,0.003166934987998331
115,39,7.930046383741424e-06,2.33181182619195e-05,0.00010261858209933374,0.005323940781647147,0.0013865786875003254,1.708733810208657e-84,5.61080164369149e-05,0.0013865786875003254
115,40,2.941589140484995e-06,1.94459356489133e-05,4.886182705376325e-05,0.004159822610457624,0.0017546359213394,7.812323379225454e-89,8.520735907132504e-05,0.0017546359213394
115,41,2.9552909843366065e-06,1.1242323917013346e-05,4.079523376037941e-05,0.0032502562437170136,0.0008315193404997044,2.7908040074387504e-93,9.233841414120535e-05,0.0008315193404997044
115,42,1.415886303239038e-06,7.690069362608428e-06,2.1848932394998807e-05,0.00253956262595096,0.00088078399014552,7.789671286284821e-98,6.035807990185295e-05,0.00088078399014552
115,43,5.306246432866422e-07,1.053620478475859e-05,1.5842451217625013e-05,0.001984275856401733,0.0014368854698894986,1.6988414622652328e-102,7.576318948722654e-05,0.0014368854698894986
115,44,7.383734545952604e-07,2.8495865818972177e-06,1.0233321127849821e-05,0.0015503971627889978,0.0003574970467697253,2.8948528976691676e-107,5.3840292022797375e-05,0.0003574970467697253
115,45,5.503119837917187e-07,5.379850838537877e-06,1.0882970676455064e-05,0.0012113972708590846,0.0002649245601685875,3.8542953297105736e-112,0.00012556768100959855,0.0002649245601685875
115,46,3.8181265531687063e-07,8.281626910452211e-06,1.2099753463620918e-05,0.000946513654275706,0.0008013264889749915,4.009611324817239e-117,0.00010694470522085429,0.0008013264889749915
115,47,5.629930181717685e-08,2.7836517050666435e-06,3.346644723238412e-06,0.000739556369191624,0.0005514549190483122,3.2591608933291177e-122,7.213289786898838e-05,0.0005514549190483122
115,48,1.2259925366949914e-08,6.4159582324049615e-06,6.538557486074461e-06,0.0005778440128660356,0.0005173028213182211,2.069885846672485e-127,7.111579763358086e-05,0.0005173028213182211
115,49,1.298537096731972e-07,9.021015342382979e-06,1.031955243911495e-05,0.00045149838486827076,0.0008590293691759489,1.0271535420220983e-132,8.205702584816747e-05,0.0008590293691759489
120,0,1.1194885583285282e-19,8.473186433063508e-29,1.11948855841326e-18,40.212385860203675,40.212385860210254,40.212385860203675,40.2123858602102,40.212385860210254
120,1,3.144910849713719e-11,8.937590029685904e-06,8.937904520770876e-06,39.01860822557467,39.01860032763388,34.4899718687309,34.487810827490705,39.01860032763388
120,2,7.219373818148814e-05,2.1482692687757448,2.1489912061575596,35.76810951683773,35.75609338283539,21.836360227520203,2.5928127525645734e-06,35.75609338283539
120,3,5.582801326270666e-12,3.877765813914485e-06,3.877821641927747e-06,31.252265253826952,31.252261938969617,10.29606070808591,10.296551654140307,31.252261938969617
120,4,0.08156920705159705,52.331588219209614,53.147280289725586,26.31894796557784,25.915043999164165,3.655994885024816,25.914095621675997,25.915043999164165
120,5,4.6493633916379976e-08,0.0066464122151293084,0.006646877151468472,21.589810521465168,21.589511295110036,0.9880421629742486,0.9914827096804933,21.589511295110036
120,6,1.4945998029963446e-11,6.856826393564159e-07,6.858320993367155e-07,17.39884817795113,17.398842917567357,0.20496460503222355,0.20511445807670237,17.398842917567357
120,7,2.1163606273841275e-08,0.005371988115325759,0.005372199751388497,13.86022498980606,13.860019300996266,0.03283995157388999,0.06934448790675558,13.860019300996266
120,8,4.927636959654094e-10,2.7616785977126686e-05,2.762171361408634e-05,10.960400943258088,10.960370033709756,0.004081075764271535,0.0011166630267412196,10.960370033709756
120,9,9.249288606507617e-11,8.06476882439913e-06,8.06569375325978e-06,8.62745659157676,8.627445635785877,0.0003944474190807856,0.0009363065626517451,8.627445635785877
120,10,1.5290063734405805e-08,4.63194570863294e-05,4.6472357723673456e-05,6.771719124745781,6.771544492270104,2.9703356237254366e-05,0.0021809071623837785,6.771544492270104
120,11,6.387536869502049e-10,3.101454410734913e-05,3.102093164421863e-05,5.30579708366527,5.305784364437284,1.7446150219024265e-06,0.0018690176863602767,5.305784364437284
120,12,2.684711036275235,21.266354793776546,48.113465156528896,4.152722013629521,1.8355206687847385,7.997722775691346e-08,1.8355206687847385,1.8355206687847385
120,13,3.8100227340935215e-12,4.091377938798492e-06,4.0914160390258326e-06,3.248085443256918,3.248084888937057,2.8627773872263956e-09,0.00038239080704635686,3.248084888937057
120,14,3.1201140940265637e-12,4.58758896624388e-06,4.5876201673848205e-06,2.5394871616500927,2.5394848839244326,8.003407560458663e-11,0.00029654537357948294,2.5394848839244326
120,15,1.2449292628970138e-11,4.730605354163158e-06,4.730729847089447e-06,1.9849840395898264,1.984979377271919,1.7478205494447078e-12,0.00024879769281105254,1.984979377271919
120,16,7.1369283015804204e-12,1.5751102766939868e-05,1.5751174136222883e-05,1.5513231151193096,1.551326229434945,2.981914094434455e-14,0.00028841123880066677,1.551326229434945
120,17,8.180186716261108e-11,3.392017065034949e-06,3.392835083706575e-06,1.2122923680185365,1.2123048156574772,3.9746181287953722e-16,0.00018269571040002862,1.2123048156574772
120,18,7.161646975969749e-11,1.2985562930080244e-05,1.298627909477784e-05,0.9473008745475043,0.9472936357347885,4.139170173571913e-18,0.00022100351147546658,0.9472936357347885
120,19,4.3842468298098725e-13,2.831504448355394e-06,2.8315088326022237e-06,0.7402076249741987,0.7402072846787149,3.3678933901296725e-20,0.0003242587634206984,0.7402072846787149
120,20,2.7686636624033843e-11,1.306826500898103e-06,1.3071033672643433e-06,0.5783756532949839,0.5783755945871315,2.1410970507201e-22,0.00013131816071395276,0.5783755945871315
120,21,4.811482692490637e-11,5.382615575065863e-06,5.383096723335112e-06,0.45191931148196796,0.4519187947490306,1.0635329537896607e-24,0.0003826400247253546,0.4519187947490306
120,22,1.3453367745106705e-11,3.4112431962808355e-06,3.4113777299582866e-06,0.35310864809819714,0.3531130129165003,4.127663051903605e-27,7.249571104674381e-05,0.3531130129165003
120,23,1.0763726471438442e-11,1.4070019709473329e-06,1.4071096082120472e-06,0.2759013142767159,0.275898180179341,1.251692406084246e-29,0.00017713248956826186,0.275898180179341
120,24,5.324405606306891e-08,3.767505334917666e-05,3.820749390980735e-05,0.2155747371562788,0.21538786870111723,2.9657313603032164e-32,0.001019612222442989,0.21538786870111723
120,25,1.5189449187291118e-09,5.851473037618506e-06,5.8666624868057974e-06,0.16843845295653787,0.1684926558318323,5.490443365551092e-35,0.0003694797449691448,0.1684926558318323
120,26,3.4645592240965667e-10,2.669191280156313e-06,2.6726558393804095e-06,0.13160854267326402,0.13160150674835533,7.941903613236137e-38,7.860098701175492e-05,0.13160150674835533
120,27,4.7198000344124135e-09,0.00019227856160715124,0.00019232575960749537,0.10283162757376144,0.10276782166936167,8.976018373828387e-41,0.0008100500112670331,0.10276782166936167
120,28,2.598338641897942e-09,3.959959004909386e-06,3.985942391328365e-06,0.08034688874830666,0.08033129198504257,7.926559258514568e-44,3.08451363930864e-05,0.08033129198504257
120,29,6.487600940216989e-08,3.298261819268937e-05,3.363137828671107e-05,0.06277857149424129,0.06260216735487817,5.46925069334566e-47,0.0003347671868073849,0.06260216735487817
120,30,4.748515628383423e-07,0.00012306215606764704,0.00012781067169603046,0.049051646160226614,0.048256306824931934,2.9485797235512157e-50,0.00054272174304634,0.048256306824931934
120,31,4.101873899467057e-06,0.0007023424726536618,0.0007433612116483323,0.03832620997030077,0.03550048569568266,1.2420531508760914e-53,0.0010658208183522652,0.03550048569568266
120,32,6.68602730675703e-06,0.0005132013704858599,0.0005800616435534302,0.029945938776291883,0.026374589959119895,4.087985896736657e-57,0.0006360928544008104,0.026374589959119895
120,33,1.6851478492786167e-05,0.0003649227445537283,0.00053343752948159,0.023398080102354356,0.01792630089970827,1.0512861958086046e-60,0.0007518851231128754,0.01792630089970827
120,34,3.8051648156644363e-06,0.0002648997654294323,0.00030295141358607666,0.018281936868808205,0.015655577240198858,2.1123912358439096e-64,0.00045351387835133763,0.015655577240198858
120,35,2.2957226011010597e-05,0.00027841988306302376,0.0005079921431731297,0.014284483611205177,0.00797906844510594,3.3164254756163893e-68,0.0006616761458975619,0.00797906844510594
120,36,1.032882627224862e-05,0.00017787761234482652,0.0002811658750673127,0.011161085612823161,0.006667738253272588,4.0682516954017187e-72,0.0006194776114864915,0.006667738253272588
120,37,4.370820797256609e-06,5.041306807993837e-05,9.412127605250447e-05,0.008720650268011516,0.006154063985021601,3.8993126034841783e-76,6.360693230540905e-05,0.006154063985021601
120,38,6.659753840453429e-06,4.33505390682465e-05,0.00010994807747278079,0.006813819793385616,0.003166934987998331,2.920180978341585e-80,0.00011107678372069474,0.003166934987998331
120,39,7.930046383741424e-06,2.33181182619195e-05,0.00010261858209933374,0.005323940781647147,0.0013865786875003254,1.708733810208657e-84,5.61080164369149e-05,0.0013865786875003254
120,40,2.941589140484995e-06,1.94459356489133e-05,4.886182705376325e-05,0.004159822610457624,0.0017546359213394,7.812323379225454e-89,8.520735907132504e-05,0.0017546359213394
120,41,2.9552909843366065e-06,1.1242323917013346e-05,4.079523376037941e-05,0.0032502562437170136,0.0008315193404997044,2.7908040074387504e-93,9.233841414120535e-05,0.0008315193404997044
120,42,1.415886303239038e-06,7.690069362608428e-06,2.1848932394998807e-05,0.00253956262595096,0.00088078399014552,7.789671286284821e-98,6.035807990185295e-05,0.00088078399014552
120,43,5.306246432866422e-07,1.053620478475859e-05,1.5842451217625013e-05,0.001984275856401733,0.0014368854698894986,1.6988414622652328e-102,7.576318948722654e-05,0.0014368854698894986
120,44,7.383734545952604e-07,2.8495865818972177e-06,1.0233321127849821e-05,0.0015503971627889978,0.0003574970467697253,2.8948528976691676e-107,5.3840292022797375e-05,0.0003574970467697253
120,45,5.503119837917187e-07,5.379850838537877e-06,1.0882970676455064e-05,0.0012113972708590846,0.0002649245601685875,3.8542953297105736e-112,0.00012556768100959855,0.0002649245601685875
120,46,3.8181265531687063e-07,8.281626910452211e-06,1.2099753463620918e-05,0.000946513654275706,0.0008013264889749915,4.009611324817239e-117,0.00010694470522085429,0.0008013264889749915
120,47,5.629930181717685e-08,2.7836517050666435e-06,3.346644723238412e-06,0.000739556369191624,0.0005514549190483122,3.2591608933291177e-122,7.213289786898838e-05,0.0005514549190483122
120,48,1.2259925366949914e-08,6.4159582324049615e-06,6.538557486074461e-06,0.0005778440128660356,0.0005173028213182211,2.069885846672485e-127,7.111579763358086e-05,0.0005173028213182211
120,49,1.298537096731972e-07,9.021015342382979e-06,1.031955243911495e-05,0.00045149838486827076,0.0008590293691759489,1.0271535420220983e-132,8.205702584816747e-05,0.0008590293691759489
125,0,1.1194885583285282e-19,8.473186433063508e-29,1.11948855841326e-18,40.212385860203675,40.212385860210254,40.212385860203675,40.2123858602102,40.212385860210254
125,1,7.34245184567233e-11,8.106487585279216e-06,8.107221830463783e-06,39.01860822557467,39.018608011447746,34.4899718687309,34.48796460533226,39.018608011447746
125,2,7.219373818148814e-05,2.1482692687757448,2.1489912061575596,35.76810951683773,35.75609338283539,21.836360227520203,2.5928127525645734e-06,35.75609338283539
125,3,5.582801326270666e-12,3.877765813914485e-06,3.877821641927747e-06,31.252265253826952,31.252261938969617,10.29606070808591,10.296551654140307,31.252261938969617
125,4,0.08156931178413503,52.33146077814369,53.14715389598504,26.31894796557784,25.915043739865197,3.655994885024816,25.914060386785756,25.915043739865197
125,5,4.81668836474949e-05,0.007048308586792532,0.00752997742326748,21.589810521465168,21.599591283662225,0.9880421629742486,0.9627916296212315,21.599591283662225
125,6,3.0512081807139066e-07,5.833147138012762e-05,6.138267956084152e-05,17.39884817795113,17.398067089982177,0.20496460503222355,0.21410351641724948,17.398067089982177
125,7,3.4547454071631325e-07,0.005174159384336003,0.005177614129743166,13.86022498980606,13.860468510276522,0.03283995157388999,0.06661756636345169,13.860468510276522
125,8,3.2386570997256413e-10,2.703423441251677e-05,2.7037473069616496e-05,10.960400943258088,10.960375617963646,0.004081075764271535,0.0011539613068171297,10.960375617963646
125,9,3.7682621611314684e-12,7.909513064391683e-06,7.909550747013294e-06,8.62745659157676,8.627458435320593,0.0003944474190807856,0.0008794012104768348,8.627458435320593
125,10,5.547211140801519e-09,3.5038938624359334e-05,3.509441073576735e-05,6.771719124745781,6.7717208226269765,2.9703356237254366e-05,0.0017282320015606007,6.7717208226269765
125,11,6.537068606558211e-10,3.0514552163135262e-05,3.052108923174182e-05,5.30579708366527,5.305773567364258,1.7446150219024265e-06,0.0017273470898542342,5.305773567364258
125,12,2.684711036275235,21.266354793776546,48.113465156528896,4.152722013629521,1.8355206687847385,7.997722775691346e-08,1.8355206687847385,1.8355206687847385
125,13,3.8100227340935215e-12,4.091377938798492e-06,4.0914160390258326e-06,3.248085443256918,3.248084888937057,2.8627773872263956e-09,0.00038239080704635686,3.248084888937057
125,14,3.1201140940265637e-12,4.58758896624388e-06,4.5876201673848205e-06,2.5394871616500927,2.5394848839244326,8.003407560458663e-11,0.00029654537357948294,2.5394848839244326
125,15,1.2449292628970138e-11,4.730605354163158e-06,4.730729847089447e-06,1.9849840395898264,1.984979377271919,1.7478205494447078e-12,0.00024879769281105254,1.984979377271919
125,16,7.1369283015804204e-12,1.5751102766939868e-05,1.5751174136222883e-05,1.5513231151193096,1.551326229434945,2.981914094434455e-14,0.00028841123880066677,1.551326229434945
125,17,1.7893326411103493e-10,3.236481830014873e-06,3.238271162655983e-06,1.2122923680185365,1.2123079307825426,3.9746181287953722e-16,0.00015247978408237863,1.2123079307825426
125,18,7.161646975969749e-11,1.2985562930080244e-05,1.298627909477784e-05,0.9473008745475043,0.9472936357347885,4.139170173571913e-18,0.00022100351147546658,0.9472936357347885
125,19,4.3842468298098725e-13,2.831504448355394e-06,2.8315088326022237e-06,0.7402076249741987,0.7402072846787149,3.3678933901296725e-20,0.0003242587634206984,0.7402072846787149
125,20,2.7686636624033843e-11,1.306826500898103e-06,1.3071033672643433e-06,0.5783756532949839,0.5783755945871315,2.1410970507201e-22,0.00013131816071395276,0.5783755945871315
125,21,4.811482692490637e-11,5.382615575065863e-06,5.383096723335112e-06,0.45191931148196796,0.4519187947490306,1.0635329537896607e-24,0.0003826400247253546,0.4519187947490306
125,22,9.311693176802262e-12,3.3849077392763456e-06,3.3850008562081134e-06,0.35310864809819714,0.3531122437466877,4.127663051903605e-27,7.263406886297624e-05,0.3531122437466877
125,23,1.0763726471438442e-11,1.4070019709473329e-06,1.4071096082120472e-06,0.2759013142767159,0.275898180179341,1.251692406084246e-29,0.00017713248956826186,0.275898180179341
125,24,9.33408111238241e-09,3.557546536488116e-05,3.5668806176004986e-05,0.2155747371562788,0.2155137554247743,2.9657313603032164e-32,0.0009039865504073543,0.2155137554247743
125,25,3.299619324897804e-10,5.296186232728957e-06,5.299485852053855e-06,0.16843845295653787,0.16844686023981073,5.490443365551092e-35,0.0003717054067090747,0.16844686023981073
125,26,5.4299531520703064e-11,1.934955597312398e-06,1.9354985926276047e-06,0.13160854267326402,0.13161428826191102,7.941903613236137e-38,6.30436673068872e-05,0.13161428826191102
125,27,6.916221949870217e-07,0.00016870504893245632,0.00017562127088232654,0.10283162757376144,0.10275703163517148,8.976018373828387e-41,0.0006796396760690912,0.10275703163517148
125,28,2.73022031840765e-09,3.9132938057841185e-06,3.940596008968195e-06,0.08034688874830666,0.080323807704532,7.926559258514568e-44,3.0887372479056494e-05,0.080323807704532
125,29,6.7728609679732575e-09,3.0448130361667137e-05,3.051585897134687e-05,0.06277857149424129,0.06266525346785631,5.46925069334566e-47,0.00030656446894758503,0.06266525346785631
125,30,6.505576068340073e-07,8.364862552188097e-05,9.015420159022104e-05,0.049051646160226614,0.048730120164772225,2.9485797235512157e-50,0.00048605437070474005,0.048730120164772225
125,31,3.846654648943251e-06,0.000613717185169299,0.0006521837316587315,0.03832620997030077,0.035817519999793504,1.2420531508760914e-53,0.0016136226740146775,0.035817519999793504
125,32,1.4912704723586665e-05,0.0003561003216283623,0.000505227368864229,0.029945938776291883,0.025508979164599977,4.087985896736657e-57,0.0002732499015851138,0.025508979164599977
125,33,1.7779420026138958e-05,0.0003462952199203057,0.0005240894201816953,0.023398080102354356,0.017849134409575862,1.0512861958086046e-60,0.0006967157429498001,0.017849134409575862
125,34,3.0014296985558943e-06,0.0002620536797879908,0.00029206797677354976,0.018281936868808205,0.016019948422194414,2.1123912358439096e-64,0.00044072148894848894,0.016019948422194414
125,35,2.3031440119151485e-05,0.00027479444421545676,0.0005051088454069716,0.014284483611205177,0.008072508966719398,3.3164254756163893e-68,0.0006529923484583149,0.008072508966719398
125,36,9.265460931841554e-06,0.00018542602106610642,0.0002780806303845219,0.011161085612823161,0.006894560425634197,4.0682516954017187e-72,0.0006588993791638307,0.006894560425634197
125,37,4.146210693520687e-06,4.808418590023443e-05,8.95462928354413e-05,0.008720650268011516,0.0062483091313569284,3.8993126034841783e-76,3.6992431738221184e-05,0.0062483091313569284
125,38,6.659753840453429e-06,4.33505390682465e-05,0.00010994807747278079,0.006813819793385616,0.003166934987998331,2.920180978341585e-80,0.00011107678372069474,0.003166934987998331
125,39,7.930046383741424e-06,2.33181182619195e-05,0.00010261858209933374,0.005323940781647147,0.0013865786875003254,1.708733810208657e-84,5.61080164369149e-05,0.0013865786875003254
125,40,2.941589140484995e-06,1.94459356489133e-05,4.886182705376325e-05,0.004159822610457624,0.0017546359213394,7.812323379225454e-89,8.520735907132504e-05,0.0017546359213394
125,41,2.9552909843366065e-06,1.1242323917013346e-05,4.079523376037941e-05,0.0032502562437170136,0.0008315193404997044,2.7908040074387504e-93,9.233841414120535e-05,0.0008315193404997044
125,42,1.415886303239038e-06,7.690069362608428e-06,2.1848932394998807e-05,0.00253956262595096,0.00088078399014552,7.789671286284821e-98,6.035807990185295e-05,0.00088078399014552
125,43,5.306246432866422e-07,1.053620478475859e-05,1.5842451217625013e-05,0.001984275856401733,0.0014368854698894986,1.6988414622652328e-102,7.576318948722654e-05,0.0014368854698894986
125,44,7.383734545952604e-07,2.8495865818972177e-06,1.0233321127849821e-05,0.0015503971627889978,0.0003574970467697253,2.8948528976691676e-107,5.3840292022797375e-05,0.0003574970467697253
125,45,5.503119837917187e-07,5.379850838537877e-06,1.0882970676455064e-05,0.0012113972708590846,0.0002649245601685875,3.8542953297105736e-112,0.00012556768100959855,0.0002649245601685875
125,46,3.8181265531687063e-07,8.281626910452211e-06,1.2099753463620918e-05,0.000946513654275706,0.0008013264889749915,4.009611324817239e-117,0.00010694470522085429,0.0008013264889749915
125,47,5.629930181717685e-08,2.7836517050666435e-06,3.346644723238412e-06,0.000739556369191624,0.0005514549190483122,3.2591608933291177e-122,7.213289786898838e-05,0.0005514549190483122
125,48,1.2259925366949914e-08,6.4159582324049615e-06,6.538557486074461e-06,0.0005778440128660356,0.0005173028213182211,2.069885846672485e-127,7.111579763358086e-05,0.0005173028213182211
125,49,1.298537096731972e-07,9.021015342382979e-06,1.031955243911495e-05,0.00045149838486827076,0.0008590293691759489,1.0271535420220983e-132,8.205702584816747e-05,0.0008590293691759489
130,0,1.1194885583285282e-19,8.473186433063508e-29,1.11948855841326e-18,40.212385860203675,40.212385860210254,40.212385860203675,40.2123858602102,40.212385860210254
130,1,7.39184805304284e-12,7.909740851687936e-06,7.909814770168466e-06,39.01860822557467,39.01861083726823,34.4899718687309,34.48757421578493,39.01861083726823
130,2,7.219373818148814e-05,2.1482692687757448,2.1489912061575596,35.76810951683773,35.75609338283539,21.836360227520203,2.5928127525645734e-06,35.75609338283539
130,3,5.582801326270666e-12,3.877765813914485e-06,3.877821641927747e-06,31.252265253826952,31.252261938969617,10.29606070808591,10.296551654140307,31.252261938969617
130,4,0.0815694221442595,52.33132474878799,53.14701897023059,26.31894796557784,25.915043466633584,3.655994885024816,25.914022739426755,25.915043466633584
130,5,1.783467105311973e-08,0.006142153637199975,0.006142331983910506,21.589810521465168,21.589803495146114,0.9880421629742486,0.9992376094008055,21.589803495146114
130,6,1.5272611392851697e-11,5.978564964384869e-07,5.980092225524154e-07,17.39884817795113,17.398842722378607,0.20496460503222355,0.20505157001843474,17.398842722378607
130,7,3.5088325343931828e-06,0.004755069775707895,0.004790158101051827,13.86022498980606,13.857591598200496,0.03283995157388999,0.06781110572313359,13.857591598200496
130,8,7.501597922073011e-10,2.627132822870501e-05,2.6278829826627086e-05,10.960400943258088,10.96036281011144,0.004081075764271535,0.0011571558185603035,10.96036281011144
130,9,1.9435175156883997e-13,7.722707997654815e-06,7.72270994117233e-06,8.62745659157676,8.627456511974122,0.0003944474190807856,0.0009398872167369632,8.627456511974122
130,10,6.53985143269095e-09,2.180728907305964e-05,2.187268758738655e-05,6.771719124745781,6.771606100897732,2.9703356237254366e-05,0.0015962958232141645,6.771606100897732
130,11,8.653182807900639e-11,2.7619464148977537e-05,2.762032946725833e-05,5.30579708366527,5.305800051771091,1.7446150219024265e-06,0.001778025819199142,5.305800051771091
130,12,2.684711036275235,21.266354793776546,48.113465156528896,4.152722013629521,1.8355206687847385,7.997722775691346e-08,1.8355206687847385,1.8355206687847385
130,13,3.8100227340935215e-12,4.091377938798492e-06,4.0914160390258326e-06,3.248085443256918,3.248084888937057,2.8627773872263956e-09,0.00038239080704635686,3.248084888937057
130,14,3.1201140940265637e-12,4.58758896624388e-06,4.5876201673848205e-06,2.5394871616500927,2.5394848839244326,8.003407560458663e-11,0.00029654537357948294,2.5394848839244326
130,15,1.2449292628970138e-11,4.730605354163158e-06,4.730729847089447e-06,1.9849840395898264,1.984979377271919,1.7478205494447078e-12,0.00024879769281105254,1.984979377271919
130,16,7.1369283015804204e-12,1.5751102766939868e-05,1.5751174136222883e-05,1.5513231151193096,1.551326229434945,2.981914094434455e-14,0.00028841123880066677,1.551326229434945
130,17,4.501133106866925e-08,3.729777232716968e-06,4.17989054340366e-06,1.2122923680185365,1.2125923586918101,3.9746181287953722e-16,0.0002240663827654487,1.2125923586918101
130,18,7.161646975969749e-11,1.2985562930080244e-05,1.298627909477784e-05,0.9473008745475043,0.9472936357347885,4.139170173571913e-18,0.00022100351147546658,0.9472936357347885
130,19,4.3842468298098725e-13,2.831504448355394e-06,2.8315088326022237e-06,0.7402076249741987,0.7402072846787149,3.3678933901296725e-20,0.0003242587634206984,0.7402072846787149
130,20,2.7686636624033843e-11,1.306826500898103e-06,1.3071033672643433e-06,0.5783756532949839,0.5783755945871315,2.1410970507201e-22,0.00013131816071395276,0.5783755945871315
130,21,4.811482692490637e-11,5.382615575065863e-06,5.383096723335112e-06,0.45191931148196796,0.4519187947490306,1.0635329537896607e-24,0.0003826400247253546,0.4519187947490306
130,22,1.807586471578904e-09,2.8419739030018566e-06,2.8600497677176456e-06,0.35310864809819714,0.3530574795385942,4.127663051903605e-27,8.776473262110439e-05,0.3530574795385942
130,23,1.0763726471438442e-11,1.4070019709473329e-06,1.4071096082120472e-06,0.2759013142767159,0.275898180179341,1.251692406084246e-29,0.00017713248956826186,0.275898180179341
130,24,3.278135060020084e-09,2.7669029906313095e-05,2.7701811256913295e-05,0.2155747371562788,0.21565160471656686,2.9657313603032164e-32,0.0008123898521051219,0.21565160471656686
130,25,1.1918358954905232e-10,5.176504916532418e-06,5.177696752427908e-06,0.16843845295653787,0.16843473114427934,5.490443365551092e-35,0.00035872511896233646,0.16843473114427934
130,26,5.754316666714044e-11,1.7764050026313726e-06,1.776980434298044e-06,0.13160854267326402,0.13161918253528834,7.941903613236137e-38,5.5234303786893265e-05,0.13161918253528834
130,27,3.690781911888723e-07,0.00016236185574879724,0.00016605263766068595,0.10283162757376144,0.10271715095684668,8.976018373828387e-41,0.0005745325881457578,0.10271715095684668
130,28,2.8875976383818338e-09,3.877637990919709e-06,3.906513967303528e-06,0.08034688874830666,0.08031778661917101,7.926559258514568e-44,3.126480506314158e-05,0.08031778661917101
130,29,4.9584591120727866e-08,2.868450696155239e-05,2.918035287275967e-05,0.06277857149424129,0.06271246293451893,5.46925069334566e-47,0.00024078840448037595,0.06271246293451893
130,30,9.125852938631406e-07,6.181178447604664e-05,7.093763741467805e-05,0.049051646160226614,0.04889567128924034,2.9485797235512157e-50,0.000516165642081547,0.04889567128924034
130,31,4.358373519807412e-06,0.0005948867346882016,0.0006384704698862758,0.03832620997030077,0.03571705414048344,1.2420531508760914e-53,0.0014983815957565034,0.03571705414048344
130,32,1.1174215790847276e-05,0.0003164660476475374,0.00042820820555601016,0.029945938776291883,0.026835336940710025,4.087985896736657e-57,0.0003507434293817797,0.026835336940710025
130,33,1.5187784218187856e-05,0.0014629823824887287,0.0016148602246706073,0.023398080102354356,0.01805595101947812,1.0512861958086046e-60,0.0024639298362555038,0.01805595101947812
130,34,1.4207283363864862e-06,0.00027362396628385395,0.0002878312496477188,0.018281936868808205,0.016636923478119982,2.1123912358439096e-64,0.00046662278144710004,0.016636923478119982
130,35,2.3181451809028633e-05,0.00027038540311035466,0.000502199921200641,0.014284483611205177,0.008119380751942021,3.3164254756163893e-68,0.0006488409898348267,0.008119380751942021
130,36,7.741786458319144e-06,0.00019695946494623477,0.0002743773295294262,0.011161085612823161,0.0072301049206425745,4.0682516954017187e-72,0.0006869004565636587,0.0072301049206425745
130,37,4.231835643611552e-06,4.46359603077927e-05,8.695431674390822e-05,0.008720650268011516,0.006274728499374476,3.8993126034841783e-76,4.487666428714726e-05,0.006274728499374476
130,38,6.659753840453429e-06,4.33505390682465e-05,0.00010994807747278079,0.006813819793385616,0.003166934987998331,2.920180978341585e-80,0.00011107678372069474,0.003166934987998331
130,39,7.930046383741424e-06,2.33181182619195e-05,0.00010261858209933374,0.005323940781647147,0.0013865786875003254,1.708733810208657e-84,5.61080164369149e-05,0.0013865786875003254
130,40,2.941589140484995e-06,1.94459356489133e-05,4.886182705376325e-05,0.004159822610457624,0.0017546359213394,7.812323379225454e-89,8.520735907132504e-05,0.0017546359213394
130,41,2.9552909843366065e-06,1.1242323917013346e-05,4.079523376037941e-05,0.0032502562437170136,0.0008315193404997044,2.7908040074387504e-93,9.233841414120535e-05,0.0008315193404997044
130,42,1.415886303239038e-06,7.690069362608428e-06,2.1848932394998807e-05,0.00253956262595096,0.00088078399014552,7.789671286284821e-98,6.035807990185295e-05,0.00088078399014552
130,43,5.306246432866422e-07,1.053620478475859e-05,1.5842451217625013e-05,0.001984275856401733,0.0014368854698894986,1.6988414622652328e-102,7.576318948722654e-05,0.0014368854698894986
130,44,7.383734545952604e-07,2.8495865818972177e-06,1.0233321127849821e-05,0.0015503971627889978,0.0003574970467697253,2.8948528976691676e-107,5.3840292022797375e-05,0.0003574970467697253
130,45,5.503119837917187e-07,5.379850838537877e-06,1.0882970676455064e-05,0.0012113972708590846,0.0002649245601685875,3.8542953297105736e-112,0.00012556768100959855,0.0002649245601685875
130,46,3.8181265531687063e-07,8.281626910452211e-06,1.2099753463620918e-05,0.000946513654275706,0.0008013264889749915,4.009611324817239e-117,0.00010694470522085429,0.0008013264889749915
130,47,5.629930181717685e-08,2.7836517050666435e-06,3.346644723238412e-06,0.000739556369191624,0.0005514549190483122,3.2591608933291177e-122,7.213289786898838e-05,0.0005514549190483122
130,48,1.2259925366949914e-08,6.4159582324049615e-06,6.538557486074461e-06,0.0005778440128660356,0.0005173028213182211,2.069885846672485e-127,7.111579763358086e-05,0.0005173028213182211
130,49,1.298537096731972e-07,9.021015342382979e-06,1.031955243911495e-05,0.00045149838486827076,0.0008590293691759489,1.0271535420220983e-132,8.205702584816747e-05,0.0008590293691759489
135,0,1.1194885583285282e-19,8.473186433063508e-29,1.11948855841326e-18,40.212385860203675,40.212385860210254,40.212385860203675,40.2123858602102,40.212385860210254
135,1,7.39184805304284e-12,7.909740851687936e-06,7.909814770168466e-06,39.01860822557467,39.01861083726823,34.4899718687309,34.48757421578493,39.01861083726823
135,2,7.219373818148814e-05,2.1482692687757448,2.1489912061575596,35.76810951683773,35.75609338283539,21.836360227520203,2.5928127525645734e-06,35.75609338283539
135,3,5.582801326270666e-12,3.877765813914485e-06,3.877821641927747e-06,31.252265253826952,31.252261938969617,10.29606070808591,10.296551654140307,31.252261938969617
135,4,0.08156953858691345,52.331179242855384,53.14687462872452,26.31894796557784,25.915043178343016,3.655994885024816,25.91398242769428,25.915043178343016
135,5,1.96413567786333e-08,0.0061236476678104175,0.0061238440813782035,21.589810521465168,21.58995743390817,0.9880421629742486,0.9998741493571938,21.58995743390817
135,6,1.4016466617044712e-11,5.855230682763255e-07,5.85663232942496e-07,17.39884817795113,17.398842932797628,0.20496460503222355,0.20505071209708473,17.398842932797628
135,7,4.366426091258391e-05,0.005097794956284572,0.005534437565410411,13.86022498980606,13.853318957498715,0.03283995157388999,0.04166082357702374,13.853318957498715
135,8,3.6481300493638604e-10,2.5984199635074e-05,2.5987847765123364e-05,10.960400943258088,10.960374538455484,0.004081075764271535,0.0011690190400185491,10.960374538455484
135,9,6.005115202536173e-10,7.056704359629628e-06,7.0627094748321646e-06,8.62745659157676,8.627490532397754,0.0003944474190807856,0.0008812507311233508,8.627490532397754
135,10,1.1699861441605148e-08,1.2717871239205765e-05,1.2834869853621817e-05,6.771719124745781,6.771604389466126,2.9703356237254366e-05,0.0011914075242776005,6.771604389466126
135,11,2.6300586078270235e-09,2.622844741000583e-05,2.62547479960841e-05,5.30579708366527,5.305861425918615,1.7446150219024265e-06,0.0015969469547869916,5.305861425918615
135,12,2.684711036275235,21.266354793776546,48.113465156528896,4.152722013629521,1.8355206687847385,7.997722775691346e-08,1.8355206687847385,1.8355206687847385
135,13,3.8100227340935215e-12,4.091377938798492e-06,4.0914160390258326e-06,3.248085443256918,3.248084888937057,2.8627773872263956e-09,0.00038239080704635686,3.248084888937057
135,14,3.1201140940265637e-12,4.58758896624388e-06,4.5876201673848205e-06,2.5394871616500927,2.5394848839244326,8.003407560458663e-11,0.00029654537357948294,2.5394848839244326
135,15,1.2449292628970138e-11,4.730605354163158e-06,4.730729847089447e-06,1.9849840395898264,1.984979377271919,1.7478205494447078e-12,0.00024879769281105254,1.984979377271919
135,16,7.1369283015804204e-12,1.5751102766939868e-05,1.5751174136222883e-05,1.5513231151193096,1.551326229434945,2.981914094434455e-14,0.00028841123880066677,1.551326229434945
135,17,5.751328914426652e-10,2.8063839932347706e-06,2.8121353221491974e-06,1.2122923680185365,1.2123262114318512,3.9746181287953722e-16,9.924659274322675e-05,1.2123262114318512
135,18,7.161646975969749e-11,1.2985562930080244e-05,1.298627909477784e-05,0.9473008745475043,0.9472936357347885,4.139170173571913e-18,0.00022100351147546658,0.9472936357347885
135,19,4.3842468298098725e-13,2.831504448355394e-06,2.8315088326022237e-06,0.7402076249741987,0.7402072846787149,3.3678933901296725e-20,0.0003242587634206984,0.7402072846787149
135,20,2.7686636624033843e-11,1.306826500898103e-06,1.3071033672643433e-06,0.5783756532949839,0.5783755945871315,2.1410970507201e-22,0.00013131816071395276,0.5783755945871315
135,21,4.811482692490637e-11,5.382615575065863e-06,5.383096723335112e-06,0.45191931148196796,0.4519187947490306,1.0635329537896607e-24,0.0003826400247253546,0.4519187947490306
135,22,5.227114254617307e-10,2.4806076920271317e-06,2.485834806281749e-06,0.35310864809819714,0.35307803559093354,4.127663051903605e-27,8.374461494062075e-05,0.35307803559093354
135,23,1.0763726471438442e-11,1.4070019709473329e-06,1.4071096082120472e-06,0.2759013142767159,0.275898180179341,1.251692406084246e-29,0.00017713248956826186,0.275898180179341
135,24,1.3166952237617842e-07,2.0126047970375963e-05,2.1442743194137747e-05,0.2155747371562788,0.21533171032679002,2.9657313603032164e-32,0.000430614642136802,0.21533171032679002
135,25,4.068903564385494e-08,6.062566719905653e-06,6.469457076344202e-06,0.16843845295653787,0.16867272116835885,5.490443365551092e-35,0.0003393722654305591,0.16867272116835885
135,26,3.850290072825612e-12,1.7680043217088522e-06,1.7680428246095804e-06,0.13160854267326402,0.1316079908804966,7.941903613236137e-38,5.663895661018946e-05,0.1316079908804966
135,27,4.0216100149760446e-07,0.00015726503360879044,0.0001612866436237665,0.10283162757376144,0.10276791261240213,8.976018373828387e-41,0.0004977844013809653,0.10276791261240213
135,28,2.928906635637404e-09,3.8537121373346444e-06,3.883001203691018e-06,0.08034688874830666,0.08031631570697066,7.926559258514568e-44,3.139880463376566e-05,0.08031631570697066
135,29,1.6042003340512972e-08,1.5905395889342228e-05,1.6065815922747358e-05,0.06277857149424129,0.06275385638349397,5.46925069334566e-47,0.00011810578717703632,0.06275385638349397
135,30,1.1238482407777215e-06,5.0034078431434384e-05,6.12725608392116e-05,0.049051646160226614,0.048925211891136945,2.9485797235512157e-50,0.00018168505994296322,0.048925211891136945
135,31,6.695517367229468e-06,0.0005602363520830917,0.0006271915257553864,0.03832620997030077,0.035502835511154934,1.2420531508760914e-53,0.0013237271340054478,0.035502835511154934
135,32,9.34445711363209e-06,0.00025594122486561477,0.00034938579600193566,0.029945938776291883,0.026955063949305625,4.087985896736657e-57,0.0004872820692360968,0.026955063949305625
135,33,1.4919569745966017e-05,0.00035540501522739643,0.0005046007126870566,0.023398080102354356,0.018204189565106808,1.0512861958086046e-60,0.0006661023218323375,0.018204189565106808
135,34,2.100194182879373e-06,0.00019812726531915113,0.00021912920714794486,0.018281936868808205,0.01624143195892955,2.1123912358439096e-64,0.00036020397812641354,0.01624143195892955
135,35,2.388841343299024e-05,0.00017216874843971198,0.00041105288276961443,0.014284483611205177,0.007646321074825302,3.3164254756163893e-68,0.0005439674468655276,0.007646321074825302
135,36,7.1662826717075595e-06,0.00020212825256899256,0.00027379107928606817,0.011161085612823161,0.007380476773292801,4.0682516954017187e-72,0.000734257571819674,0.007380476773292801
135,37,4.5118059526676036e-06,5.675366411219455e-05,0.00010187172363887059,0.008720650268011516,0.0062631094349384535,3.8993126034841783e-76,0.0001432871443668529,0.0062631094349384535
135,38,6.659753840453429e-06,4.33505390682465e-05,0.00010994807747278079,0.006813819793385616,0.003166934987998331,2.920180978341585e-80,0.00011107678372069474,0.003166934987998331
135,39,7.930046383741424e-06,2.33181182619195e-05,0.00010261858209933374,0.005323940781647147,0.0013865786875003254,1.708733810208657e-84,5.61080164369149e-05,0.0013865786875003254
135,40,2.941589140484995e-06,1.94459356489133e-05,4.886182705376325e-05,0.004159822610457624,0.0017546359213394,7.812323379225454e-89,8.520735907132504e-05,0.0017546359213394
135,41,2.9552909843366065e-06,1.1242323917013346e-05,4.079523376037941e-05,0.0032502562437170136,0.0008315193404997044,2.7908040074387504e-93,9.233841414120535e-05,0.0008315193404997044
135,42,1.415886303239038e-06,7.690069362608428e-06,2.1848932394998807e-05,0.00253956262595096,0.00088078399014552,7.789671286284821e-98,6.035807990185295e-05,0.00088078399014552
135,43,5.306246432866422e-07,1.053620478475859e-05,1.5842451217625013e-05,0.001984275856401733,0.0014368854698894986,1.6988414622652328e-102,7.576318948722654e-05,0.0014368854698894986
135,44,7.383734545952604e-07,2.8495865818972177e-06,1.0233321127849821e-05,0.0015503971627889978,0.0003574970467697253,2.8948528976691676e-107,5.3840292022797375e-05,0.0003574970467697253
135,45,5.503119837917187e-07,5.379850838537877e-06,1.0882970676455064e-05,0.0012113972708590846,0.0002649245601685875,3.8542953297105736e-112,0.00012556768100959855,0.0002649245601685875
135,46,3.8181265531687063e-07,8.281626910452211e-06,1.2099753463620918e-05,0.000946513654275706,0.0008013264889749915,4.009611324817239e-117,0.00010694470522085429,0.0008013264889749915
135,47,5.629930181717685e-08,2.7836517050666435e-06,3.346644723238412e-06,0.000739556369191624,0.0005514549190483122,3.2591608933291177e-122,7.213289786898838e-05,0.0005514549190483122
135,48,1.2259925366949914e-08,6.4159582324049615e-06,6.538557486074461e-06,0.0005778440128660356,0.0005173028213182211,2.069885846672485e-127,7.111579763358086e-05,0.0005173028213182211
135,49,1.298537096731972e-07,9.021015342382979e-06,1.031955243911495e-05,0.00045149838486827076,0.0008590293691759489,1.0271535420220983e-132,8.205702584816747e-05,0.0008590293691759489
140,0,1.1194885583285282e-19,8.473186433063508e-29,1.11948855841326e-18,40.212385860203675,40.212385860210254,40.212385860203675,40.2123858602102,40.212385860210254
140,1,7.39184805304284e-12,7.909740851687936e-06,7.909814770168466e-06,39.01860822557467,39.01861083726823,34.4899718687309,34.48757421578493,39.01861083726823
140,2,7.219373818148814e-05,2.1482692687757448,2.1489912061575596,35.76810951683773,35.75609338283539,21.836360227520203,2.5928127525645734e-06,35.75609338283539
140,3,5.582801326270666e-12,3.877765813914485e-06,3.877821641927747e-06,31.252265253826952,31.252261938969617,10.29606070808591,10.296551654140307,31.252261938969617
140,4,0.08156966161338676,52.33102324763465,53.14671986376852,26.31894796557784,25.91504287375244,3.655994885024816,25.91393916420866,25.91504287375244
140,5,2.109456462289703e-06,0.005832897232953438,0.005853991797576335,21.589810521465168,21.59183730582569,0.9880421629742486,1.0006050379684335,21.59183730582569
140,6,1.3651855874047184e-11,5.741257367287899e-07,5.742622552875303e-07,17.39884817795113,17.39884299633622,0.20496460503222355,0.20504988277956482,17.39884299633622
140,7,2.0844649926678475e-06,0.005148052866418857,0.005168897516345535,13.86022498980606,13.862259437789266,0.03283995157388999,0.1154467559318197,13.862259437789266
140,8,1.747531602007688e-10,2.5855747873811974e-05,2.585749540541398e-05,10.960400943258088,10.96041442048349,0.004081075764271535,0.0011556605022745973,10.96041442048349
140,9,1.4192974437043247e-10,6.365391651035372e-06,6.366810948479076e-06,8.62745659157676,8.627443326189765,0.0003944474190807856,0.0008232377194203637,8.627443326189765
140,10,5.620446656649449e-10,8.58681854415994e-06,8.59243899081659e-06,6.771719124745781,6.771734897498305,2.9703356237254366e-05,0.0009593015868797534,6.771734897498305
140,11,1.0054401575739327e-09,2.4307120833156997e-05,2.4317175234732735e-05,5.30579708366527,5.305791864450829,1.7446150219024265e-06,0.00158708832166017,5.305791864450829
140,12,2.684711036275235,21.266354793776546,48.113465156528896,4.152722013629521,1.8355206687847385,7.997722775691346e-08,1.8355206687847385,1.8355206687847385
140,13,3.8100227340935215e-12,4.091377938798492e-06,4.0914160390258326e-06,3.248085443256918,3.248084888937057,2.8627773872263956e-09,0.00038239080704635686,3.248084888937057
140,14,3.1201140940265637e-12,4.58758896624388e-06,4.5876201673848205e-06,2.5394871616500927,2.5394848839244326,8.003407560458663e-11,0.00029654537357948294,2.5394848839244326
140,15,1.2449292628970138e-11,4.730605354163158e-06,4.730729847089447e-06,1.9849840395898264,1.984979377271919,1.7478205494447078e-12,0.00024879769281105254,1.984979377271919
140,16,7.1369283015804204e-12,1.5751102766939868e-05,1.5751174136222883e-05,1.5513231151193096,1.551326229434945,2.981914094434455e-14,0.00028841123880066677,1.551326229434945
140,17,2.2081226051703485e-10,2.568183284215508e-06,2.5703914068206783e-06,1.2122923680185365,1.2122762785974184,3.9746181287953722e-16,7.172393396159604e-05,1.2122762785974184
140,18,7.161646975969749e-11,1.2985562930080244e-05,1.298627909477784e-05,0.9473008745475043,0.9472936357347885,4.139170173571913e-18,0.00022100351147546658,0.9472936357347885
140,19,4.3842468298098725e-13,2.831504448355394e-06,2.8315088326022237e-06,0.7402076249741987,0.7402072846787149,3.3678933901296725e-20,0.0003242587634206984,0.7402072846787149
140,20,2.7686636624033843e-11,1.306826500898103e-06,1.3071033672643433e-06,0.5783756532949839,0.5783755945871315,2.1410970507201e-22,0.00013131816071395276,0.5783755945871315
140,21,4.811482692490637e-11,5.382615575065863e-06,5.383096723335112e-06,0.45191931148196796,0.4519187947490306,1.0635329537896607e-24,0.0003826400247253546,0.4519187947490306
140,22,7.122769328262413e-10,2.160617713319551e-06,2.1677404826478135e-06,0.35310864809819714,0.3530723573698597,4.127663051903605e-27,5.286801362083579e-05,0.3530723573698597
140,23,1.0763726471438442e-11,1.4070019709473329e-06,1.4071096082120472e-06,0.2759013142767159,0.275898180179341,1.251692406084246e-29,0.00017713248956826186,0.275898180179341
140,24,7.045366494378905e-08,1.9332376584837733e-05,2.0036913234275622e-05,0.2155747371562788,0.2156224298584796,2.9657313603032164e-32,0.0005011964927120954,0.2156224298584796
140,25,9.609209746597965e-10,2.6466983501142382e-06,2.656307559860836e-06,0.16843845295653787,0.16844572710678407,5.490443365551092e-35,0.00023184528845775543,0.16844572710678407
140,26,3.850290072825612e-12,1.7680043217088522e-06,1.7680428246095804e-06,0.13160854267326402,0.1316079908804966,7.941903613236137e-38,5.663895661018946e-05,0.1316079908804966
140,27,4.148590798775164e-07,0.00014450768554293014,0.0001486562763417053,0.10283162757376144,0.102618452715702,8.976018373828387e-41,0.000570010841773352,0.102618452715702
140,28,2.9125020928659414e-09,3.836202753062275e-06,3.8653277739909344e-06,0.08034688874830666,0.08031665211994976,7.926559258514568e-44,3.133956632371272e-05,0.08031665211994976
140,29,2.6181365170421134e-09,1.446057391539933e-05,1.4486755280569752e-05,0.06277857149424129,0.06275753722165123,5.46925069334566e-47,0.00016327832543490663,0.06275753722165123
140,30,1.0826867783981717e-06,4.827867732428717e-05,5.910554510826889e-05,0.049051646160226614,0.048910747121779244,2.9485797235512157e-50,7.623230677397882e-05,0.048910747121779244
140,31,6.00890925912893e-06,0.0005455769446872619,0.0006056660372785512,0.03832620997030077,0.035181495024345796,1.2420531508760914e-53,0.0007222692586025827,0.035181495024345796
140,32,8.197805355036477e-06,0.0002347169112408064,0.0003166949647911712,0.029945938776291883,0.027872559813924527,4.087985896736657e-57,0.0005066227637375332,0.027872559813924527
140,33,1.2761947684982769e-05,0.0003554844739326688,0.0004831039507824965,0.023398080102354356,0.018634403495817884,1.0512861958086046e-60,0.0006007459848545707,0.018634403495817884
140,34,3.3252339493335524e-06,0.00015820709741093782,0.00019145943690427334,0.018281936868808205,0.015802921448029993,2.1123912358439096e-64,0.00017183136002646294,0.015802921448029993
140,35,1.7420101593628715e-05,0.00015358991752383738,0.0003277909334601245,0.014284483611205177,0.008558300435004388,3.3164254756163893e-68,0.00021149007349017198,0.008558300435004388
140,36,7.18589902074828e-06,0.00019760285797192708,0.00026946184817940987,0.011161085612823161,0.00742852057288533,4.0682516954017187e-72,0.0006953616913576416,0.00742852057288533
140,37,3.651731449498929e-06,4.4810926339787164e-05,8.132824083477644e-05,0.008720650268011516,0.0065109220145102295,3.8993126034841783e-76,2.5823212731553777e-05,0.0065109220145102295
140,38,6.659753840453429e-06,4.33505390682465e-05,0.00010994807747278079,0.006813819793385616,0.003166934987998331,2.920180978341585e-80,0.00011107678372069474,0.003166934987998331
140,39,7.930046383741424e-06,2.33181182619195e-05,0.00010261858209933374,0.005323940781647147,0.0013865786875003254,1.708733810208657e-84,5.61080164369149e-05,0.0013865786875003254
140,40,2.941589140484995e-06,1.94459356489133e-05,4.886182705376325e-05,0.004159822610457624,0.0017546359213394,7.812323379225454e-89,8.520735907132504e-05,0.0017546359213394
140,41,2.9552909843366065e-06,1.1242323917013346e-05,4.079523376037941e-05,0.0032502562437170136,0.0008315193404997044,2.7908040074387504e-93,9.233841414120535e-05,0.0008315193404997044
140,42,1.415886303239038e-06,7.690069362608428e-06,2.1848932394998807e-05,0.00253956262595096,0.00088078399014552,7.789671286284821e-98,6.035807990185295e-05,0.00088078399014552
140,43,5.306246432866422e-07,1.053620478475859e-05,1.5842451217625013e-05,0.001984275856401733,0.0014368854698894986,1.6988414622652328e-102,7.576318948722654e-05,0.0014368854698894986
140,44,7.383734545952604e-07,2.8495865818972177e-06,1.0233321127849821e-05,0.0015503971627889978,0.0003574970467697253,2.8948528976691676e-107,5.3840292022797375e-05,0.0003574970467697253
140,45,5.503119837917187e-07,5.379850838537877e-06,1.0882970676455064e-05,0.0012113972708590846,0.0002649245601685875,3.8542953297105736e-112,0.00012556768100959855,0.0002649245601685875
140,46,3.8181265531687063e-07,8.281626910452211e-06,1.2099753463620918e-05,0.000946513654275706,0.0008013264889749915,4.009611324817239e-117,0.00010694470522085429,0.0008013264889749915
140,47,5.629930181717685e-08,2.7836517050666435e-06,3.346644723238412e-06,0.000739556369191624,0.0005514549190483122,3.2591608933291177e-122,7.213289786898838e-05,0.0005514549190483122
140,48,1.2259925366949914e-08,6.4159582324049615e-06,6.538557486074461e-06,0.0005778440128660356,0.0005173028213182211,2.069885846672485e-127,7.111579763358086e-05,0.0005173028213182211
140,49,1.298537096731972e-07,9.021015342382979e-06,1.031955243911495e-05,0.00045149838486827076,0.0008590293691759489,1.0271535420220983e-132,8.205702584816747e-05,0.0008590293691759489
145,0,1.1194885583285282e-19,8.473186433063508e-29,1.11948855841326e-18,40.212385860203675,40.212385860210254,40.212385860203675,40.2123858602102,40.212385860210254
145,1,7.39184805304284e-12,7.909740851687936e-06,7.909814770168466e-06,39.01860822557467,39.01861083726823,34.4899718687309,34.48757421578493,39.01861083726823
145,2,7.219373818148814e-05,2.1482692687757448,2.1489912061575596,35.76810951683773,35.75609338283539,21.836360227520203,2.5928127525645734e-06,35.75609338283539
145,3,5.582801326270666e-12,3.877765813914485e-06,3.877821641927747e-06,31.252265253826952,31.252261938969617,10.29606070808591,10.296551654140307,31.252261938969617
145,4,0.08156979177649407,52.33085560389694,53.146553521661886,26.31894796557784,25.915042551493247,3.655994885024816,25.913892619804336,25.915042551493247
145,5,6.460086283580891e-08,0.005700667590920425,0.005701313599548783,21.589810521465168,21.589451164024524,0.9880421629742486,0.9900547579339638,21.589451164024524
145,6,1.3627072145868897e-11,5.635776396219481e-07,5.637139103434068e-07,17.39884817795113,17.398842998524543,0.20496460503222355,0.2050493626284204,17.398842998524543
145,7,5598.63695766135,10468.044850236063,66454.41442684956,13.86022498980606,119.67739015700407,0.03283995157388999,119.67734598226556,119.67739015700407
145,8,3.24366221097201e-10,2.361468289429943e-05,2.36179265565104e-05,10.960400943258088,10.960418278826703,0.004081075764271535,0.0014925938460556057,10.960418278826703
145,9,3.6037645725227154e-11,5.9248124404529846e-06,5.925172816910237e-06,8.62745659157676,8.62746296415521,0.0003944474190807856,0.0007841542555780993,8.62746296415521
145,10,2.4610043814474825e-10,6.010610127933884e-06,6.013071132315332e-06,6.771719124745781,6.771719876603434,2.9703356237254366e-05,0.000676123759844861,6.771719876603434
145,11,1.1162263010643381e-08,2.3441744076639287e-05,2.355336670674572e-05,5.30579708366527,5.30567583992684,1.7446150219024265e-06,0.0018459800592560578,5.30567583992684
145,12,2.684711036275235,21.266354793776546,48.113465156528896,4.152722013629521,1.8355206687847385,7.997722775691346e-08,1.8355206687847385,1.8355206687847385
145,13,3.8100227340935215e-12,4.091377938798492e-06,4.0914160390258326e-06,3.248085443256918,3.248084888937057,2.8627773872263956e-09,0.00038239080704635686,3.248084888937057
145,14,3.1201140940265637e-12,4.58758896624388e-06,4.5876201673848205e-06,2.5394871616500927,2.5394848839244326,8.003407560458663e-11,0.00029654537357948294,2.5394848839244326
145,15,1.2449292628970138e-11,4.730605354163158e-06,4.730729847089447e-06,1.9849840395898264,1.984979377271919,1.7478205494447078e-12,0.00024879769281105254,1.984979377271919
145,16,7.1369283015804204e-12,1.5751102766939868e-05,1.5751174136222883e-05,1.5513231151193096,1.551326229434945,2.981914094434455e-14,0.00028841123880066677,1.551326229434945
145,17,2.613280178750903e-10,2.469531804408178e-06,2.4721450845869287e-06,1.2122923680185365,1.2122998339360578,3.9746181287953722e-16,0.00010107939205454719,1.2122998339360578
145,18,7.161646975969749e-11,1.2985562930080244e-05,1.298627909477784e-05,0.9473008745475043,0.9472936357347885,4.139170173571913e-18,0.00022100351147546658,0.9472936357347885
145,19,4.3842468298098725e-13,2.831504448355394e-06,2.8315088326022237e-06,0.7402076249741987,0.7402072846787149,3.3678933901296725e-20,0.0003242587634206984,0.7402072846787149
145,20,2.7686636624033843e-11,1.306826500898103e-06,1.3071033672643433e-06,0.5783756532949839,0.5783755945871315,2.1410970507201e-22,0.00013131816071395276,0.5783755945871315
145,21,4.811482692490637e-11,5.382615575065863e-06,5.383096723335112e-06,0.45191931148196796,0.4519187947490306,1.0635329537896607e-24,0.0003826400247253546,0.4519187947490306
145,22,1.4086325904902212e-09,1.8379206167942525e-06,1.8520069426991548e-06,0.35310864809819714,0.3531607904466949,4.127663051903605e-27,4.270056455310876e-05,0.3531607904466949
145,23,1.0763726471438442e-11,1.4070019709473329e-06,1.4071096082120472e-06,0.2759013142767159,0.275898180179341,1.251692406084246e-29,0.00017713248956826186,0.275898180179341
145,24,1.7216672773228213e-08,1.3763812870735489e-05,1.393597959846777e-05,0.2155747371562788,0.21540020270988036,2.9657313603032164e-32,0.0006237485955378903,0.21540020270988036
145,25,3.396645742707556e-10,2.3853587763248723e-06,2.38875542206758e-06,0.16843845295653787,0.1684310658345971,5.490443365551092e-35,0.00012203394566659248,0.1684310658345971
145,26,3.850290072825612e-12,1.7680043217088522e-06,1.7680428246095804e-06,0.13160854267326402,0.1316079908804966,7.941903613236137e-38,5.663895661018946e-05,0.1316079908804966
145,27,1.9393144787083494e-07,0.00012187095592492655,0.0001238102704036349,0.10283162757376144,0.10271516519086914,8.976018373828387e-41,0.0007357090003849874,0.10271516519086914
145,28,2.887200617670381e-09,3.822285926163973e-06,3.851157932340677e-06,0.08034688874830666,0.08031726520777414,7.926559258514568e-44,3.1229022147608876e-05,0.08031726520777414
145,29,1.2153663555647291e-10,1.3035653643146063e-05,1.3036869009501628e-05,0.06277857149424129,0.06276971715625365,5.46925069334566e-47,0.00011198657761361797,0.06276971715625365
145,30,1.3681905792105354e-06,4.623393165819498e-05,5.9915837450300334e-05,0.049051646160226614,0.04878251346867456,2.9485797235512157e-50,6.303519344672235e-05,0.04878251346867456
145,31,4.136448910733852e-06,0.0005192666091029116,0.0005606310982102501,0.03832620997030077,0.03558773650333156,1.2420531508760914e-53,0.0009182223764250184,0.03558773650333156
145,32,7.376708498419446e-06,0.00021684019028294147,0.0002906072752671359,0.029945938776291883,0.028177250637996476,4.087985896736657e-57,0.0005975015940379295,0.028177250637996476
145,33,1.2121913022838655e-05,0.00034835862627453077,0.0004695777565029173,0.023398080102354356,0.018636222394389494,1.0512861958086046e-60,0.0006849722240815106,0.018636222394389494
145,34,3.536092229774623e-06,0.00015302939275770117,0.00018839031505544742,0.018281936868808205,0.015832912788244582,2.1123912358439096e-64,0.00014574308573294667,0.015832912788244582
145,35,1.4540094067778443e-05,0.0001768420949539969,0.0003222430356317813,0.014284483611205177,0.00896423325555226,3.3164254756163893e-68,0.0001471802296440826,0.00896423325555226
145,36,7.410300481221501e-06,0.00019416390614042863,0.00026826691095264364,0.011161085612823161,0.0073952507945719975,4.0682516954017187e-72,0.0006844235045948279,0.0073952507945719975
145,37,2.1789293461541354e-06,5.024741673808636e-05,7.203671019962772e-05,0.008720650268011516,0.006922630090815728,3.8993126034841783e-76,5.541563390674908e-05,0.006922630090815728
145,38,6.659753840453429e-06,4.33505390682465e-05,0.00010994807747278079,0.006813819793385616,0.003166934987998331,2.920180978341585e-80,0.00011107678372069474,0.003166934987998331
145,39,7.930046383741424e-06,2.33181182619195e-05,0.00010261858209933374,0.005323940781647147,0.0013865786875003254,1.708733810208657e-84,5.61080164369149e-05,0.0013865786875003254
145,40,2.941589140484995e-06,1.94459356489133e-05,4.886182705376325e-05,0.004159822610457624,0.0017546359213394,7.812323379225454e-89,8.520735907132504e-05,0.0017546359213394
145,41,2.9552909843366065e-06,1.1242323917013346e-05,4.079523376037941e-05,0.0032502562437170136,0.0008315193404997044,2.7908040074387504e-93,9.233841414120535e-05,0.0008315193404997044
145,42,1.415886303239038e-06,7.690069362608428e-06,2.1848932394998807e-05,0.00253956262595096,0.00088078399014552,7.789671286284821e-98,6.035807990185295e-05,0.00088078399014552
145,43,5.306246432866422e-07,1.053620478475859e-05,1.5842451217625013e-05,0.001984275856401733,0.0014368854698894986,1.6988414622652328e-102,7.576318948722654e-05,0.0014368854698894986
145,44,7.383734545952604e-07,2.8495865818972177e-06,1.0233321127849821e-05,0.0015503971627889978,0.0003574970467697253,2.8948528976691676e-107,5.3840292022797375e-05,0.0003574970467697253
145,45,5.503119837917187e-07,5.379850838537877e-06,1.0882970676455064e-05,0.0012113972708590846,0.0002649245601685875,3.8542953297105736e-112,0.00012556768100959855,0.0002649245601685875
145,46,3.8181265531687063e-07,8.281626910452211e-06,1.2099753463620918e-05,0.000946513654275706,0.0008013264889749915,4.009611324817239e-117,0.00010694470522085429,0.0008013264889749915
145,47,5.629930181717685e-08,2.7836517050666435e-06,3.346644723238412e-06,0.000739556369191624,0.0005514549190483122,3.2591608933291177e-122,7.213289786898838e-05,0.0005514549190483122
145,48,1.2259925366949914e-08,6.4159582324049615e-06,6.538557486074461e-06,0.0005778440128660356,0.0005173028213182211,2.069885846672485e-127,7.111579763358086e-05,0.0005173028213182211
145,49,1.298537096731972e-07,9.021015342382979e-06,1.031955243911495e-05,0.00045149838486827076,0.0008590293691759489,1.0271535420220983e-132,8.205702584816747e-05,0.0008590293691759489
150,0,1.1194885583285282e-19,8.473186433063508e-29,1.11948855841326e-18,40.212385860203675,40.212385860210254,40.212385860203675,40.2123858602102,40.212385860210254
150,1,7.39184805304284e-12,7.909740851687936e-06,7.909814770168466e-06,39.01860822557467,39.01861083726823,34.4899718687309,34.48757421578493,39.01861083726823
150,2,7.219373818148814e-05,2.1482692687757448,2.1489912061575596,35.76810951683773,35.75609338283539,21.836360227520203,2.5928127525645734e-06,35.75609338283539
150,3,5.582801326270666e-12,3.877765813914485e-06,3.877821641927747e-06,31.252265253826952,31.252261938969617,10.29606070808591,10.296551654140307,31.252261938969617
150,4,0.0815699296862337,52.33067497903426,53.14637427589659,26.31894796557784,25.915042210055272,3.655994885024816,25.913842415859072,25.915042210055272
150,5,7.66443179427888e-09,0.0056830418744755066,0.005683118518793449,21.589810521465168,21.589688907013578,0.9880421629742486,0.9912054676357344,21.589688907013578
150,6,1.3646822438328904e-11,5.615642862109016e-07,5.617007544352849e-07,17.39884817795113,17.39884299437134,0.20496460503222355,0.20504928731847857,17.39884299437134
150,7,1.2221729041858562e-08,0.002950363592400909,0.0029504858096913275,13.86022498980606,13.860083223757869,0.03283995157388999,0.0607123695818934,13.860083223757869
150,8,1.7912481997795686e-09,2.0082726140753394e-05,2.010063862275119e-05,10.960400943258088,10.960457622763522,0.004081075764271535,0.0012412134348242887,10.960457622763522
150,9,2.4703122576776868e-11,5.789437419902979e-06,5.789684451128747e-06,8.62745659157676,8.627463597355938,0.0003944474190807856,0.0007402344408090998,8.627463597355938
150,10,9.401670344138769e-08,1.341706069361345e-05,1.4357227728027328e-05,6.771719124745781,6.77129088530562,2.9703356237254366e-05,0.0007715765594547618,6.77129088530562
150,11,0.0004020981355623053,0.06243677598362298,0.06645775733924604,5.30579708366527,5.277440531608062,1.7446150219024265e-06,0.11522633092566155,5.277440531608062
150,12,2.684711036275235,21.266354793776546,48.113465156528896,4.152722013629521,1.8355206687847385,7.997722775691346e-08,1.8355206687847385,1.8355206687847385
150,13,3.8100227340935215e-12,4.091377938798492e-06,4.0914160390258326e-06,3.248085443256918,3.248084888937057,2.8627773872263956e-09,0.00038239080704635686,3.248084888937057
150,14,3.1201140940265637e-12,4.58758896624388e-06,4.5876201673848205e-06,2.5394871616500927,2.5394848839244326,8.003407560458663e-11,0.00029654537357948294,2.5394848839244326
150,15,1.2449292628970138e-11,4.730605354163158e-06,4.730729847089447e-06,1.9849840395898264,1.984979377271919,1.7478205494447078e-12,0.00024879769281105254,1.984979377271919
150,16,7.1369283015804204e-12,1.5751102766939868e-05,1.5751174136222883e-05,1.5513231151193096,1.551326229434945,2.981914094434455e-14,0.00028841123880066677,1.551326229434945
150,17,5.6795409944167487e-11,2.410412441865665e-06,2.410980395965107e-06,1.2122923680185365,1.2123025558025602,3.9746181287953722e-16,0.0001004963577361697,1.2123025558025602
150,18,7.161646975969749e-11,1.2985562930080244e-05,1.298627909477784e-05,0.9473008745475043,0.9472936357347885,4.139170173571913e-18,0.00022100351147546658,0.9472936357347885
150,19,4.3842468298098725e-13,2.831504448355394e-06,2.8315088326022237e-06,0.7402076249741987,0.7402072846787149,3.3678933901296725e-20,0.0003242587634206984,0.7402072846787149
150,20,2.7686636624033843e-11,1.306826500898103e-06,1.3071033672643433e-06,0.5783756532949839,0.5783755945871315,2.1410970507201e-22,0.00013131816071395276,0.5783755945871315
150,21,4.811482692490637e-11,5.382615575065863e-06,5.383096723335112e-06,0.45191931148196796,0.4519187947490306,1.0635329537896607e-24,0.0003826400247253546,0.4519187947490306
150,22,3.445092297584732e-09,1.2776782454905805e-06,1.3121291684664278e-06,0.35310864809819714,0.3530449411894919,4.127663051903605e-27,9.774115598486696e-05,0.3530449411894919
150,23,1.0763726471438442e-11,1.4070019709473329e-06,1.4071096082120472e-06,0.2759013142767159,0.275898180179341,1.251692406084246e-29,0.00017713248956826186,0.275898180179341
150,24,5.756341060768867e-09,1.159530131777706e-05,1.1652864728384748e-05,0.2155747371562788,0.2155685913069051,2.9657313603032164e-32,0.000534650897212804,0.2155685913069051
150,25,2.642279448496618e-10,1.8890100559384303e-06,1.891652335386927e-06,0.16843845295653787,0.16846099293187594,5.490443365551092e-35,0.00023546507980465623,0.16846099293187594
150,26,3.850290072825612e-12,1.7680043217088522e-06,1.7680428246095804e-06,0.13160854267326402,0.1316079908804966,7.941903613236137e-38,5.663895661018946e-05,0.1316079908804966
150,27,2.497966304903257e-07,0.00011202891791063131,0.00011452688421553457,0.10283162757376144,0.1025809013640985,8.976018373828387e-41,0.000625227358725695,0.1025809013640985
150,28,2.862955258333305e-09,3.8106944317081835e-06,3.839323984291517e-06,0.08034688874830666,0.08031785254581901,7.926559258514568e-44,3.1112631847620696e-05,0.08031785254581901
150,29,9.710097972258911e-11,1.260191548859278e-05,1.2602886498390006e-05,0.06277857149424129,0.06277273368667224,5.46925069334566e-47,0.00012057143062197,0.06277273368667224
150,30,9.18492571294554e-07,4.7211025712517834e-05,5.6395951425463375e-05,0.049051646160226614,0.04878488421108481,2.9485797235512157e-50,6.214505907818264e-05,0.04878488421108481
150,31,2.8953585496745026e-06,0.0005167388036997291,0.0005456923891964742,0.03832620997030077,0.03611826235327664,1.2420531508760914e-53,0.001106762654561076,0.03611826235327664
150,32,4.229774735641483e-06,0.00020039227991204407,0.0002426900272684589,0.029945938776291883,0.028429706480698612,4.087985896736657e-57,0.0005430665203801789,0.028429706480698612
150,33,1.1534337813102112e-05,0.0003465379190171578,0.0004618812971481789,0.023398080102354356,0.01861128178607765,1.0512861958086046e-60,0.0007875447629093242,0.01861128178607765
150,34,3.184874611175641e-06,0.00015468776869284465,0.00018653651480460105,0.018281936868808205,0.016015505225562034,2.1123912358439096e-64,0.00012614979240893452,0.016015505225562034
150,35,1.3613624512487029e-05,0.00015533342744413975,0.00029146967256901007,0.014284483611205177,0.00908730518236291,3.3164254756163893e-68,0.00020988002962342518,0.00908730518236291
150,36,6.975603627386271e-06,0.00019774904550151642,0.00026750508177537913,0.011161085612823161,0.00755212576491303,4.0682516954017187e-72,0.000710506751332794,0.00755212576491303
150,37,1.4802277915534021e-06,5.0410853915440074e-05,6.521313183097409e-05,0.008720650268011516,0.007496240735277499,3.8993126034841783e-76,4.909234167518461e-05,0.007496240735277499
150,38,6.659753840453429e-06,4.33505390682465e-05,0.00010994807747278079,0.006813819793385616,0.003166934987998331,2.920180978341585e-80,0.00011107678372069474,0.003166934987998331
150,39,7.930046383741424e-06,2.33181182619195e-05,0.00010261858209933374,0.005323940781647147,0.0013865786875003254,1.708733810208657e-84,5.61080164369149e-05,0.0013865786875003254
150,40,2.941589140484995e-06,1.94459356489133e-05,4.886182705376325e-05,0.004159822610457624,0.0017546359213394,7.812323379225454e-89,8.520735907132504e-05,0.0017546359213394
150,41,2.9552909843366065e-06,1.1242323917013346e-05,4.079523376037941e-05,0.0032502562437170136,0.0008315193404997044,2.7908040074387504e-93,9.233841414120535e-05,0.0008315193404997044
150,42,1.415886303239038e-06,7.690069362608428e-06,2.1848932394998807e-05,0.00253956262595096,0.00088078399014552,7.789671286284821e-98,6.035807990185295e-05,0.00088078399014552
150,43,5.306246432866422e-07,1.053620478475859e-05,1.5842451217625013e-05,0.001984275856401733,0.0014368854698894986,1.6988414622652328e-102,7.576318948722654e-05,0.0014368854698894986
150,44,7.383734545952604e-07,2.8495865818972177e-06,1.0233321127849821e-05,0.0015503971627889978,0.0003574970467697253,2.8948528976691676e-107,5.3840292022797375e-05,0.0003574970467697253
150,45,5.503119837917187e-07,5.379850838537877e-06,1.0882970676455064e-05,0.0012113972708590846,0.0002649245601685875,3.8542953297105736e-112,0.00012556768100959855,0.0002649245601685875
150,46,3.8181265531687063e-07,8.281626910452211e-06,1.2099753463620918e-05,0.000946513654275706,0.0008013264889749915,4.009611324817239e-117,0.00010694470522085429,0.0008013264889749915
150,47,5.629930181717685e-08,2.7836517050666435e-06,3.346644723238412e-06,0.000739556369191624,0.0005514549190483122,3.2591608933291177e-122,7.213289786898838e-05,0.0005514549190483122
150,48,1.2259925366949914e-08,6.4159582324049615e-06,6.538557486074461e-06,0.0005778440128660356,0.0005173028213182211,2.069885846672485e-127,7.111579763358086e-05,0.0005173028213182211
150,49,1.298537096731972e-07,9.021015342382979e-06,1.031955243911495e-05,0.00045149838486827076,0.0008590293691759489,1.0271535420220983e-132,8.205702584816747e-05,0.0008590293691759489
155,0,1.1194885583285282e-19,8.473186433063508e-29,1.11948855841326e-18,40.212385860203675,40.212385860210254,40.212385860203675,40.2123858602102,40.212385860210254
155,1,7.39184805304284e-12,7.909740851687936e-06,7.909814770168466e-06,39.01860822557467,39.01861083726823,34.4899718687309,34.48757421578493,39.01861083726823
155,2,7.219373818148814e-05,2.1482692687757448,2.1489912061575596,35.76810951683773,35.75609338283539,21.836360227520203,2.5928127525645734e-06,35.75609338283539
155,3,5.582801326270666e-12,3.877765813914485e-06,3.877821641927747e-06,31.252265253826952,31.252261938969617,10.29606070808591,10.296551654140307,31.252261938969617
155,4,0.08157007601587572,52.33047983421507,53.146180594373824,26.31894796557784,25.915041847771697,3.655994885024816,25.913788114918443,25.915041847771697
155,5,2.1579423941257867e-10,0.0056647299172022225,0.005664732075144617,21.589810521465168,21.589791902841224,0.9880421629742486,0.9902711905457219,21.589791902841224
155,6,1.3646822438328904e-11,5.615642862109016e-07,5.617007544352849e-07,17.39884817795113,17.39884299437134,0.20496460503222355,0.20504928731847857,17.39884299437134
155,7,1.17510867594584e-05,0.0028744077741971537,0.002991918641791738,13.86022498980606,13.855422096946635,0.03283995157388999,0.0630448624572979,13.855422096946635
155,8,6.658152945705941e-10,1.818923942761729e-05,1.8195897580562997e-05,10.960400943258088,10.960419756645747,0.004081075764271535,0.001323195632669083,10.960419756645747
155,9,5.209701292416755e-12,5.78799476113787e-06,5.7880468581507946e-06,8.62745659157676,8.627456771882857,0.0003944474190807856,0.0007464543170796222,8.627456771882857
155,10,8.321309365632962e-11,3.2689595568282316e-06,3.269791687764795e-06,6.771719124745781,6.771707684213867,2.9703356237254366e-05,0.0006204638074749465,6.771707684213867
155,11,7.92804133666996e-10,2.025151265214293e-05,2.02594406934796e-05,5.30579708366527,5.305823112396088,1.7446150219024265e-06,0.0013442439417329674,5.305823112396088
155,12,2.684711036275235,21.266354793776546,48.113465156528896,4.152722013629521,1.8355206687847385,7.997722775691346e-08,1.8355206687847385,1.8355206687847385
155,13,3.8100227340935215e-12,4.091377938798492e-06,4.0914160390258326e-06,3.248085443256918,3.248084888937057,2.8627773872263956e-09,0.00038239080704635686,3.248084888937057
155,14,3.1201140940265637e-12,4.58758896624388e-06,4.5876201673848205e-06,2.5394871616500927,2.5394848839244326,8.003407560458663e-11,0.00029654537357948294,2.5394848839244326
155,15,1.2449292628970138e-11,4.730605354163158e-06,4.730729847089447e-06,1.9849840395898264,1.984979377271919,1.7478205494447078e-12,0.00024879769281105254,1.984979377271919
155,16,7.1369283015804204e-12,1.5751102766939868e-05,1.5751174136222883e-05,1.5513231151193096,1.551326229434945,2.981914094434455e-14,0.00028841123880066677,1.551326229434945
155,17,1.4125802930891824e-11,2.3984704193278453e-06,2.398611677357154e-06,1.2122923680185365,1.2122903246743963,3.9746181287953722e-16,0.00011320911386571412,1.2122903246743963
155,18,7.161646975969749e-11,1.2985562930080244e-05,1.298627909477784e-05,0.9473008745475043,0.9472936357347885,4.139170173571913e-18,0.00022100351147546658,0.9472936357347885
155,19,4.3842468298098725e-13,2.831504448355394e-06,2.8315088326022237e-06,0.7402076249741987,0.7402072846787149,3.3678933901296725e-20,0.0003242587634206984,0.7402072846787149
155,20,2.7686636624033843e-11,1.306826500898103e-06,1.3071033672643433e-06,0.5783756532949839,0.5783755945871315,2.1410970507201e-22,0.00013131816071395276,0.5783755945871315
155,21,4.811482692490637e-11,5.382615575065863e-06,5.383096723335112e-06,0.45191931148196796,0.4519187947490306,1.0635329537896607e-24,0.0003826400247253546,0.4519187947490306
155,22,6.219679003147033e-08,2.485074650421095e-06,3.1070425507357985e-06,0.35310864809819714,0.35281662492341176,4.127663051903605e-27,0.000219058408430442,0.35281662492341176
155,23,1.0763726471438442e-11,1.4070019709473329e-06,1.4071096082120472e-06,0.2759013142767159,0.275898180179341,1.251692406084246e-29,0.00017713248956826186,0.275898180179341
155,24,1.0633489251115325e-08,9.676768681243803e-06,9.783103573754956e-06,0.2155747371562788,0.21564718977800829,2.9657313603032164e-32,0.0005327229452094201,0.21564718977800829
155,25,8.868888618286691e-10,1.7005574570696924e-06,1.709426345687979e-06,0.16843845295653787,0.16843427081239326,5.490443365551092e-35,0.00018364422163338843,0.16843427081239326
155,26,3.850290072825612e-12,1.7680043217088522e-06,1.7680428246095804e-06,0.13160854267326402,0.1316079908804966,7.941903613236137e-38,5.663895661018946e-05,0.1316079908804966
155,27,1.2271835293396313e-07,0.00010579144495839701,0.00010701862848773664,0.10283162757376144,0.10269325035124448,8.976018373828387e-41,0.0005397368025531474,0.10269325035124448
155,28,2.8495763041677554e-09,3.804558147926811e-06,3.833053910968489e-06,0.08034688874830666,0.08031817240288852,7.926559258514568e-44,3.1045676052197187e-05,0.08031817240288852
155,29,3.627072188633416e-11,1.2507709087963008e-05,1.2508071795181872e-05,0.06277857149424129,0.06277074767679529,5.46925069334566e-47,0.00011744692056828329,0.06277074767679529
155,30,7.134926908946405e-07,4.846831565310062e-05,5.560324256204702e-05,0.049051646160226614,0.04877313733812086,2.9485797235512157e-50,8.850244463271937e-05,0.04877313733812086
155,31,3.949108246581147e-06,0.0004986976439271444,0.000538188726392956,0.03832620997030077,0.03599793867263665,1.2420531508760914e-53,0.0010610607073319612,0.03599793867263665
155,32,4.306258920842701e-06,0.00016566221753378302,0.00020872480674221004,0.029945938776291883,0.02862466519837524,4.087985896736657e-57,0.00028956568672128594,0.02862466519837524
155,33,9.962455030898656e-06,0.0003530531671757324,0.00045267771748471895,0.023398080102354356,0.018984941009414034,1.0512861958086046e-60,0.0007027353525257872,0.018984941009414034
155,34,2.5733859216459027e-06,0.00014061651936158473,0.00016635037857804376,0.018281936868808205,0.01619117166149206,2.1123912358439096e-64,0.0002890033052600522,0.01619117166149206
155,35,1.2320793620398e-05,0.00014874863226705832,0.0002719565684710383,0.014284483611205177,0.009418006507519106,3.3164254756163893e-68,0.00022180219691499503,0.009418006507519106
155,36,6.0758482339126995e-06,0.00020582676070662675,0.0002665852430457537,0.011161085612823161,0.0077674560529705115,4.0682516954017187e-72,0.0007280657649508975,0.0077674560529705115
155,37,1.6695893635737178e-06,4.125075907040167e-05,5.794665270613884e-05,0.008720650268011516,0.007318354814397625,3.8993126034841783e-76,9.325664284165482e-05,0.007318354814397625
155,38,6.659753840453429e-06,4.33505390682465e-05,0.00010994807747278079,0.006813819793385616,0.003166934987998331,2.920180978341585e-80,0.00011107678372069474,0.003166934987998331
155,39,7.930046383741424e-06,2.33181182619195e-05,0.00010261858209933374,0.005323940781647147,0.0013865786875003254,1.708733810208657e-84,5.61080164369149e-05,0.0013865786875003254
155,40,2.941589140484995e-06,1.94459356489133e-05,4.886182705376325e-05,0.004159822610457624,0.0017546359213394,7.812323379225454e-89,8.520735907132504e-05,0.0017546359213394
155,41,2.9552909843366065e-06,1.1242323917013346e-05,4.079523376037941e-05,0.0032502562437170136,0.0008315193404997044,2.7908040074387504e-93,9.233841414120535e-05,0.0008315193404997044
155,42,1.415886303239038e-06,7.690069362608428e-06,2.1848932394998807e-05,0.00253956262595096,0.00088078399014552,7.789671286284821e-98,6.035807990185295e-05,0.00088078399014552
155,43,5.306246432866422e-07,1.053620478475859e-05,1.5842451217625013e-05,0.001984275856401733,0.0014368854698894986,1.6988414622652328e-102,7.576318948722654e-05,0.0014368854698894986
155,44,7.383734545952604e-07,2.8495865818972177e-06,1.0233321127849821e-05,0.0015503971627889978,0.0003574970467697253,2.8948528976691676e-107,5.3840292022797375e-05,0.0003574970467697253
155,45,5.503119837917187e-07,5.379850838537877e-06,1.0882970676455064e-05,0.0012113972708590846,0.0002649245601685875,3.8542953297105736e-112,0.00012556768100959855,0.0002649245601685875
155,46,3.8181265531687063e-07,8.281626910452211e-06,1.2099753463620918e-05,0.000946513654275706,0.0008013264889749915,4.009611324817239e-117,0.00010694470522085429,0.0008013264889749915
155,47,5.629930181717685e-08,2.7836517050666435e-06,3.346644723238412e-06,0.000739556369191624,0.0005514549190483122,3.2591608933291177e-122,7.213289786898838e-05,0.0005514549190483122
155,48,1.2259925366949914e-08,6.4159582324049615e-06,6.538557486074461e-06,0.0005778440128660356,0.0005173028213182211,2.069885846672485e-127,7.111579763358086e-05,0.0005173028213182211
155,49,1.298537096731972e-07,9.021015342382979e-06,1.031955243911495e-05,0.00045149838486827076,0.0008590293691759489,1.0271535420220983e-132,8.205702584816747e-05,0.0008590293691759489
160,0,1.1194885583285282e-19,8.473186433063508e-29,1.11948855841326e-18,40.212385860203675,40.212385860210254,40.212385860203675,40.2123858602102,40.212385860210254
160,1,7.39184805304284e-12,7.909740851687936e-06,7.909814770168466e-06,39.01860822557467,39.01861083726823,34.4899718687309,34.48757421578493,39.01861083726823
160,2,7.219373818148814e-05,2.1482692687757448,2.1489912061575596,35.76810951683773,35.75609338283539,21.836360227520203,2.5928127525645734e-06,35.75609338283539
160,3,5.582801326270666e-12,3.877765813914485e-06,3.877821641927747e-06,31.252265253826952,31.252261938969617,10.29606070808591,10.296551654140307,31.252261938969617
160,4,0.08157023150836602,52.3302683839851,53.14597069906876,26.31894796557784,25.91504146280323,3.655994885024816,25.913729209170445,25.91504146280323
160,5,1.2883888468495893e-06,0.0053677696767348085,0.005380653565203304,21.589810521465168,21.588292724497006,0.9880421629742486,0.9948050236893824,21.588292724497006
160,6,1.3646822438328904e-11,5.615642862109016e-07,5.617007544352849e-07,17.39884817795113,17.39884299437134,0.20496460503222355,0.20504928731847857,17.39884299437134
160,7,1.386603455520358e-07,0.0028760023954388764,0.0028773889988943967,13.86022498980606,13.859763849936225,0.03283995157388999,0.0625250208554802,13.859763849936225
160,8,2.6962979590963076e-09,1.3907574167524009e-05,1.3934537147114972e-05,10.960400943258088,10.960329992188441,0.004081075764271535,0.0014322736126910409,10.960329992188441
160,9,5.209701292416755e-12,5.78799476113787e-06,5.7880468581507946e-06,8.62745659157676,8.627456771882857,0.0003944474190807856,0.0007464543170796222,8.627456771882857
160,10,2.110997570991544e-11,2.5071868913729777e-06,2.5073979911300767e-06,6.771719124745781,6.771716369414263,2.9703356237254366e-05,0.0004894265148004496,6.771716369414263
160,11,9.158499768380555e-09,1.9328128649121075e-05,1.941971364680488e-05,5.30579708366527,5.305669030192453,1.7446150219024265e-06,0.0013946609025977763,5.305669030192453
160,12,2.684711036275235,21.266354793776546,48.113465156528896,4.152722013629521,1.8355206687847385,7.997722775691346e-08,1.8355206687847385,1.8355206687847385
160,13,3.8100227340935215e-12,4.091377938798492e-06,4.0914160390258326e-06,3.248085443256918,3.248084888937057,2.8627773872263956e-09,0.00038239080704635686,3.248084888937057
160,14,3.1201140940265637e-12,4.58758896624388e-06,4.5876201673848205e-06,2.5394871616500927,2.5394848839244326,8.003407560458663e-11,0.00029654537357948294,2.5394848839244326
160,15,1.2449292628970138e-11,4.730605354163158e-06,4.730729847089447e-06,1.9849840395898264,1.984979377271919,1.7478205494447078e-12,0.00024879769281105254,1.984979377271919
160,16,7.1369283015804204e-12,1.5751102766939868e-05,1.5751174136222883e-05,1.5513231151193096,1.551326229434945,2.981914094434455e-14,0.00028841123880066677,1.551326229434945
160,17,1.4125802930891824e-11,2.3984704193278453e-06,2.398611677357154e-06,1.2122923680185365,1.2122903246743963,3.9746181287953722e-16,0.00011320911386571412,1.2122903246743963
160,18,7.161646975969749e-11,1.2985562930080244e-05,1.298627909477784e-05,0.9473008745475043,0.9472936357347885,4.139170173571913e-18,0.00022100351147546658,0.9472936357347885
160,19,4.3842468298098725e-13,2.831504448355394e-06,2.8315088326022237e-06,0.7402076249741987,0.7402072846787149,3.3678933901296725e-20,0.0003242587634206984,0.7402072846787149
160,20,2.7686636624033843e-11,1.306826500898103e-06,1.3071033672643433e-06,0.5783756532949839,0.5783755945871315,2.1410970507201e-22,0.00013131816071395276,0.5783755945871315
160,21,4.811482692490637e-11,5.382615575065863e-06,5.383096723335112e-06,0.45191931148196796,0.4519187947490306,1.0635329537896607e-24,0.0003826400247253546,0.4519187947490306
160,22,1.3501316517291958e-12,8.373684938602862e-07,8.373819951768036e-07,0.35310864809819714,0.3531083887058087,4.127663051903605e-27,4.221187066517762e-05,0.3531083887058087
160,23,1.0763726471438442e-11,1.4070019709473329e-06,1.4071096082120472e-06,0.2759013142767159,0.275898180179341,1.251692406084246e-29,0.00017713248956826186,0.275898180179341
160,24,1.3073168214149042e-08,8.25390102704895e-06,8.384632709190441e-06,0.2155747371562788,0.21561372276460147,2.9657313603032164e-32,0.00048090650040415585,0.21561372276460147
160,25,2.9197285466104194e-10,1.6416595716155317e-06,1.6445793001621422e-06,0.16843845295653787,0.16845876553485234,5.490443365551092e-35,0.00019294688650746462,0.16845876553485234
160,26,3.850290072825612e-12,1.7680043217088522e-06,1.7680428246095804e-06,0.13160854267326402,0.1316079908804966,7.941903613236137e-38,5.663895661018946e-05,0.1316079908804966
160,27,2.815278118604703e-07,8.818997839311854e-05,9.100525651172324e-05,0.10283162757376144,0.10209858817320021,8.976018373828387e-41,0.00038351705646087444,0.10209858817320021
160,28,2.8495763041677554e-09,3.804558147926811e-06,3.833053910968489e-06,0.08034688874830666,0.08031817240288852,7.926559258514568e-44,3.1045676052197187e-05,0.08031817240288852
160,29,8.875774490973928e-09,1.3835620342990683e-05,1.3924378087900422e-05,0.06277857149424129,0.06278879024610579,5.46925069334566e-47,5.3290200009183904e-05,0.06278879024610579
160,30,7.916114556135115e-07,4.350113644548839e-05,5.1417251001623504e-05,0.049051646160226614,0.0487735465264512,2.9485797235512157e-50,0.00017386240799679178,0.0487735465264512
160,31,3.6641843326816243e-06,0.000487254657397109,0.0005238965007239253,0.03832620997030077,0.03604091655927983,1.2420531508760914e-53,0.0011139305626745948,0.03604091655927983
160,32,3.375268577092664e-06,0.0001610389615157523,0.00019479164728667894,0.029945938776291883,0.02820327892513097,4.087985896736657e-57,0.00028607977793820665,0.02820327892513097
160,33,1.0846475179256344e-05,0.00031767713955378795,0.0004261418913463514,0.023398080102354356,0.01903934675798347,1.0512861958086046e-60,0.0002865036305226544,0.01903934675798347
160,34,1.329006702364188e-06,0.00014732055101471649,0.00016061061803835836,0.018281936868808205,0.016676441268166857,2.1123912358439096e-64,0.0003671008403157421,0.016676441268166857
160,35,1.2748213795043064e-05,0.00014282191938321152,0.00027030405733364214,0.014284483611205177,0.009348859798171055,3.3164254756163893e-68,0.00020917697286707614,0.009348859798171055
160,36,5.296223013479008e-06,0.00021070971782424918,0.00026367194795903927,0.011161085612823161,0.008014358184692958,4.0682516954017187e-72,0.0007241216966776271,0.008014358184692958
160,37,1.580941582841406e-06,3.635579016606065e-05,5.2165205994474705e-05,0.008720650268011516,0.0073801426023106294,3.8993126034841783e-76,0.00011482303608370615,0.0073801426023106294
160,38,6.659753840453429e-06,4.33505390682465e-05,0.00010994807747278079,0.006813819793385616,0.003166934987998331,2.920180978341585e-80,0.00011107678372069474,0.003166934987998331
160,39,7.930046383741424e-06,2.33181182619195e-05,0.00010261858209933374,0.005323940781647147,0.0013865786875003254,1.708733810208657e-84,5.61080164369149e-05,0.0013865786875003254
160,40,2.941589140484995e-06,1.94459356489133e-05,4.886182705376325e-05,0.004159822610457624,0.0017546359213394,7.812323379225454e-89,8.520735907132504e-05,0.0017546359213394
160,41,2.9552909843366065e-06,1.1242323917013346e-05,4.079523376037941e-05,0.0032502562437170136,0.0008315193404997044,2.7908040074387504e-93,9.233841414120535e-05,0.0008315193404997044
160,42,1.415886303239038e-06,7.690069362608428e-06,2.1848932394998807e-05,0.00253956262595096,0.00088078399014552,7.789671286284821e-98,6.035807990185295e-05,0.00088078399014552
160,43,5.306246432866422e-07,1.053620478475859e-05,1.5842451217625013e-05,0.001984275856401733,0.0014368854698894986,1.6988414622652328e-102,7.576318948722654e-05,0.0014368854698894986
160,44,7.383734545952604e-07,2.8495865818972177e-06,1.0233321127849821e-05,0.0015503971627889978,0.0003574970467697253,2.8948528976691676e-107,5.3840292022797375e-05,0.0003574970467697253
160,45,5.503119837917187e-07,5.379850838537877e-06,1.0882970676455064e-05,0.0012113972708590846,0.0002649245601685875,3.8542953297105736e-112,0.00012556768100959855,0.0002649245601685875
160,46,3.8181265531687063e-07,8.281626910452211e-06,1.2099753463620918e-05,0.000946513654275706,0.0008013264889749915,4.009611324817239e-117,0.00010694470522085429,0.0008013264889749915
160,47,5.629930181717685e-08,2.7836517050666435e-06,3.346644723238412e-06,0.000739556369191624,0.0005514549190483122,3.2591608933291177e-122,7.213289786898838e-05,0.0005514549190483122
160,48,1.2259925366949914e-08,6.4159582324049615e-06,6.538557486074461e-06,0.0005778440128660356,0.0005173028213182211,2.069885846672485e-127,7.111579763358086e-05,0.0005173028213182211
160,49,1.298537096731972e-07,9.021015342382979e-06,1.031955243911495e-05,0.00045149838486827076,0.0008590293691759489,1.0271535420220983e-132,8.205702584816747e-05,0.0008590293691759489
165,0,1.1194885583285282e-19,8.473186433063508e-29,1.11948855841326e-18,40.212385860203675,40.212385860210254,40.212385860203675,40.2123858602102,40.212385860210254
165,1,7.39184805304284e-12,7.909740851687936e-06,7.909814770168466e-06,39.01860822557467,39.01861083726823,34.4899718687309,34.48757421578493,39.01861083726823
165,2,7.219373818148814e-05,2.1482692687757448,2.1489912061575596,35.76810951683773,35.75609338283539,21.836360227520203,2.5928127525645734e-06,35.75609338283539
165,3,5.582801326270666e-12,3.877765813914485e-06,3.877821641927747e-06,31.252265253826952,31.252261938969617,10.29606070808591,10.296551654140307,31.252261938969617
165,4,0.08157039698289693,52.33003854626382,53.14574251609279,26.31894796557784,25.915041053121826,3.655994885024816,25.913665106191168,25.915041053121826
165,5,1.3032057109335584e-07,0.005051286601467232,0.005052589807178166,21.589810521465168,21.589301714103378,0.9880421629742486,0.9892271118023064,21.589301714103378
165,6,1.3646822438328904e-11,5.615642862109016e-07,5.617007544352849e-07,17.39884817795113,17.39884299437134,0.20496460503222355,0.20504928731847857,17.39884299437134
165,7,3.3176394625447346e-05,0.003087213916207241,0.003418977862461714,13.86022498980606,13.852079270136747,0.03283995157388999,0.08075285450477439,13.852079270136747
165,8,4.3172927623101165e-09,1.0147995768572663e-05,1.0191168696195764e-05,10.960400943258088,10.960470028060405,0.004081075764271535,0.0016879640927168241,10.960470028060405
165,9,5.209701292416755e-12,5.78799476113787e-06,5.7880468581507946e-06,8.62745659157676,8.627456771882857,0.0003944474190807856,0.0007464543170796222,8.627456771882857
165,10,6.987372717541652e-10,1.9104906201572343e-06,1.917477992874776e-06,6.771719124745781,6.7716822565281225,2.9703356237254366e-05,0.00043251155476044397,6.7716822565281225
165,11,5.249232121355804e-08,1.728294951098562e-05,1.78078727231212e-05,5.30579708366527,5.305477534955296,1.7446150219024265e-06,0.001537106546690173,5.305477534955296
165,12,2.684711036275235,21.266354793776546,48.113465156528896,4.152722013629521,1.8355206687847385,7.997722775691346e-08,1.8355206687847385,1.8355206687847385
165,13,3.8100227340935215e-12,4.091377938798492e-06,4.0914160390258326e-06,3.248085443256918,3.248084888937057,2.8627773872263956e-09,0.00038239080704635686,3.248084888937057
165,14,3.1201140940265637e-12,4.58758896624388e-06,4.5876201673848205e-06,2.5394871616500927,2.5394848839244326,8.003407560458663e-11,0.00029654537357948294,2.5394848839244326
165,15,1.2449292628970138e-11,4.730605354163158e-06,4.730729847089447e-06,1.9849840395898264,1.984979377271919,1.7478205494447078e-12,0.00024879769281105254,1.984979377271919
165,16,7.1369283015804204e-12,1.5751102766939868e-05,1.5751174136222883e-05,1.5513231151193096,1.551326229434945,2.981914094434455e-14,0.00028841123880066677,1.551326229434945
165,17,1.4125802930891824e-11,2.3984704193278453e-06,2.398611677357154e-06,1.2122923680185365,1.2122903246743963,3.9746181287953722e-16,0.00011320911386571412,1.2122903246743963
165,18,7.161646975969749e-11,1.2985562930080244e-05,1.298627909477784e-05,0.9473008745475043,0.9472936357347885,4.139170173571913e-18,0.00022100351147546658,0.9472936357347885
165,19,4.3842468298098725e-13,2.831504448355394e-06,2.8315088326022237e-06,0.7402076249741987,0.7402072846787149,3.3678933901296725e-20,0.0003242587634206984,0.7402072846787149
165,20,2.7686636624033843e-11,1.306826500898103e-06,1.3071033672643433e-06,0.5783756532949839,0.5783755945871315,2.1410970507201e-22,0.00013131816071395276,0.5783755945871315
165,21,4.811482692490637e-11,5.382615575065863e-06,5.383096723335112e-06,0.45191931148196796,0.4519187947490306,1.0635329537896607e-24,0.0003826400247253546,0.4519187947490306
165,22,6.511303195267611e-12,8.332332038354096e-07,8.332983168673623e-07,0.35310864809819714,0.35310683277975025,4.127663051903605e-27,4.2952873416460045e-05,0.35310683277975025
165,23,1.0763726471438442e-11,1.4070019709473329e-06,1.4071096082120472e-06,0.2759013142767159,0.275898180179341,1.251692406084246e-29,0.00017713248956826186,0.275898180179341
165,24,1.3109338931025668e-08,7.347307601807808e-06,7.478400991118064e-06,0.2155747371562788,0.215427152328041,2.9657313603032164e-32,0.00042318406158124483,0.215427152328041
165,25,1.6321026151397127e-10,1.6210154960963503e-06,1.6226475987114901e-06,0.16843845295653787,0.16844033796138935,5.490443365551092e-35,0.00017591170389746015,0.16844033796138935
165,26,3.850290072825612e-12,1.7680043217088522e-06,1.7680428246095804e-06,0.13160854267326402,0.1316079908804966,7.941903613236137e-38,5.663895661018946e-05,0.1316079908804966
165,27,1.1577964339028266e-07,8.452030856338614e-05,8.567810499728897e-05,0.10283162757376144,0.10258246770301119,8.976018373828387e-41,0.00033627678995839627,0.10258246770301119
165,28,2.8495763041677554e-09,3.804558147926811e-06,3.833053910968489e-06,0.08034688874830666,0.08031817240288852,7.926559258514568e-44,3.1045676052197187e-05,0.08031817240288852
165,29,3.191843199098649e-10,1.2090018131583155e-05,1.2093209974782254e-05,0.06277857149424129,0.06275735886910433,5.46925069334566e-47,0.00010480709450630507,0.06275735886910433
165,30,5.097001602366331e-07,4.27571339620024e-05,4.785413556436873e-05,0.049051646160226614,0.048894129661724586,2.9485797235512157e-50,0.00012589075713418017,0.048894129661724586
165,31,3.3728679889115547e-06,0.0004542384916489103,0.0004879671715380259,0.03832620997030077,0.03600066445033086,1.2420531508760914e-53,0.0015331816581239002,0.03600066445033086
165,32,3.130930883902302e-06,0.00015835688175437724,0.00018966619059340026,0.029945938776291883,0.028090616226188764,4.087985896736657e-57,0.0002454299438338557,0.028090616226188764
165,33,1.3186012249346383e-05,0.00027751461592405625,0.00040937473841752006,0.023398080102354356,0.018470816796482294,1.0512861958086046e-60,0.00047059072070671464,0.018470816796482294
165,34,1.1735155969969666e-06,0.00014733482654636872,0.00015906998251633838,0.018281936868808205,0.016863823066882555,2.1123912358439096e-64,0.00041730936199759134,0.016863823066882555
165,35,1.2315129911602151e-05,0.000142976358390542,0.0002661276575065635,0.014284483611205177,0.009488383791471641,3.3164254756163893e-68,0.00027311907784135077,0.009488383791471641
165,36,6.726398015397316e-06,0.00019133814875853806,0.00025860212891251123,0.011161085612823161,0.007612641520127598,4.0682516954017187e-72,0.0007761051405741299,0.007612641520127598
165,37,1.137322842698284e-06,3.462031048846099e-05,4.5993538915443824e-05,0.008720650268011516,0.007692333858880921,3.8993126034841783e-76,0.00011998144988692803,0.007692333858880921
165,38,6.659753840453429e-06,4.33505390682465e-05,0.00010994807747278079,0.006813819793385616,0.003166934987998331,2.920180978341585e-80,0.00011107678372069474,0.003166934987998331
165,39,7.930046383741424e-06,2.33181182619195e-05,0.00010261858209933374,0.005323940781647147,0.0013865786875003254,1.708733810208657e-84,5.61080164369149e-05,0.0013865786875003254
165,40,2.941589140484995e-06,1.94459356489133e-05,4.886182705376325e-05,0.004159822610457624,0.0017546359213394,7.812323379225454e-89,8.520735907132504e-05,0.0017546359213394
165,41,2.9552909843366065e-06,1.1242323917013346e-05,4.079523376037941e-05,0.0032502562437170136,0.0008315193404997044,2.7908040074387504e-93,9.233841414120535e-05,0.0008315193404997044
165,42,1.415886303239038e-06,7.690069362608428e-06,2.1848932394998807e-05,0.00253956262595096,0.00088078399014552,7.789671286284821e-98,6.035807990185295e-05,0.00088078399014552
165,43,5.306246432866422e-07,1.053620478475859e-05,1.5842451217625013e-05,0.001984275856401733,0.0014368854698894986,1.6988414622652328e-102,7.576318948722654e-05,0.0014368854698894986
165,44,7.383734545952604e-07,2.8495865818972177e-06,1.0233321127849821e-05,0.0015503971627889978,0.0003574970467697253,2.8948528976691676e-107,5.3840292022797375e-05,0.0003574970467697253
165,45,5.503119837917187e-07,5.379850838537877e-06,1.0882970676455064e-05,0.0012113972708590846,0.0002649245601685875,3.8542953297105736e-112,0.00012556768100959855,0.0002649245601685875
165,46,3.8181265531687063e-07,8.281626910452211e-06,1.2099753463620918e-05,0.000946513654275706,0.0008013264889749915,4.009611324817239e-117,0.00010694470522085429,0.0008013264889749915
165,47,5.629930181717685e-08,2.7836517050666435e-06,3.346644723238412e-06,0.000739556369191624,0.0005514549190483122,3.2591608933291177e-122,7.213289786898838e-05,0.0005514549190483122
165,48,1.2259925366949914e-08,6.4159582324049615e-06,6.538557486074461e-06,0.0005778440128660356,0.0005173028213182211,2.069885846672485e-127,7.111579763358086e-05,0.0005173028213182211
165,49,1.298537096731972e-07,9.021015342382979e-06,1.031955243911495e-05,0.00045149838486827076,0.0008590293691759489,1.0271535420220983e-132,8.205702584816747e-05,0.0008590293691759489
170,0,1.1194885583285282e-19,8.473186433063508e-29,1.11948855841326e-18,40.212385860203675,40.212385860210254,40.212385860203675,40.2123858602102,40.212385860210254
170,1,7.39184805304284e-12,7.909740851687936e-06,7.909814770168466e-06,39.01860822557467,39.01861083726823,34.4899718687309,34.48757421578493,39.01861083726823
170,2,7.219373818148814e-05,2.1482692687757448,2.1489912061575596,35.76810951683773,35.75609338283539,21.836360227520203,2.5928127525645734e-06,35.75609338283539
170,3,5.582801326270666e-12,3.877765813914485e-06,3.877821641927747e-06,31.252265253826952,31.252261938969617,10.29606070808591,10.296551654140307,31.252261938969617
170,4,0.08157057334130771,52.329787880045714,53.14549361345879,26.31894796557784,25.915040616494835,3.655994885024816,25.913595111203296,25.915040616494835
170,5,11.881166334525549,562.4013701940527,681.2130335393082,21.589810521465168,26.463764668098346,0.9880421629742486,18.300524782623047,35.00840096488899
170,6,1.3646822438328904e-11,5.615642862109016e-07,5.617007544352849e-07,17.39884817795113,17.39884299437134,0.20496460503222355,0.20504928731847857,17.39884299437134
170,7,8.40754509947454e-08,0.0027641971102626397,0.002765037864772587,13.86022498980606,13.859825919086987,0.03283995157388999,0.059845911926638996,13.859825919086987
170,8,1.876037796445259e-08,5.969231828055685e-06,6.156835607700211e-06,10.960400943258088,10.960260655005204,0.004081075764271535,0.0023191468231207758,10.960260655005204
170,9,5.209701292416755e-12,5.78799476113787e-06,5.7880468581507946e-06,8.62745659157676,8.627456771882857,0.0003944474190807856,0.0007464543170796222,8.627456771882857
170,10,6.346361880751054e-09,3.85449182364896e-06,3.917955442456471e-06,6.771719124745781,6.771607825080396,2.9703356237254366e-05,0.0005292369112806673,6.771607825080396
170,11,3.847629818988815e-09,1.4834387741541142e-05,1.487286403973103e-05,5.30579708366527,5.30573574823008,1.7446150219024265e-06,0.0008864389330484225,5.30573574823008
170,12,2.684711036275235,21.266354793776546,48.113465156528896,4.152722013629521,1.8355206687847385,7.997722775691346e-08,1.8355206687847385,1.8355206687847385
170,13,3.8100227340935215e-12,4.091377938798492e-06,4.0914160390258326e-06,3.248085443256918,3.248084888937057,2.8627773872263956e-09,0.00038239080704635686,3.248084888937057
170,14,3.1201140940265637e-12,4.58758896624388e-06,4.5876201673848205e-06,2.5394871616500927,2.5394848839244326,8.003407560458663e-11,0.00029654537357948294,2.5394848839244326
170,15,1.2449292628970138e-11,4.730605354163158e-06,4.730729847089447e-06,1.9849840395898264,1.984979377271919,1.7478205494447078e-12,0.00024879769281105254,1.984979377271919
170,16,7.1369283015804204e-12,1.5751102766939868e-05,1.5751174136222883e-05,1.5513231151193096,1.551326229434945,2.981914094434455e-14,0.00028841123880066677,1.551326229434945
170,17,1.4125802930891824e-11,2.3984704193278453e-06,2.398611677357154e-06,1.2122923680185365,1.2122903246743963,3.9746181287953722e-16,0.00011320911386571412,1.2122903246743963
170,18,7.161646975969749e-11,1.2985562930080244e-05,1.298627909477784e-05,0.9473008745475043,0.9472936357347885,4.139170173571913e-18,0.00022100351147546658,0.9472936357347885
170,19,4.3842468298098725e-13,2.831504448355394e-06,2.8315088326022237e-06,0.7402076249741987,0.7402072846787149,3.3678933901296725e-20,0.0003242587634206984,0.7402072846787149
170,20,2.7686636624033843e-11,1.306826500898103e-06,1.3071033672643433e-06,0.5783756532949839,0.5783755945871315,2.1410970507201e-22,0.00013131816071395276,0.5783755945871315
170,21,4.811482692490637e-11,5.382615575065863e-06,5.383096723335112e-06,0.45191931148196796,0.4519187947490306,1.0635329537896607e-24,0.0003826400247253546,0.4519187947490306
170,22,6.511303195267611e-12,8.332332038354096e-07,8.332983168673623e-07,0.35310864809819714,0.35310683277975025,4.127663051903605e-27,4.2952873416460045e-05,0.35310683277975025
170,23,1.0763726471438442e-11,1.4070019709473329e-06,1.4071096082120472e-06,0.2759013142767159,0.275898180179341,1.251692406084246e-29,0.00017713248956826186,0.275898180179341
170,24,1.3158027523931036e-09,6.607729401123894e-06,6.620887428647825e-06,0.2155747371562788,0.21553231057793684,2.9657313603032164e-32,0.0003629321583230438,0.21553231057793684
170,25,1.2505746488136256e-10,1.6205807986440839e-06,1.6218313732928975e-06,0.16843845295653787,0.16844040721867906,5.490443365551092e-35,0.0001788204587999506,0.16844040721867906
170,26,3.850290072825612e-12,1.7680043217088522e-06,1.7680428246095804e-06,0.13160854267326402,0.1316079908804966,7.941903613236137e-38,5.663895661018946e-05,0.1316079908804966
170,27,1.8717878027800898e-07,6.786384127605126e-05,6.973562907883135e-05,0.10283162757376144,0.10277586832293652,8.976018373828387e-41,0.0002758737184672099,0.10277586832293652
170,28,2.8495763041677554e-09,3.804558147926811e-06,3.833053910968489e-06,0.08034688874830666,0.08031817240288852,7.926559258514568e-44,3.1045676052197187e-05,0.08031817240288852
170,29,3.6789570897242816e-09,1.1488793147537874e-05,1.1525582718435117e-05,0.06277857149424129,0.06270885329667045,5.46925069334566e-47,0.00012317821423959538,0.06270885329667045
170,30,1.5359828969523796e-07,3.930878883385131e-05,4.084477173080369e-05,0.049051646160226614,0.04904744083596687,2.9485797235512157e-50,0.0002627185690668118,0.04904744083596687
170,31,2.6495489291515525e-06,0.0004057848788285795,0.000432280368120095,0.03832620997030077,0.036192676715746004,1.2420531508760914e-53,0.0015612031085109107,0.036192676715746004
170,32,2.418255421647556e-06,0.00016293431346894906,0.00018711686768542462,0.029945938776291883,0.02825066465977205,4.087985896736657e-57,0.00018664155482299812,0.02825066465977205
170,33,12817.491590934362,164920504.89844814,165048679.8143575,0.023398080102354356,160.0981031435674,1.0512861958086046e-60,160.0981031435674,160.0981031435674
170,34,1.3830282923636523e-06,0.00014476826986256798,0.0001585985527862045,0.018281936868808205,0.01675044093202554,2.1123912358439096e-64,0.00039989168021224676,0.01675044093202554
170,35,1.0516251889532157e-05,0.00015116392626145106,0.00025632644515677263,0.014284483611205177,0.009709610490304832,3.3164254756163893e-68,0.0003612897335500682,0.009709610490304832
170,36,8.977532749091799e-06,0.0001615286559090787,0.00025130398339999666,0.011161085612823161,0.007040268820939826,4.0682516954017187e-72,0.0006401387610896462,0.007040268820939826
170,37,3.743788853235932e-07,3.6220761764137286e-05,3.9964550617373215e-05,0.008720650268011516,0.007855614156152978,3.8993126034841783e-76,0.00021054496101978817,0.007855614156152978
170,38,6.659753840453429e-06,4.33505390682465e-05,0.00010994807747278079,0.006813819793385616,0.003166934987998331,2.920180978341585e-80,0.00011107678372069474,0.003166934987998331
170,39,7.930046383741424e-06,2.33181182619195e-05,0.00010261858209933374,0.005323940781647147,0.0013865786875003254,1.708733810208657e-84,5.61080164369149e-05,0.0013865786875003254
170,40,2.941589140484995e-06,1.94459356489133e-05,4.886182705376325e-05,0.004159822610457624,0.0017546359213394,7.812323379225454e-89,8.520735907132504e-05,0.0017546359213394
170,41,2.9552909843366065e-06,1.1242323917013346e-05,4.079523376037941e-05,0.0032502562437170136,0.0008315193404997044,2.7908040074387504e-93,9.233841414120535e-05,0.0008315193404997044
170,42,1.415886303239038e-06,7.690069362608428e-06,2.1848932394998807e-05,0.00253956262595096,0.00088078399014552,7.789671286284821e-98,6.035807990185295e-05,0.00088078399014552
170,43,5.306246432866422e-07,1.053620478475859e-05,1.5842451217625013e-05,0.001984275856401733,0.0014368854698894986,1.6988414622652328e-102,7.576318948722654e-05,0.0014368854698894986
170,44,7.383734545952604e-07,2.8495865818972177e-06,1.0233321127849821e-05,0.0015503971627889978,0.0003574970467697253,2.8948528976691676e-107,5.3840292022797375e-05,0.0003574970467697253
170,45,5.503119837917187e-07,5.379850838537877e-06,1.0882970676455064e-05,0.0012113972708590846,0.0002649245601685875,3.8542953297105736e-112,0.00012556768100959855,0.0002649245601685875
170,46,3.8181265531687063e-07,8.281626910452211e-06,1.2099753463620918e-05,0.000946513654275706,0.0008013264889749915,4.009611324817239e-117,0.00010694470522085429,0.0008013264889749915
170,47,5.629930181717685e-08,2.7836517050666435e-06,3.346644723238412e-06,0.000739556369191624,0.0005514549190483122,3.2591608933291177e-122,7.213289786898838e-05,0.0005514549190483122
170,48,1.2259925366949914e-08,6.4159582324049615e-06,6.538557486074461e-06,0.0005778440128660356,0.0005173028213182211,2.069885846672485e-127,7.111579763358086e-05,0.0005173028213182211
170,49,1.298537096731972e-07,9.021015342382979e-06,1.031955243911495e-05,0.00045149838486827076,0.0008590293691759489,1.0271535420220983e-132,8.205702584816747e-05,0.0008590293691759489
175,0,1.1194885583285282e-19,8.473186433063508e-29,1.11948855841326e-18,40.212385860203675,40.212385860210254,40.212385860203675,40.2123858602102,40.212385860210254
175,1,7.39184805304284e-12,7.909740851687936e-06,7.909814770168466e-06,39.01860822557467,39.01861083726823,34.4899718687309,34.48757421578493,39.01861083726823
175,2,7.219373818148814e-05,2.1482692687757448,2.1489912061575596,35.76810951683773,35.75609338283539,21.836360227520203,2.5928127525645734e-06,35.75609338283539
175,3,5.582801326270666e-12,3.877765813914485e-06,3.877821641927747e-06,31.252265253826952,31.252261938969617,10.29606070808591,10.296551654140307,31.252261938969617
175,4,0.08157076157376202,52.32951350724562,53.145221122983244,26.31894796557784,25.91504015047098,3.655994885024816,25.91351840484747,25.91504015047098
175,5,2.791986844370339e+27,1.8274132438193444e+27,2.974728168752273e+28,21.589810521465168,74725990717671.12,0.9880421629742486,115399897506241.77,115399897506241.77
175,6,1.3646822438328904e-11,5.615642862109016e-07,5.617007544352849e-07,17.39884817795113,17.39884299437134,0.20496460503222355,0.20504928731847857,17.39884299437134
175,7,5.473571659890179e-07,0.002658481208638612,0.002663954780298502,13.86022498980606,13.859183662085577,0.03283995157388999,0.061165816839949726,13.859183662085577
175,8,1.2068566801161907e-06,0.00021351227277392244,0.00022558083957508433,10.960400943258088,10.961656764733776,0.004081075764271535,0.0034587192230727285,10.961656764733776
175,9,5.209701292416755e-12,5.78799476113787e-06,5.7880468581507946e-06,8.62745659157676,8.627456771882857,0.0003944474190807856,0.0007464543170796222,8.627456771882857
175,10,6.43784867409672e-11,1.6310876229292702e-06,1.6317314077966799e-06,6.771719124745781,6.771721390124644,2.9703356237254366e-05,0.00037102964337596116,6.771721390124644
175,11,4.5858485212763197e-10,1.3278333906747279e-05,1.3282919755268555e-05,5.30579708366527,5.305767508198334,1.7446150219024265e-06,0.0008760659679897287,5.305767508198334
175,12,2.684711036275235,21.266354793776546,48.113465156528896,4.152722013629521,1.8355206687847385,7.997722775691346e-08,1.8355206687847385,1.8355206687847385
175,13,3.8100227340935215e-12,4.091377938798492e-06,4.0914160390258326e-06,3.248085443256918,3.248084888937057,2.8627773872263956e-09,0.00038239080704635686,3.248084888937057
175,14,3.1201140940265637e-12,4.58758896624388e-06,4.5876201673848205e-06,2.5394871616500927,2.5394848839244326,8.003407560458663e-11,0.00029654537357948294,2.5394848839244326
175,15,1.2449292628970138e-11,4.730605354163158e-06,4.730729847089447e-06,1.9849840395898264,1.984979377271919,1.7478205494447078e-12,0.00024879769281105254,1.984979377271919
175,16,7.1369283015804204e-12,1.5751102766939868e-05,1.5751174136222883e-05,1.5513231151193096,1.551326229434945,2.981914094434455e-14,0.00028841123880066677,1.551326229434945
175,17,1.4125802930891824e-11,2.3984704193278453e-06,2.398611677357154e-06,1.2122923680185365,1.2122903246743963,3.9746181287953722e-16,0.00011320911386571412,1.2122903246743963
175,18,7.161646975969749e-11,1.2985562930080244e-05,1.298627909477784e-05,0.9473008745475043,0.9472936357347885,4.139170173571913e-18,0.00022100351147546658,0.9472936357347885
175,19,4.3842468298098725e-13,2.831504448355394e-06,2.8315088326022237e-06,0.7402076249741987,0.7402072846787149,3.3678933901296725e-20,0.0003242587634206984,0.7402072846787149
175,20,2.7686636624033843e-11,1.306826500898103e-06,1.3071033672643433e-06,0.5783756532949839,0.5783755945871315,2.1410970507201e-22,0.00013131816071395276,0.5783755945871315
175,21,4.811482692490637e-11,5.382615575065863e-06,5.383096723335112e-06,0.45191931148196796,0.4519187947490306,1.0635329537896607e-24,0.0003826400247253546,0.4519187947490306
175,22,6.511303195267611e-12,8.332332038354096e-07,8.332983168673623e-07,0.35310864809819714,0.35310683277975025,4.127663051903605e-27,4.2952873416460045e-05,0.35310683277975025
175,23,1.0763726471438442e-11,1.4070019709473329e-06,1.4071096082120472e-06,0.2759013142767159,0.275898180179341,1.251692406084246e-29,0.00017713248956826186,0.275898180179341
175,24,3.3578003735637825e-10,6.377985109751348e-06,6.381342910124911e-06,0.2155747371562788,0.21557350596616673,2.9657313603032164e-32,0.0003333149921275366,0.21557350596616673
175,25,1.2505746488136256e-10,1.6205807986440839e-06,1.6218313732928975e-06,0.16843845295653787,0.16844040721867906,5.490443365551092e-35,0.0001788204587999506,0.16844040721867906
175,26,3.850290072825612e-12,1.7680043217088522e-06,1.7680428246095804e-06,0.13160854267326402,0.1316079908804966,7.941903613236137e-38,5.663895661018946e-05,0.1316079908804966
175,27,9.79977059535389e-08,5.838332191081429e-05,5.936329897034968e-05,0.10283162757376144,0.10256155270395402,8.976018373828387e-41,0.00031322885280009435,0.10256155270395402
175,28,2.8495763041677554e-09,3.804558147926811e-06,3.833053910968489e-06,0.08034688874830666,0.08031817240288852,7.926559258514568e-44,3.1045676052197187e-05,0.08031817240288852
175,29,3.964756867451204e-09,1.0942646081077306e-05,1.0982293649751819e-05,0.06277857149424129,0.06270184417841615,5.46925069334566e-47,8.47455344385457e-05,0.06270184417841615
175,30,2.2024186264699116e-07,2.5989282271355864e-05,2.8191700897825776e-05,0.049051646160226614,0.04897383580003083,2.9485797235512157e-50,0.00046867194146102127,0.04897383580003083
175,31,8.619483687569729e-07,0.0002892050190763761,0.00029782450276394585,0.03832620997030077,0.037013429171473454,1.2420531508760914e-53,0.0011523275064839681,0.037013429171473454
175,32,1.7663211729156025e-06,0.00016599285121484092,0.00018365606294399694,0.029945938776291883,0.028358891585252052,4.087985896736657e-57,0.0001672268426948296,0.028358891585252052
175,33,8.254333910047814e+27,5.959602599443864e+30,6.042145938544342e+30,0.023398080102354356,128486060800756.25,1.0512861958086046e-60,128486060800756.25,128486060800756.25
175,34,1.5522758811223522e-06,0.0001385734983643909,0.0001540962571756144,0.018281936868808205,0.016604010827846544,2.1123912358439096e-64,0.0003401065311826612,0.016604010827846544
175,35,3.416416591898943e-05,0.001982324019949668,0.002323965679139562,0.014284483611205177,0.006129973643175168,3.3164254756163893e-68,0.0019717380291040462,0.006129973643175168
175,36,8.994645932242717e-06,0.00015604963376116452,0.0002459960930835917,0.011161085612823161,0.00696664308282632,4.0682516954017187e-72,0.0005736704646805678,0.00696664308282632
175,37,2.946145173215848e-07,3.281469200798787e-05,3.576083718120371e-05,0.008720650268011516,0.008040827841733053,3.8993126034841783e-76,0.00013874655805368272,0.008040827841733053
175,38,6.659753840453429e-06,4.33505390682465e-05,0.00010994807747278079,0.006813819793385616,0.003166934987998331,2.920180978341585e-80,0.00011107678372069474,0.003166934987998331
175,39,7.930046383741424e-06,2.33181182619195e-05,0.00010261858209933374,0.005323940781647147,0.0013865786875003254,1.708733810208657e-84,5.61080164369149e-05,0.0013865786875003254
175,40,2.941589140484995e-06,1.94459356489133e-05,4.886182705376325e-05,0.004159822610457624,0.0017546359213394,7.812323379225454e-89,8.520735907132504e-05,0.0017546359213394
175,41,2.9552909843366065e-06,1.1242323917013346e-05,4.079523376037941e-05,0.0032502562437170136,0.0008315193404997044,2.7908040074387504e-93,9.233841414120535e-05,0.0008315193404997044
175,42,1.415886303239038e-06,7.690069362608428e-06,2.1848932394998807e-05,0.00253956262595096,0.00088078399014552,7.789671286284821e-98,6.035807990185295e-05,0.00088078399014552
175,43,5.306246432866422e-07,1.053620478475859e-05,1.5842451217625013e-05,0.001984275856401733,0.0014368854698894986,1.6988414622652328e-102,7.576318948722654e-05,0.0014368854698894986
175,44,7.383734545952604e-07,2.8495865818972177e-06,1.0233321127849821e-05,0.0015503971627889978,0.0003574970467697253,2.8948528976691676e-107,5.3840292022797375e-05,0.0003574970467697253
175,45,5.503119837917187e-07,5.379850838537877e-06,1.0882970676455064e-05,0.0012113972708590846,0.0002649245601685875,3.8542953297105736e-112,0.00012556768100959855,0.0002649245601685875
175,46,3.8181265531687063e-07,8.281626910452211e-06,1.2099753463620918e-05,0.000946513654275706,0.0008013264889749915,4.009611324817239e-117,0.00010694470522085429,0.0008013264889749915
175,47,5.629930181717685e-08,2.7836517050666435e-06,3.346644723238412e-06,0.000739556369191624,0.0005514549190483122,3.2591608933291177e-122,7.213289786898838e-05,0.0005514549190483122
175,48,1.2259925366949914e-08,6.4159582324049615e-06,6.538557486074461e-06,0.0005778440128660356,0.0005173028213182211,2.069885846672485e-127,7.111579763358086e-05,0.0005173028213182211
175,49,1.298537096731972e-07,9.021015342382979e-06,1.031955243911495e-05,0.00045149838486827076,0.0008590293691759489,1.0271535420220983e-132,8.205702584816747e-05,0.0008590293691759489
180,0,1.1194885583285282e-19,8.473186433063508e-29,1.11948855841326e-18,40.212385860203675,40.212385860210254,40.212385860203675,40.2123858602102,40.212385860210254
180,1,7.39184805304284e-12,7.909740851687936e-06,7.909814770168466e-06,39.01860822557467,39.01861083726823,34.4899718687309,34.48757421578493,39.01861083726823
180,2,7.219373818148814e-05,2.1482692687757448,2.1489912061575596,35.76810951683773,35.75609338283539,21.836360227520203,2.5928127525645734e-06,35.75609338283539
180,3,5.582801326270666e-12,3.877765813914485e-06,3.877821641927747e-06,31.252265253826952,31.252261938969617,10.29606070808591,10.296551654140307,31.252261938969617
180,4,0.08157096276293802,52.32921201393713,53.14492164156651,26.31894796557784,25.915039652369963,3.655994885024816,25.913434015137355,25.915039652369963
180,5,8.348905108081046e+32,1.7081894890668055e+32,8.519724056987727e+33,21.589810521465168,4.086295414695576e+16,0.9880421629742486,2.450952453562708e+16,4.086295414695576e+16
180,6,1.3646822438328904e-11,5.615642862109016e-07,5.617007544352849e-07,17.39884817795113,17.39884299437134,0.20496460503222355,0.20504928731847857,17.39884299437134
180,7,1.6680631616627105e-08,0.0026115026005186365,0.002611669406834803,13.86022498980606,13.860050608923489,0.03283995157388999,0.058353096682823256,13.860050608923489
180,8,2.5580775320202587e-09,3.116858030814686e-06,3.1424388061348884e-06,10.960400943258088,10.960471457406936,0.004081075764271535,0.002670827883425243,10.960471457406936
180,9,5.209701292416755e-12,5.78799476113787e-06,5.7880468581507946e-06,8.62745659157676,8.627456771882857,0.0003944474190807856,0.0007464543170796222,8.627456771882857
180,10,1.5431128026450157e-10,1.5037394451498077e-06,1.5052825579524527e-06,6.771719124745781,6.771709479825039,2.9703356237254366e-05,0.00028616981883826934,6.771709479825039
180,11,1.4393498160368294e-09,1.1817744208404361e-05,1.183213770656473e-05,5.30579708366527,5.3057816079682585,1.7446150219024265e-06,0.0007003558482778354,5.3057816079682585
180,12,2.684711036275235,21.266354793776546,48.113465156528896,4.152722013629521,1.8355206687847385,7.997722775691346e-08,1.8355206687847385,1.8355206687847385
180,13,3.8100227340935215e-12,4.091377938798492e-06,4.0914160390258326e-06,3.248085443256918,3.248084888937057,2.8627773872263956e-09,0.00038239080704635686,3.248084888937057
180,14,3.1201140940265637e-12,4.58758896624388e-06,4.5876201673848205e-06,2.5394871616500927,2.5394848839244326,8.003407560458663e-11,0.00029654537357948294,2.5394848839244326
180,15,1.2449292628970138e-11,4.730605354163158e-06,4.730729847089447e-06,1.9849840395898264,1.984979377271919,1.7478205494447078e-12,0.00024879769281105254,1.984979377271919
180,16,7.1369283015804204e-12,1.5751102766939868e-05,1.5751174136222883e-05,1.5513231151193096,1.551326229434945,2.981914094434455e-14,0.00028841123880066677,1.551326229434945
180,17,1.4125802930891824e-11,2.3984704193278453e-06,2.398611677357154e-06,1.2122923680185365,1.2122903246743963,3.9746181287953722e-16,0.00011320911386571412,1.2122903246743963
180,18,7.161646975969749e-11,1.2985562930080244e-05,1.298627909477784e-05,0.9473008745475043,0.9472936357347885,4.139170173571913e-18,0.00022100351147546658,0.9472936357347885
180,19,4.3842468298098725e-13,2.831504448355394e-06,2.8315088326022237e-06,0.7402076249741987,0.7402072846787149,3.3678933901296725e-20,0.0003242587634206984,0.7402072846787149
180,20,2.7686636624033843e-11,1.306826500898103e-06,1.3071033672643433e-06,0.5783756532949839,0.5783755945871315,2.1410970507201e-22,0.00013131816071395276,0.5783755945871315
180,21,4.811482692490637e-11,5.382615575065863e-06,5.383096723335112e-06,0.45191931148196796,0.4519187947490306,1.0635329537896607e-24,0.0003826400247253546,0.4519187947490306
180,22,6.511303195267611e-12,8.332332038354096e-07,8.332983168673623e-07,0.35310864809819714,0.35310683277975025,4.127663051903605e-27,4.2952873416460045e-05,0.35310683277975025
180,23,1.0763726471438442e-11,1.4070019709473329e-06,1.4071096082120472e-06,0.2759013142767159,0.275898180179341,1.251692406084246e-29,0.00017713248956826186,0.275898180179341
180,24,3.338758840874494e-10,6.3534470574074745e-06,6.356785816248349e-06,0.2155747371562788,0.21557362383008147,2.9657313603032164e-32,0.0003328594978244903,0.21557362383008147
180,25,1.2505746488136256e-10,1.6205807986440839e-06,1.6218313732928975e-06,0.16843845295653787,0.16844040721867906,5.490443365551092e-35,0.0001788204587999506,0.16844040721867906
180,26,3.850290072825612e-12,1.7680043217088522e-06,1.7680428246095804e-06,0.13160854267326402,0.1316079908804966,7.941903613236137e-38,5.663895661018946e-05,0.1316079908804966
180,27,5.7782344430265015e-08,5.5237505228803204e-05,5.5815328673105855e-05,0.10283162757376144,0.10274213130263675,8.976018373828387e-41,0.00021451033480312555,0.10274213130263675
180,28,2.8495763041677554e-09,3.804558147926811e-06,3.833053910968489e-06,0.08034688874830666,0.08031817240288852,7.926559258514568e-44,3.1045676052197187e-05,0.08031817240288852
180,29,2.417630228002262e-09,1.0221114405242918e-05,1.024529070752294e-05,0.06277857149424129,0.06271122485991065,5.46925069334566e-47,8.114022820978278e-05,0.06271122485991065
180,30,1.7949565375388888e-07,2.2223509729592882e-05,2.401846626713177e-05,0.049051646160226614,0.048912419375132105,2.9485797235512157e-50,0.0003225031868804642,0.048912419375132105
180,31,1.6172298401063138e-06,0.00020031989658864398,0.00021649219498970712,0.03832620997030077,0.03693530802150609,1.2420531508760914e-53,0.0012805080720168355,0.03693530802150609
180,32,2.085772419888284e-06,0.00014904816264584055,0.0001699058868447234,0.029945938776291883,0.028443204517441707,4.087985896736657e-57,0.0003178900019373571,0.028443204517441707
180,33,33693350776709.168,2.4326491192956396e+16,2.466342470072349e+16,0.023398080102354356,8208940.348910147,1.0512861958086046e-60,8208940.348910147,8208940.348910147
180,34,1.85085043951753e-06,0.00012654012228544305,0.00014504862668061834,0.018281936868808205,0.01643056291571982,2.1123912358439096e-64,0.000268963013591427,0.01643056291571982
180,35,5.187305165388747e-06,9.296479079480751e-05,0.000144837842448695,0.014284483611205177,0.011176302008189653,3.3164254756163893e-68,0.00024696003314326944,0.011176302008189653
180,36,9.353507204450098e-06,0.00014577854686782246,0.00023931361891232344,0.011161085612823161,0.006850193977286751,4.0682516954017187e-72,0.0005178502093856753,0.006850193977286751
180,37,3.048401429836696e-07,3.1436603007865295e-05,3.448500443770199e-05,0.008720650268011516,0.007948702277036241,3.8993126034841783e-76,0.00012530944457004762,0.007948702277036241
180,38,6.659753840453429e-06,4.33505390682465e-05,0.00010994807747278079,0.006813819793385616,0.003166934987998331,2.920180978341585e-80,0.00011107678372069474,0.003166934987998331
180,39,7.930046383741424e-06,2.33181182619195e-05,0.00010261858209933374,0.005323940781647147,0.0013865786875003254,1.708733810208657e-84,5.61080164369149e-05,0.0013865786875003254
180,40,2.941589140484995e-06,1.94459356489133e-05,4.886182705376325e-05,0.004159822610457624,0.0017546359213394,7.812323379225454e-89,8.520735907132504e-05,0.0017546359213394
180,41,2.9552909843366065e-06,1.1242323917013346e-05,4.079523376037941e-05,0.0032502562437170136,0.0008315193404997044,2.7908040074387504e-93,9.233841414120535e-05,0.0008315193404997044
180,42,1.415886303239038e-06,7.690069362608428e-06,2.1848932394998807e-05,0.00253956262595096,0.00088078399014552,7.789671286284821e-98,6.035807990185295e-05,0.00088078399014552
180,43,5.306246432866422e-07,1.053620478475859e-05,1.5842451217625013e-05,0.001984275856401733,0.0014368854698894986,1.6988414622652328e-102,7.576318948722654e-05,0.0014368854698894986
180,44,7.383734545952604e-07,2.8495865818972177e-06,1.0233321127849821e-05,0.0015503971627889978,0.0003574970467697253,2.8948528976691676e-107,5.3840292022797375e-05,0.0003574970467697253
180,45,5.503119837917187e-07,5.379850838537877e-06,1.0882970676455064e-05,0.0012113972708590846,0.0002649245601685875,3.8542953297105736e-112,0.00012556768100959855,0.0002649245601685875
180,46,3.8181265531687063e-07,8.281626910452211e-06,1.2099753463620918e-05,0.000946513654275706,0.0008013264889749915,4.009611324817239e-117,0.00010694470522085429,0.0008013264889749915
180,47,5.629930181717685e-08,2.7836517050666435e-06,3.346644723238412e-06,0.000739556369191624,0.0005514549190483122,3.2591608933291177e-122,7.213289786898838e-05,0.0005514549190483122
180,48,1.2259925366949914e-08,6.4159582324049615e-06,6.538557486074461e-06,0.0005778440128660356,0.0005173028213182211,2.069885846672485e-127,7.111579763358086e-05,0.0005173028213182211
180,49,1.298537096731972e-07,9.021015342382979e-06,1.031955243911495e-05,0.00045149838486827076,0.0008590293691759489,1.0271535420220983e-132,8.205702584816747e-05,0.0008590293691759489
185,0,1.1194885583285282e-19,8.473186433063508e-29,1.11948855841326e-18,40.212385860203675,40.212385860210254,40.212385860203675,40.2123858602102,40.212385860210254
185,1,7.39184805304284e-12,7.909740851687936e-06,7.909814770168466e-06,39.01860822557467,39.01861083726823,34.4899718687309,34.48757421578493,39.01861083726823
185,2,7.219373818148814e-05,2.1482692687757448,2.1489912061575596,35.76810951683773,35.75609338283539,21.836360227520203,2.5928127525645734e-06,35.75609338283539
185,3,5.582801326270666e-12,3.877765813914485e-06,3.877821641927747e-06,31.252265253826952,31.252261938969617,10.29606070808591,10.296551654140307,31.252261938969617
185,4,0.08157117808531768,52.328879324593046,53.144591105446224,26.31894796557784,25.915039119279285,3.655994885024816,25.91334078181824,25.915039119279285
185,5,1.0415975828174946e+35,1.3709804108115153e+34,1.0553073869256097e+36,21.589810521465168,4.564203288236611e+17,0.9880421629742486,2.470086427431151e+17,4.564203288236611e+17
185,6,1.3646822438328904e-11,5.615642862109016e-07,5.617007544352849e-07,17.39884817795113,17.39884299437134,0.20496460503222355,0.20504928731847857,17.39884299437134
185,7,1.2988944142331226e-06,0.0025404763630220294,0.0025534653071643608,13.86022498980606,13.858617374316324,0.03283995157388999,0.06602489936542673,13.858617374316324
185,8,4.658829574983773e-09,3.6177943873948495e-06,3.664382683144687e-06,10.960400943258088,10.960448965768801,0.004081075764271535,0.0031846569552998103,10.960448965768801
185,9,5.209701292416755e-12,5.78799476113787e-06,5.7880468581507946e-06,8.62745659157676,8.627456771882857,0.0003944474190807856,0.0007464543170796222,8.627456771882857
185,10,5.1566791439917124e-11,1.0676088854301975e-06,1.0681245533445967e-06,6.771719124745781,6.771711165051268,2.9703356237254366e-05,0.0002913646352654241,6.771711165051268
185,11,1.0699388481106378e-09,1.0203245400182092e-05,1.0213944788663198e-05,5.30579708366527,5.305751747378329,1.7446150219024265e-06,0.0006265726219028406,5.305751747378329
185,12,2.684711036275235,21.266354793776546,48.113465156528896,4.152722013629521,1.8355206687847385,7.997722775691346e-08,1.8355206687847385,1.8355206687847385
185,13,3.8100227340935215e-12,4.091377938798492e-06,4.0914160390258326e-06,3.248085443256918,3.248084888937057,2.8627773872263956e-09,0.00038239080704635686,3.248084888937057
185,14,3.1201140940265637e-12,4.58758896624388e-06,4.5876201673848205e-06,2.5394871616500927,2.5394848839244326,8.003407560458663e-11,0.00029654537357948294,2.5394848839244326
185,15,1.2449292628970138e-11,4.730605354163158e-06,4.730729847089447e-06,1.9849840395898264,1.984979377271919,1.7478205494447078e-12,0.00024879769281105254,1.984979377271919
185,16,7.1369283015804204e-12,1.5751102766939868e-05,1.5751174136222883e-05,1.5513231151193096,1.551326229434945,2.981914094434455e-14,0.00028841123880066677,1.551326229434945
185,17,1.4125802930891824e-11,2.3984704193278453e-06,2.398611677357154e-06,1.2122923680185365,1.2122903246743963,3.9746181287953722e-16,0.00011320911386571412,1.2122903246743963
185,18,7.161646975969749e-11,1.2985562930080244e-05,1.298627909477784e-05,0.9473008745475043,0.9472936357347885,4.139170173571913e-18,0.00022100351147546658,0.9472936357347885
185,19,4.3842468298098725e-13,2.831504448355394e-06,2.8315088326022237e-06,0.7402076249741987,0.7402072846787149,3.3678933901296725e-20,0.0003242587634206984,0.7402072846787149
185,20,2.7686636624033843e-11,1.306826500898103e-06,1.3071033672643433e-06,0.5783756532949839,0.5783755945871315,2.1410970507201e-22,0.00013131816071395276,0.5783755945871315
185,21,4.811482692490637e-11,5.382615575065863e-06,5.383096723335112e-06,0.45191931148196796,0.4519187947490306,1.0635329537896607e-24,0.0003826400247253546,0.4519187947490306
185,22,6.511303195267611e-12,8.332332038354096e-07,8.332983168673623e-07,0.35310864809819714,0.35310683277975025,4.127663051903605e-27,4.2952873416460045e-05,0.35310683277975025
185,23,1.0763726471438442e-11,1.4070019709473329e-06,1.4071096082120472e-06,0.2759013142767159,0.275898180179341,1.251692406084246e-29,0.00017713248956826186,0.275898180179341
185,24,3.551483906085948e-10,6.330142433898995e-06,6.333693917805081e-06,0.2155747371562788,0.21557363603206123,2.9657313603032164e-32,0.00033283991150204266,0.21557363603206123
185,25,1.2505746488136256e-10,1.6205807986440839e-06,1.6218313732928975e-06,0.16843845295653787,0.16844040721867906,5.490443365551092e-35,0.0001788204587999506,0.16844040721867906
185,26,3.850290072825612e-12,1.7680043217088522e-06,1.7680428246095804e-06,0.13160854267326402,0.1316079908804966,7.941903613236137e-38,5.663895661018946e-05,0.1316079908804966
185,27,9.493064608118394e-09,5.3267450802162015e-05,5.33623814482432e-05,0.10283162757376144,0.10273584884703577,8.976018373828387e-41,0.00024490246101760064,0.10273584884703577
185,28,2.8495763041677554e-09,3.804558147926811e-06,3.833053910968489e-06,0.08034688874830666,0.08031817240288852,7.926559258514568e-44,3.1045676052197187e-05,0.08031817240288852
185,29,3.229928449805221e-08,8.969046602118947e-06,9.292039447099469e-06,0.06277857149424129,0.06285245221780242,5.46925069334566e-47,0.0001617403590480629,0.06285245221780242
185,30,1.537551646327845e-07,2.157189692864157e-05,2.3109448574969418e-05,0.049051646160226614,0.0489946417630521,2.9485797235512157e-50,0.0003653733031989324,0.0489946417630521
185,31,2.2265839984245018e-06,0.00014630981429701828,0.0001685756542812633,0.03832620997030077,0.037498249757272326,1.2420531508760914e-53,0.0010202958063068538,0.037498249757272326
185,32,2.2063339556417486e-06,0.00014528111623456926,0.00016734445579098676,0.029945938776291883,0.028767126162750973,4.087985896736657e-57,0.0003088322345320819,0.028767126162750973
185,33,3.0826323039521795e-05,0.35253749587443595,0.3528457591048312,0.023398080102354356,0.03125,1.0512861958086046e-60,0.03125,0.03125
185,34,1.626411572783376e-06,0.00011940800420699386,0.00013567211993482762,0.018281936868808205,0.01649386044505589,2.1123912358439096e-64,0.00017732642265990144,0.01649386044505589
185,35,8.583646250035002e-07,7.267133230271677e-05,8.125497855275177e-05,0.014284483611205177,0.012977388797986785,3.3164254756163893e-68,0.00018358551222663863,0.012977388797986785
185,36,1.027648567692702e-05,0.0001298504690796453,0.0002326153258489155,0.011161085612823161,0.0066553229250690465,4.0682516954017187e-72,0.0003859523755505145,0.0066553229250690465
185,37,4.4511267361062627e-07,2.9042035243697752e-05,3.349316197980401e-05,0.008720650268011516,0.007805992288327409,3.8993126034841783e-76,0.00010593724173276842,0.007805992288327409
185,38,6.659753840453429e-06,4.33505390682465e-05,0.00010994807747278079,0.006813819793385616,0.003166934987998331,2.920180978341585e-80,0.00011107678372069474,0.003166934987998331
185,39,7.930046383741424e-06,2.33181182619195e-05,0.00010261858209933374,0.005323940781647147,0.0013865786875003254,1.708733810208657e-84,5.61080164369149e-05,0.0013865786875003254
185,40,2.941589140484995e-06,1.94459356489133e-05,4.886182705376325e-05,0.004159822610457624,0.0017546359213394,7.812323379225454e-89,8.520735907132504e-05,0.0017546359213394
185,41,2.9552909843366065e-06,1.1242323917013346e-05,4.079523376037941e-05,0.0032502562437170136,0.0008315193404997044,2.7908040074387504e-93,9.233841414120535e-05,0.0008315193404997044
185,42,1.415886303239038e-06,7.690069362608428e-06,2.1848932394998807e-05,0.00253956262595096,0.00088078399014552,7.789671286284821e-98,6.035807990185295e-05,0.00088078399014552
185,43,5.306246432866422e-07,1.053620478475859e-05,1.5842451217625013e-05,0.001984275856401733,0.0014368854698894986,1.6988414622652328e-102,7.576318948722654e-05,0.0014368854698894986
185,44,7.383734545952604e-07,2.8495865818972177e-06,1.0233321127849821e-05,0.0015503971627889978,0.0003574970467697253,2.8948528976691676e-107,5.3840292022797375e-05,0.0003574970467697253
185,45,5.503119837917187e-07,5.379850838537877e-06,1.0882970676455064e-05,0.0012113972708590846,0.0002649245601685875,3.8542953297105736e-112,0.00012556768100959855,0.0002649245601685875
185,46,3.8181265531687063e-07,8.281626910452211e-06,1.2099753463620918e-05,0.000946513654275706,0.0008013264889749915,4.009611324817239e-117,0.00010694470522085429,0.0008013264889749915
185,47,5.629930181717685e-08,2.7836517050666435e-06,3.346644723238412e-06,0.000739556369191624,0.0005514549190483122,3.2591608933291177e-122,7.213289786898838e-05,0.0005514549190483122
185,48,1.2259925366949914e-08,6.4159582324049615e-06,6.538557486074461e-06,0.0005778440128660356,0.0005173028213182211,2.069885846672485e-127,7.111579763358086e-05,0.0005173028213182211
185,49,1.298537096731972e-07,9.021015342382979e-06,1.031955243911495e-05,0.00045149838486827076,0.0008590293691759489,1.0271535420220983e-132,8.205702584816747e-05,0.0008590293691759489
190,0,1.1194885583285282e-19,8.473186433063508e-29,1.11948855841326e-18,40.212385860203675,40.212385860210254,40.212385860203675,40.2123858602102,40.212385860210254
190,1,7.39184805304284e-12,7.909740851687936e-06,7.909814770168466e-06,39.01860822557467,39.01861083726823,34.4899718687309,34.48757421578493,39.01861083726823
190,2,7.219373818148814e-05,2.1482692687757448,2.1489912061575596,35.76810951683773,35.75609338283539,21.836360227520203,2.5928127525645734e-06,35.75609338283539
190,3,5.582801326270666e-12,3.877765813914485e-06,3.877821641927747e-06,31.252265253826952,31.252261938969617,10.29606070808591,10.296551654140307,31.252261938969617
190,4,0.08157140880775014,52.32851054064821,53.14422462872571,26.31894796557784,25.91503854806279,3.655994885024816,25.91323731072406,25.91503854806279
190,5,4.092576444478035e+27,2.9986046122535527e+28,7.091181056731588e+28,21.589810521465168,90471834782764.75,0.9880421629742486,451125871701677.06,451125871701677.06
190,6,1.3646822438328904e-11,5.615642862109016e-07,5.617007544352849e-07,17.39884817795113,17.39884299437134,0.20496460503222355,0.20504928731847857,17.39884299437134
190,7,9.206034983451696e-08,0.0025014746583041313,0.0025023952618024765,13.86022498980606,13.860348839246782,0.03283995157388999,0.07186081443845688,13.860348839246782
190,8,8.64944659979981e-12,2.2261314140472356e-06,2.2262179085132335e-06,10.960400943258088,10.960405081527568,0.004081075764271535,0.0030873759423850687,10.960405081527568
190,9,5.209701292416755e-12,5.78799476113787e-06,5.7880468581507946e-06,8.62745659157676,8.627456771882857,0.0003944474190807856,0.0007464543170796222,8.627456771882857
190,10,8.636035290029125e-12,9.767738670044646e-07,9.768602273573648e-07,6.771719124745781,6.771715039034602,2.9703356237254366e-05,0.0003127541287580996,6.771715039034602
190,11,7.698683968108785e-09,9.18928809715691e-06,9.266274936837998e-06,5.30579708366527,5.305763774160597,1.7446150219024265e-06,0.0002670383359874728,5.305763774160597
190,12,2.684711036275235,21.266354793776546,48.113465156528896,4.152722013629521,1.8355206687847385,7.997722775691346e-08,1.8355206687847385,1.8355206687847385
190,13,3.8100227340935215e-12,4.091377938798492e-06,4.0914160390258326e-06,3.248085443256918,3.248084888937057,2.8627773872263956e-09,0.00038239080704635686,3.248084888937057
190,14,3.1201140940265637e-12,4.58758896624388e-06,4.5876201673848205e-06,2.5394871616500927,2.5394848839244326,8.003407560458663e-11,0.00029654537357948294,2.5394848839244326
190,15,1.2449292628970138e-11,4.730605354163158e-06,4.730729847089447e-06,1.9849840395898264,1.984979377271919,1.7478205494447078e-12,0.00024879769281105254,1.984979377271919
190,16,7.1369283015804204e-12,1.5751102766939868e-05,1.5751174136222883e-05,1.5513231151193096,1.551326229434945,2.981914094434455e-14,0.00028841123880066677,1.551326229434945
190,17,1.4125802930891824e-11,2.3984704193278453e-06,2.398611677357154e-06,1.2122923680185365,1.2122903246743963,3.9746181287953722e-16,0.00011320911386571412,1.2122903246743963
190,18,7.161646975969749e-11,1.2985562930080244e-05,1.298627909477784e-05,0.9473008745475043,0.9472936357347885,4.139170173571913e-18,0.00022100351147546658,0.9472936357347885
190,19,4.3842468298098725e-13,2.831504448355394e-06,2.8315088326022237e-06,0.7402076249741987,0.7402072846787149,3.3678933901296725e-20,0.0003242587634206984,0.7402072846787149
190,20,2.7686636624033843e-11,1.306826500898103e-06,1.3071033672643433e-06,0.5783756532949839,0.5783755945871315,2.1410970507201e-22,0.00013131816071395276,0.5783755945871315
190,21,4.811482692490637e-11,5.382615575065863e-06,5.383096723335112e-06,0.45191931148196796,0.4519187947490306,1.0635329537896607e-24,0.0003826400247253546,0.4519187947490306
190,22,6.511303195267611e-12,8.332332038354096e-07,8.332983168673623e-07,0.35310864809819714,0.35310683277975025,4.127663051903605e-27,4.2952873416460045e-05,0.35310683277975025
190,23,1.0763726471438442e-11,1.4070019709473329e-06,1.4071096082120472e-06,0.2759013142767159,0.275898180179341,1.251692406084246e-29,0.00017713248956826186,0.275898180179341
190,24,3.762965973344656e-10,6.308158914197614e-06,6.311921880170959e-06,0.2155747371562788,0.21557363596877693,2.9657313603032164e-32,0.00033282200800344386,0.21557363596877693
190,25,1.2505746488136256e-10,1.6205807986440839e-06,1.6218313732928975e-06,0.16843845295653787,0.16844040721867906,5.490443365551092e-35,0.0001788204587999506,0.16844040721867906
190,26,3.850290072825612e-12,1.7680043217088522e-06,1.7680428246095804e-06,0.13160854267326402,0.1316079908804966,7.941903613236137e-38,5.663895661018946e-05,0.1316079908804966
190,27,2.279766123305854e-08,4.112360419577965e-05,4.1351580808110236e-05,0.10283162757376144,0.10268492042111642,8.976018373828387e-41,0.0002121875629762152,0.10268492042111642
190,28,2.8495763041677554e-09,3.804558147926811e-06,3.833053910968489e-06,0.08034688874830666,0.08031817240288852,7.926559258514568e-44,3.1045676052197187e-05,0.08031817240288852
190,29,1.8271570157920237e-10,7.516808002047509e-06,7.518635159063301e-06,0.06277857149424129,0.06276191280729698,5.46925069334566e-47,0.00011789674067651028,0.06276191280729698
190,30,8.397246800283858e-08,2.0749644642608073e-05,2.1589369322636458e-05,0.049051646160226614,0.048904787713573844,2.9485797235512157e-50,0.0003229525295669567,0.048904787713573844
190,31,3.540662494599288e-06,0.00011600276509594368,0.00015140939004193655,0.03832620997030077,0.03772852852691354,1.2420531508760914e-53,0.000783146653434386,0.03772852852691354
190,32,1.2138409252386603e-06,0.00015232435613829595,0.00016446276539068257,0.029945938776291883,0.028907155616321775,4.087985896736657e-57,0.00031010299004650315,0.028907155616321775
190,33,3.0826323039521795e-05,0.35253749587443595,0.3528457591048312,0.023398080102354356,0.03125,1.0512861958086046e-60,0.03125,0.03125
190,34,1.647160763803029e-06,0.00011720963205646559,0.00013368123969449588,0.018281936868808205,0.016509587986489226,2.1123912358439096e-64,0.00014614593687961328,0.016509587986489226
190,35,7.255038728703207e-07,5.0956397736249675e-05,5.821143646495288e-05,0.014284483611205177,0.013100290580984109,3.3164254756163893e-68,0.00010828601250686638,0.013100290580984109
190,36,1.0091740981523522e-05,0.00012850481051407658,0.0002294222203293118,0.011161085612823161,0.006682387875349558,4.0682516954017187e-72,0.0003160663981704839,0.006682387875349558
190,37,4.7090814698314825e-07,2.869070500568849e-05,3.339978647551997e-05,0.008720650268011516,0.007774375073986543,3.8993126034841783e-76,0.00010410799141922718,0.007774375073986543
190,38,6.659753840453429e-06,4.33505390682465e-05,0.00010994807747278079,0.006813819793385616,0.003166934987998331,2.920180978341585e-80,0.00011107678372069474,0.003166934987998331
190,39,7.930046383741424e-06,2.33181182619195e-05,0.00010261858209933374,0.005323940781647147,0.0013865786875003254,1.708733810208657e-84,5.61080164369149e-05,0.0013865786875003254
190,40,2.941589140484995e-06,1.94459356489133e-05,4.886182705376325e-05,0.004159822610457624,0.0017546359213394,7.812323379225454e-89,8.520735907132504e-05,0.0017546359213394
190,41,2.9552909843366065e-06,1.1242323917013346e-05,4.079523376037941e-05,0.0032502562437170136,0.0008315193404997044,2.7908040074387504e-93,9.233841414120535e-05,0.0008315193404997044
190,42,1.415886303239038e-06,7.690069362608428e-06,2.1848932394998807e-05,0.00253956262595096,0.00088078399014552,7.789671286284821e-98,6.035807990185295e-05,0.00088078399014552
190,43,5.306246432866422e-07,1.053620478475859e-05,1.5842451217625013e-05,0.001984275856401733,0.0014368854698894986,1.6988414622652328e-102,7.576318948722654e-05,0.0014368854698894986
190,44,7.383734545952604e-07,2.8495865818972177e-06,1.0233321127849821e-05,0.0015503971627889978,0.0003574970467697253,2.8948528976691676e-107,5.3840292022797375e-05,0.0003574970467697253
190,45,5.503119837917187e-07,5.379850838537877e-06,1.0882970676455064e-05,0.0012113972708590846,0.0002649245601685875,3.8542953297105736e-112,0.00012556768100959855,0.0002649245601685875
190,46,3.8181265531687063e-07,8.281626910452211e-06,1.2099753463620918e-05,0.000946513654275706,0.0008013264889749915,4.009611324817239e-117,0.00010694470522085429,0.0008013264889749915
190,47,5.629930181717685e-08,2.7836517050666435e-06,3.346644723238412e-06,0.000739556369191624,0.0005514549190483122,3.2591608933291177e-122,7.213289786898838e-05,0.0005514549190483122
190,48,1.2259925366949914e-08,6.4159582324049615e-06,6.538557486074461e-06,0.0005778440128660356,0.0005173028213182211,2.069885846672485e-127,7.111579763358086e-05,0.0005173028213182211
190,49,1.298537096731972e-07,9.021015342382979e-06,1.031955243911495e-05,0.00045149838486827076,0.0008590293691759489,1.0271535420220983e-132,8.205702584816747e-05,0.0008590293691759489
195,0,1.1194885583285282e-19,8.473186433063508e-29,1.11948855841326e-18,40.212385860203675,40.212385860210254,40.212385860203675,40.2123858602102,40.212385860210254
195,1,7.39184805304284e-12,7.909740851687936e-06,7.909814770168466e-06,39.01860822557467,39.01861083726823,34.4899718687309,34.48757421578493,39.01861083726823
195,2,7.219373818148814e-05,2.1482692687757448,2.1489912061575596,35.76810951683773,35.75609338283539,21.836360227520203,2.5928127525645734e-06,35.75609338283539
195,3,5.582801326270666e-12,3.877765813914485e-06,3.877821641927747e-06,31.252265253826952,31.252261938969617,10.29606070808591,10.296551654140307,31.252261938969617
195,4,0.08157165627620579,52.3280997314888,53.143816294250854,26.31894796557784,25.915037935388487,3.655994885024816,25.91312191485601,25.915037935388487
195,5,10.904506661219997,28.796562536926963,137.84162914912693,21.589810521465168,24.331050121192877,0.9880421629742486,4.0,24.331050121192877
195,6,1.3646822438328904e-11,5.615642862109016e-07,5.617007544352849e-07,17.39884817795113,17.39884299437134,0.20496460503222355,0.20504928731847857,17.39884299437134
195,7,1.5763901817131388e-07,0.002336786306325825,0.002338362696507538,13.86022498980606,13.860227451970504,0.03283995157388999,0.06456182318278195,13.860227451970504
195,8,8.555269964553397e-12,2.1390517896153105e-06,2.139137342314956e-06,10.960400943258088,10.960404898111221,0.004081075764271535,0.0032253232224833932,10.960404898111221
195,9,5.209701292416755e-12,5.78799476113787e-06,5.7880468581507946e-06,8.62745659157676,8.627456771882857,0.0003944474190807856,0.0007464543170796222,8.627456771882857
195,10,1.11218756998068e-11,9.48422196455836e-07,9.485334152128341e-07,6.771719124745781,6.771714423606199,2.9703356237254366e-05,0.000295466174512164,6.771714423606199
195,11,3.48081708565771e-09,8.519422624584772e-06,8.554230795441348e-06,5.30579708366527,5.305720465511824,1.7446150219024265e-06,0.00047071520094652187,5.305720465511824
195,12,2.684711036275235,21.266354793776546,48.113465156528896,4.152722013629521,1.8355206687847385,7.997722775691346e-08,1.8355206687847385,1.8355206687847385
195,13,3.8100227340935215e-12,4.091377938798492e-06,4.0914160390258326e-06,3.248085443256918,3.248084888937057,2.8627773872263956e-09,0.00038239080704635686,3.248084888937057
195,14,3.1201140940265637e-12,4.58758896624388e-06,4.5876201673848205e-06,2.5394871616500927,2.5394848839244326,8.003407560458663e-11,0.00029654537357948294,2.5394848839244326
195,15,1.2449292628970138e-11,4.730605354163158e-06,4.730729847089447e-06,1.9849840395898264,1.984979377271919,1.7478205494447078e-12,0.00024879769281105254,1.984979377271919
195,16,7.1369283015804204e-12,1.5751102766939868e-05,1.5751174136222883e-05,1.5513231151193096,1.551326229434945,2.981914094434455e-14,0.00028841123880066677,1.551326229434945
195,17,1.4125802930891824e-11,2.3984704193278453e-06,2.398611677357154e-06,1.2122923680185365,1.2122903246743963,3.9746181287953722e-16,0.00011320911386571412,1.2122903246743963
195,18,7.161646975969749e-11,1.2985562930080244e-05,1.298627909477784e-05,0.9473008745475043,0.9472936357347885,4.139170173571913e-18,0.00022100351147546658,0.9472936357347885
195,19,4.3842468298098725e-13,2.831504448355394e-06,2.8315088326022237e-06,0.7402076249741987,0.7402072846787149,3.3678933901296725e-20,0.0003242587634206984,0.7402072846787149
195,20,2.7686636624033843e-11,1.306826500898103e-06,1.3071033672643433e-06,0.5783756532949839,0.5783755945871315,2.1410970507201e-22,0.00013131816071395276,0.5783755945871315
195,21,4.811482692490637e-11,5.382615575065863e-06,5.383096723335112e-06,0.45191931148196796,0.4519187947490306,1.0635329537896607e-24,0.0003826400247253546,0.4519187947490306
195,22,6.511303195267611e-12,8.332332038354096e-07,8.332983168673623e-07,0.35310864809819714,0.35310683277975025,4.127663051903605e-27,4.2952873416460045e-05,0.35310683277975025
195,23,1.0763726471438442e-11,1.4070019709473329e-06,1.4071096082120472e-06,0.2759013142767159,0.275898180179341,1.251692406084246e-29,0.00017713248956826186,0.275898180179341
195,24,3.9699460408050374e-10,6.28739557692335e-06,6.291365522964155e-06,0.2155747371562788,0.21557362275572017,2.9657313603032164e-32,0.00033279836581399664,0.21557362275572017
195,25,1.2505746488136256e-10,1.6205807986440839e-06,1.6218313732928975e-06,0.16843845295653787,0.16844040721867906,5.490443365551092e-35,0.0001788204587999506,0.16844040721867906
195,26,3.850290072825612e-12,1.7680043217088522e-06,1.7680428246095804e-06,0.13160854267326402,0.1316079908804966,7.941903613236137e-38,5.663895661018946e-05,0.1316079908804966
195,27,2.9123219886264146e-09,2.513118080525269e-05,2.5160304025138957e-05,0.10283162757376144,0.10275534058143145,8.976018373828387e-41,9.130877510490265e-05,0.10275534058143145
195,28,2.8495763041677554e-09,3.804558147926811e-06,3.833053910968489e-06,0.08034688874830666,0.08031817240288852,7.926559258514568e-44,3.1045676052197187e-05,0.08031817240288852
195,29,6.949251284513688e-10,6.702925851803462e-06,6.709875103087976e-06,0.06277857149424129,0.06276319766584817,5.46925069334566e-47,8.388279227981942e-05,0.06276319766584817
195,30,1.0877025397640268e-07,1.940195301149766e-05,2.0489655551261685e-05,0.049051646160226614,0.04902852374910665,2.9485797235512157e-50,0.0003376614999946113,0.04902852374910665
195,31,4.842042054819868e-06,9.039778385075216e-05,0.00013881820439895083,0.03832620997030077,0.037769018483747765,1.2420531508760914e-53,0.00031857787164132206,0.037769018483747765
195,32,1.815939895906271e-06,0.00013021338107769713,0.00014837278003675984,0.029945938776291883,0.028678769407889684,4.087985896736657e-57,0.00021151984053050622,0.028678769407889684
195,33,3.0826323039521795e-05,0.35253749587443595,0.3528457591048312,0.023398080102354356,0.03125,1.0512861958086046e-60,0.03125,0.03125
195,34,8.496441836329469e-07,0.00012237291009133746,0.00013086935192766692,0.018281936868808205,0.0171155302047587,2.1123912358439096e-64,8.512343353460273e-05,0.0171155302047587
195,35,8.372320099958856e-07,4.836019318303013e-05,5.6732513282988986e-05,0.014284483611205177,0.013023713327567753,3.3164254756163893e-68,0.00019437433764903076,0.013023713327567753
195,36,1.0364315252702013e-05,0.00011397517929975846,0.0002176183318267786,0.011161085612823161,0.006612777717537096,4.0682516954017187e-72,0.00045083965570950636,0.006612777717537096
195,37,2.8255780057497864e-07,3.890819321987974e-05,4.1733771225629524e-05,0.008720650268011516,0.007971070975081256,3.8993126034841783e-76,0.0001069343260829651,0.007971070975081256
195,38,6.659753840453429e-06,4.33505390682465e-05,0.00010994807747278079,0.006813819793385616,0.003166934987998331,2.920180978341585e-80,0.00011107678372069474,0.003166934987998331
195,39,7.930046383741424e-06,2.33181182619195e-05,0.00010261858209933374,0.005323940781647147,0.0013865786875003254,1.708733810208657e-84,5.61080164369149e-05,0.0013865786875003254
195,40,2.941589140484995e-06,1.94459356489133e-05,4.886182705376325e-05,0.004159822610457624,0.0017546359213394,7.812323379225454e-89,8.520735907132504e-05,0.0017546359213394
195,41,2.9552909843366065e-06,1.1242323917013346e-05,4.079523376037941e-05,0.0032502562437170136,0.0008315193404997044,2.7908040074387504e-93,9.233841414120535e-05,0.0008315193404997044
195,42,1.415886303239038e-06,7.690069362608428e-06,2.1848932394998807e-05,0.00253956262595096,0.00088078399014552,7.789671286284821e-98,6.035807990185295e-05,0.00088078399014552
195,43,5.306246432866422e-07,1.053620478475859e-05,1.5842451217625013e-05,0.001984275856401733,0.0014368854698894986,1.6988414622652328e-102,7.576318948722654e-05,0.0014368854698894986
195,44,7.383734545952604e-07,2.8495865818972177e-06,1.0233321127849821e-05,0.0015503971627889978,0.0003574970467697253,2.8948528976691676e-107,5.3840292022797375e-05,0.0003574970467697253
195,45,5.503119837917187e-07,5.379850838537877e-06,1.0882970676455064e-05,0.0012113972708590846,0.0002649245601685875,3.8542953297105736e-112,0.00012556768100959855,0.0002649245601685875
195,46,3.8181265531687063e-07,8.281626910452211e-06,1.2099753463620918e-05,0.000946513654275706,0.0008013264889749915,4.009611324817239e-117,0.00010694470522085429,0.0008013264889749915
195,47,5.629930181717685e-08,2.7836517050666435e-06,3.346644723238412e-06,0.000739556369191624,0.0005514549190483122,3.2591608933291177e-122,7.213289786898838e-05,0.0005514549190483122
195,48,1.2259925366949914e-08,6.4159582324049615e-06,6.538557486074461e-06,0.0005778440128660356,0.0005173028213182211,2.069885846672485e-127,7.111579763358086e-05,0.0005173028213182211
195,49,1.298537096731972e-07,9.021015342382979e-06,1.031955243911495e-05,0.00045149838486827076,0.0008590293691759489,1.0271535420220983e-132,8.205702584816747e-05,0.0008590293691759489
200,0,1.1194885583285282e-19,8.473186433063508e-29,1.11948855841326e-18,40.212385860203675,40.212385860210254,40.212385860203675,40.2123858602102,40.212385860210254
200,1,7.39184805304284e-12,7.909740851687936e-06,7.909814770168466e-06,39.01860822557467,39.01861083726823,34.4899718687309,34.48757421578493,39.01861083726823
200,2,7.219373818148814e-05,2.1482692687757448,2.1489912061575596,35.76810951683773,35.75609338283539,21.836360227520203,2.5928127525645734e-06,35.75609338283539
200,3,5.582801326270666e-12,3.877765813914485e-06,3.877821641927747e-06,31.252265253826952,31.252261938969617,10.29606070808591,10.296551654140307,31.252261938969617
200,4,0.08157192189244192,52.32763966138627,53.14335888031069,26.31894796557784,25.915037277786364,3.655994885024816,25.91299253767364,25.915037277786364
200,5,0.08412770415033875,22.221448892131804,23.062725933635193,21.589810521465168,22.0,0.9880421629742486,2.0,22.0
200,6,1.3646822438328904e-11,5.615642862109016e-07,5.617007544352849e-07,17.39884817795113,17.39884299437134,0.20496460503222355,0.20504928731847857,17.39884299437134
200,7,1.9095408685779736e-08,0.002283900553739248,0.002284091507826106,13.86022498980606,13.860062632572966,0.03283995157388999,0.05719411419863988,13.860062632572966
200,8,2.090511551323077e-11,2.1214838831577184e-06,2.1216929343128507e-06,10.960400943258088,10.960407406632388,0.004081075764271535,0.0033124765107632433,10.960407406632388
200,9,5.209701292416755e-12,5.78799476113787e-06,5.7880468581507946e-06,8.62745659157676,8.627456771882857,0.0003944474190807856,0.0007464543170796222,8.627456771882857
200,10,3.3535552536801476e-14,9.30795483942346e-07,9.307958192978714e-07,6.771719124745781,6.7717188686089145,2.9703356237254366e-05,0.00027771253973247486,6.7717188686089145
200,11,6.07724791765392e-11,8.217080791461374e-06,8.217688516253139e-06,5.30579708366527,5.305803072158606,1.7446150219024265e-06,0.0003604074431146246,5.305803072158606
200,12,2.684711036275235,21.266354793776546,48.113465156528896,4.152722013629521,1.8355206687847385,7.997722775691346e-08,1.8355206687847385,1.8355206687847385
200,13,3.8100227340935215e-12,4.091377938798492e-06,4.0914160390258326e-06,3.248085443256918,3.248084888937057,2.8627773872263956e-09,0.00038239080704635686,3.248084888937057
200,14,3.1201140940265637e-12,4.58758896624388e-06,4.5876201673848205e-06,2.5394871616500927,2.5394848839244326,8.003407560458663e-11,0.00029654537357948294,2.5394848839244326
200,15,1.2449292628970138e-11,4.730605354163158e-06,4.730729847089447e-06,1.9849840395898264,1.984979377271919,1.7478205494447078e-12,0.00024879769281105254,1.984979377271919
200,16,7.1369283015804204e-12,1.5751102766939868e-05,1.5751174136222883e-05,1.5513231151193096,1.551326229434945,2.981914094434455e-14,0.00028841123880066677,1.551326229434945
200,17,1.4125802930891824e-11,2.3984704193278453e-06,2.398611677357154e-06,1.2122923680185365,1.2122903246743963,3.9746181287953722e-16,0.00011320911386571412,1.2122903246743963
200,18,7.161646975969749e-11,1.2985562930080244e-05,1.298627909477784e-05,0.9473008745475043,0.9472936357347885,4.139170173571913e-18,0.00022100351147546658,0.9472936357347885
200,19,4.3842468298098725e-13,2.831504448355394e-06,2.8315088326022237e-06,0.7402076249741987,0.7402072846787149,3.3678933901296725e-20,0.0003242587634206984,0.7402072846787149
200,20,2.7686636624033843e-11,1.306826500898103e-06,1.3071033672643433e-06,0.5783756532949839,0.5783755945871315,2.1410970507201e-22,0.00013131816071395276,0.5783755945871315
200,21,4.811482692490637e-11,5.382615575065863e-06,5.383096723335112e-06,0.45191931148196796,0.4519187947490306,1.0635329537896607e-24,0.0003826400247253546,0.4519187947490306
200,22,6.511303195267611e-12,8.332332038354096e-07,8.332983168673623e-07,0.35310864809819714,0.35310683277975025,4.127663051903605e-27,4.2952873416460045e-05,0.35310683277975025
200,23,1.0763726471438442e-11,1.4070019709473329e-06,1.4071096082120472e-06,0.2759013142767159,0.275898180179341,1.251692406084246e-29,0.00017713248956826186,0.275898180179341
200,24,4.172222446294673e-10,6.267763014169933e-06,6.271935236616228e-06,0.2155747371562788,0.2155735968377539,2.9657313603032164e-32,0.00033276966558827635,0.2155735968377539
200,25,1.2505746488136256e-10,1.6205807986440839e-06,1.6218313732928975e-06,0.16843845295653787,0.16844040721867906,5.490443365551092e-35,0.0001788204587999506,0.16844040721867906
200,26,3.850290072825612e-12,1.7680043217088522e-06,1.7680428246095804e-06,0.13160854267326402,0.1316079908804966,7.941903613236137e-38,5.663895661018946e-05,0.1316079908804966
200,27,5.540193248282073e-10,2.0058446974250635e-05,2.0063987167498916e-05,0.10283162757376144,0.10286125829878595,8.976018373828387e-41,7.263988133730078e-05,0.10286125829878595
200,28,2.8495763041677554e-09,3.804558147926811e-06,3.833053910968489e-06,0.08034688874830666,0.08031817240288852,7.926559258514568e-44,3.1045676052197187e-05,0.08031817240288852
200,29,2.731691515784302e-10,6.536444000285296e-06,6.539175691801081e-06,0.06277857149424129,0.06279099252173996,5.46925069334566e-47,9.47855284956317e-05,0.06279099252173996
200,30,8.209711866444977e-08,1.9208246829304252e-05,2.002921801594875e-05,0.049051646160226614,0.049021061286434256,2.9485797235512157e-50,0.00031711741813211406,0.049021061286434256
200,31,2.4823178776651825e-06,9.472425113144421e-05,0.00011954742990809603,0.03832620997030077,0.037212033673710856,1.2420531508760914e-53,7.946957766970171e-05,0.037212033673710856
200,32,1.7693478641338703e-06,0.00012518896637211052,0.0001428824450134492,0.029945938776291883,0.02908450537740538,4.087985896736657e-57,0.00024731748228617583,0.02908450537740538
200,33,3.0826323039521795e-05,0.35253749587443595,0.3528457591048312,0.023398080102354356,0.03125,1.0512861958086046e-60,0.03125,0.03125
200,34,1.2827597168859569e-06,0.00010483916105971228,0.00011766675822857186,0.018281936868808205,0.01670334947119302,2.1123912358439096e-64,0.0002782339966592439,0.01670334947119302
200,35,2.417990527940559e-07,3.08010555741114e-05,3.321904610205196e-05,0.014284483611205177,0.013593583528469564,3.3164254756163893e-68,3.251482453228485e-05,0.013593583528469564
200,36,4.8650722894295405e-06,0.00015009533866715396,0.00019874606156144938,0.011161085612823161,0.008044634710673865,4.0682516954017187e-72,0.000524959999446065,0.008044634710673865
200,37,2.9339780897732653e-07,2.6741737826700815e-05,2.9675715916474083e-05,0.008720650268011516,0.007959357879265518,3.8993126034841783e-76,8.56151949538327e-05,0.007959357879265518
200,38,6.659753840453429e-06,4.33505390682465e-05,0.00010994807747278079,0.006813819793385616,0.003166934987998331,2.920180978341585e-80,0.00011107678372069474,0.003166934987998331
200,39,7.930046383741424e-06,2.33181182619195e-05,0.00010261858209933374,0.005323940781647147,0.0013865786875003254,1.708733810208657e-84,5.61080164369149e-05,0.0013865786875003254
200,40,2.941589140484995e-06,1.94459356489133e-05,4.886182705376325e-05,0.004159822610457624,0.0017546359213394,7.812323379225454e-89,8.520735907132504e-05,0.0017546359213394
200,41,2.9552909843366065e-06,1.1242323917013346e-05,4.079523376037941e-05,0.0032502562437170136,0.0008315193404997044,2.7908040074387504e-93,9.233841414120535e-05,0.0008315193404997044
200,42,1.415886303239038e-06,7.690069362608428e-06,2.1848932394998807e-05,0.00253956262595096,0.00088078399014552,7.789671286284821e-98,6.035807990185295e-05,0.00088078399014552
200,43,5.306246432866422e-07,1.053620478475859e-05,1.5842451217625013e-05,0.001984275856401733,0.0014368854698894986,1.6988414622652328e-102,7.576318948722654e-05,0.0014368854698894986
200,44,7.383734545952604e-07,2.8495865818972177e-06,1.0233321127849821e-05,0.0015503971627889978,0.0003574970467697253,2.8948528976691676e-107,5.3840292022797375e-05,0.0003574970467697253
200,45,5.503119837917187e-07,5.379850838537877e-06,1.0882970676455064e-05,0.0012113972708590846,0.0002649245601685875,3.8542953297105736e-112,0.00012556768100959855,0.0002649245601685875
200,46,3.8181265531687063e-07,8.281626910452211e-06,1.2099753463620918e-05,0.000946513654275706,0.0008013264889749915,4.009611324817239e-117,0.00010694470522085429,0.0008013264889749915
200,47,5.629930181717685e-08,2.7836517050666435e-06,3.346644723238412e-06,0.000739556369191624,0.0005514549190483122,3.2591608933291177e-122,7.213289786898838e-05,0.0005514549190483122
200,48,1.2259925366949914e-08,6.4159582324049615e-06,6.538557486074461e-06,0.0005778440128660356,0.0005173028213182211,2.069885846672485e-127,7.111579763358086e-05,0.0005173028213182211
200,49,1.298537096731972e-07,9.021015342382979e-06,1.031955243911495e-05,0.00045149838486827076,0.0008590293691759489,1.0271535420220983e-132,8.205702584816747e-05,0.0008590293691759489
