mode,step,loss,initial_loss,residual_loss,relative_complex_error_over_time,pred_t0_abs,ref_t0_abs,pred_tfinal_abs,ref_tfinal_abs
2,1,372.76565061970433,372.44902109249483,0.31662952720950804,0.7116854613236221,8.485951980739388,35.76810951683773,8.334025556298357,21.836360227520203
2,2,85.59858820656868,74.57563767961958,11.022950526949105,0.7043221965083889,47.980447092932465,35.76810951683773,47.797717127509586,21.836360227520203
2,3,32.068243829112994,20.07815137544501,11.990092453667982,0.29971535524801995,29.46919856655405,35.76810951683773,36.13264764032395,21.836360227520203
2,4,7.839737830459693,0.10795306122509161,7.731784769234602,0.3476596104983652,36.19319004917122,35.76810951683773,37.49226548549783,21.836360227520203
2,5,6.363957060479107,0.028843220879103015,6.335113839600004,0.297223799201714,35.52972727021591,35.76810951683773,35.72750600795272,21.836360227520203
2,6,3.7228791889898196,0.1107804201729823,3.6120987688168373,0.19480730580638614,35.29768840431008,35.76810951683773,31.8070957667858,21.836360227520203
2,7,2251.916930876246,27.946491960235953,2223.97043891601,0.6450862666877998,41.74702815446444,35.76810951683773,23.43363641004958,21.836360227520203
2,8,3328952064679.8496,3321648049445.8853,7304015233.964568,43188.67923657666,2577423.547690758,35.76810951683773,193262.857510656,21.836360227520203
2,9,41069628754414.695,40673429433593.08,396199320821.6174,316166.81415183295,9019285.112327598,35.76810951683773,9019285.112327598,21.836360227520203
2,10,34960268241601.406,33485996924290.535,1474271317310.873,605987.3499658385,8183677.504484342,35.76810951683773,19367728.293610953,21.836360227520203
2,11,572201390623.3622,2382089482.1294837,569819301141.2327,378566.1652001872,68987.26486848148,35.76810951683773,12616468.854847964,21.836360227520203
2,12,14278356529.85451,14152949128.036097,125407401.8184129,5622.645915008015,168218.6832739662,35.76810951683773,151615.53641953415,21.836360227520203
2,13,37419884079.55304,1123114525.8641624,36296769553.68887,95528.1314732485,47418.713954471634,35.76810951683773,3100870.6212544693,21.836360227520203
2,14,44869989975.26392,42746884034.27553,2123105940.9883986,22946.300100482833,292428.56050449633,35.76810951683773,695483.4998534439,21.836360227520203
2,15,12668431978734.355,5616107336880.824,7052324641853.53,1322916.8649363932,3351480.062986082,35.76810951683773,44042635.31979255,21.836360227520203
2,16,1987706848826.3582,1755312240691.9187,232394608134.43945,241789.50333601583,1873664.7087702206,35.76810951683773,7978275.290749515,21.836360227520203
2,17,204554124250.63025,1515738269.0884438,203038385981.5418,224454.68723439155,55094.61325506301,35.76810951683773,7480354.163720154,21.836360227520203
2,18,180546095938.50082,4907228397.489795,175638867541.01102,209465.5672662437,99035.68337964053,35.76810951683773,6980625.683533152,21.836360227520203
2,19,87101030026.20378,37485966199.976974,49615063826.22681,111708.7762958331,273775.8571978779,35.76810951683773,3719242.972639925,21.836360227520203
2,20,3716402457.795978,3182908507.461522,533493950.3344558,11510.613147515847,79751.9264580637,35.76810951683773,380594.5441634221,21.836360227520203
2,21,275387018.0207852,219613.53391589888,275167404.48686934,8262.946733800502,673.9205032573814,35.76810951683773,275381.7558098921,21.836360227520203
2,22,142787880.60373566,211697.92853558643,142576182.67520007,5948.013325725567,685.098634844067,35.76810951683773,198225.5902145455,21.836360227520203
2,23,657456.7914795324,640263.6198263866,17193.171653145782,65.94907929920095,1142.4195582390478,35.76810951683773,2071.6331714687863,21.836360227520203
2,24,93.51716690006012,0.23213373226348577,93.28503316779663,5.552664236441896,36.232519338997996,35.76810951683773,158.93304934989496,21.836360227520203
2,25,1.5851435699735597,0.0038844872997562826,1.5812590826738033,0.793875647100655,35.680522857446235,35.76810951683773,0.17619107102582385,21.836360227520203
2,26,1.58498161305579,0.003927504796187493,1.5810541082596026,0.7945151843183488,35.6794810248539,35.76810951683773,6.863392238866766e-06,21.836360227520203
2,27,1.58498161305579,0.003927504796187493,1.5810541082596026,0.7945151843183488,35.6794810248539,35.76810951683773,6.863392238866766e-06,21.836360227520203
2,28,1.58498161305579,0.003927504796187493,1.5810541082596026,0.7945151843183488,35.6794810248539,35.76810951683773,6.863392238866766e-06,21.836360227520203
2,29,1.58498161305579,0.003927504796187493,1.5810541082596026,0.7945151843183488,35.6794810248539,35.76810951683773,6.863392238866766e-06,21.836360227520203
2,30,1.58498161305579,0.003927504796187493,1.5810541082596026,0.7945151843183488,35.6794810248539,35.76810951683773,6.863392238866766e-06,21.836360227520203
2,31,1.58498161305579,0.003927504796187493,1.5810541082596026,0.7945151843183488,35.6794810248539,35.76810951683773,6.863392238866766e-06,21.836360227520203
2,32,1.58498161305579,0.003927504796187493,1.5810541082596026,0.7945151843183488,35.6794810248539,35.76810951683773,6.863392238866766e-06,21.836360227520203
2,33,1.58498161305579,0.003927504796187493,1.5810541082596026,0.7945151843183488,35.6794810248539,35.76810951683773,6.863392238866766e-06,21.836360227520203
2,34,1.58498161305579,0.003927504796187493,1.5810541082596026,0.7945151843183488,35.6794810248539,35.76810951683773,6.863392238866766e-06,21.836360227520203
2,35,1.58498161305579,0.003927504796187493,1.5810541082596026,0.7945151843183488,35.6794810248539,35.76810951683773,6.863392238866766e-06,21.836360227520203
2,36,1.58498161305579,0.003927504796187493,1.5810541082596026,0.7945151843183488,35.6794810248539,35.76810951683773,6.863392238866766e-06,21.836360227520203
2,37,1.58498161305579,0.003927504796187493,1.5810541082596026,0.7945151843183488,35.6794810248539,35.76810951683773,6.863392238866766e-06,21.836360227520203
2,38,1.58498161305579,0.003927504796187493,1.5810541082596026,0.7945151843183488,35.6794810248539,35.76810951683773,6.863392238866766e-06,21.836360227520203
2,39,1.58498161305579,0.003927504796187493,1.5810541082596026,0.7945151843183488,35.6794810248539,35.76810951683773,6.863392238866766e-06,21.836360227520203
2,40,1.58498161305579,0.003927504796187493,1.5810541082596026,0.7945151843183488,35.6794810248539,35.76810951683773,6.863392238866766e-06,21.836360227520203
2,41,1.58498161305579,0.003927504796187493,1.5810541082596026,0.7945151843183488,35.6794810248539,35.76810951683773,6.863392238866766e-06,21.836360227520203
2,42,1.58498161305579,0.003927504796187493,1.5810541082596026,0.7945151843183488,35.6794810248539,35.76810951683773,6.863392238866766e-06,21.836360227520203
2,43,1.58498161305579,0.003927504796187493,1.5810541082596026,0.7945151843183488,35.6794810248539,35.76810951683773,6.863392238866766e-06,21.836360227520203
2,44,1.58498161305579,0.003927504796187493,1.5810541082596026,0.7945151843183488,35.6794810248539,35.76810951683773,6.863392238866766e-06,21.836360227520203
2,45,1.58498161305579,0.003927504796187493,1.5810541082596026,0.7945151843183488,35.6794810248539,35.76810951683773,6.863392238866766e-06,21.836360227520203
2,46,1.58498161305579,0.003927504796187493,1.5810541082596026,0.7945151843183488,35.6794810248539,35.76810951683773,6.863392238866766e-06,21.836360227520203
2,47,1.58498161305579,0.003927504796187493,1.5810541082596026,0.7945151843183488,35.6794810248539,35.76810951683773,6.863392238866766e-06,21.836360227520203
2,48,1.58498161305579,0.003927504796187493,1.5810541082596026,0.7945151843183488,35.6794810248539,35.76810951683773,6.863392238866766e-06,21.836360227520203
2,49,1.58498161305579,0.003927504796187493,1.5810541082596026,0.7945151843183488,35.6794810248539,35.76810951683773,6.863392238866766e-06,21.836360227520203
2,50,1.58498161305579,0.003927504796187493,1.5810541082596026,0.7945151843183488,35.6794810248539,35.76810951683773,6.863392238866766e-06,21.836360227520203
2,51,1.58498161305579,0.003927504796187493,1.5810541082596026,0.7945151843183488,35.6794810248539,35.76810951683773,6.863392238866766e-06,21.836360227520203
2,52,1.58498161305579,0.003927504796187493,1.5810541082596026,0.7945151843183488,35.6794810248539,35.76810951683773,6.863392238866766e-06,21.836360227520203
2,53,1.58498161305579,0.003927504796187493,1.5810541082596026,0.7945151843183488,35.6794810248539,35.76810951683773,6.863392238866766e-06,21.836360227520203
2,54,1.58498161305579,0.003927504796187493,1.5810541082596026,0.7945151843183488,35.6794810248539,35.76810951683773,6.863392238866766e-06,21.836360227520203
2,55,1.58498161305579,0.003927504796187493,1.5810541082596026,0.7945151843183488,35.6794810248539,35.76810951683773,6.863392238866766e-06,21.836360227520203
2,56,1.58498161305579,0.003927504796187493,1.5810541082596026,0.7945151843183488,35.6794810248539,35.76810951683773,6.863392238866766e-06,21.836360227520203
2,57,1.58498161305579,0.003927504796187493,1.5810541082596026,0.7945151843183488,35.6794810248539,35.76810951683773,6.863392238866766e-06,21.836360227520203
2,58,1.58498161305579,0.003927504796187493,1.5810541082596026,0.7945151843183488,35.6794810248539,35.76810951683773,6.863392238866766e-06,21.836360227520203
2,59,1.58498161305579,0.003927504796187493,1.5810541082596026,0.7945151843183488,35.6794810248539,35.76810951683773,6.863392238866766e-06,21.836360227520203
2,60,1.58498161305579,0.003927504796187493,1.5810541082596026,0.7945151843183488,35.6794810248539,35.76810951683773,6.863392238866766e-06,21.836360227520203
2,61,1.58498161305579,0.003927504796187493,1.5810541082596026,0.7945151843183488,35.6794810248539,35.76810951683773,6.863392238866766e-06,21.836360227520203
2,62,1.58498161305579,0.003927504796187493,1.5810541082596026,0.7945151843183488,35.6794810248539,35.76810951683773,6.863392238866766e-06,21.836360227520203
2,63,1.58498161305579,0.003927504796187493,1.5810541082596026,0.7945151843183488,35.6794810248539,35.76810951683773,6.863392238866766e-06,21.836360227520203
2,64,1.58498161305579,0.003927504796187493,1.5810541082596026,0.7945151843183488,35.6794810248539,35.76810951683773,6.863392238866766e-06,21.836360227520203
2,65,1.58498161305579,0.003927504796187493,1.5810541082596026,0.7945151843183488,35.6794810248539,35.76810951683773,6.863392238866766e-06,21.836360227520203
2,66,1.58498161305579,0.003927504796187493,1.5810541082596026,0.7945151843183488,35.6794810248539,35.76810951683773,6.863392238866766e-06,21.836360227520203
2,67,1.58498161305579,0.003927504796187493,1.5810541082596026,0.7945151843183488,35.6794810248539,35.76810951683773,6.863392238866766e-06,21.836360227520203
2,68,1.58498161305579,0.003927504796187493,1.5810541082596026,0.7945151843183488,35.6794810248539,35.76810951683773,6.863392238866766e-06,21.836360227520203
2,69,1.58498161305579,0.003927504796187493,1.5810541082596026,0.7945151843183488,35.6794810248539,35.76810951683773,6.863392238866766e-06,21.836360227520203
2,70,1.58498161305579,0.003927504796187493,1.5810541082596026,0.7945151843183488,35.6794810248539,35.76810951683773,6.863392238866766e-06,21.836360227520203
2,71,1.58498161305579,0.003927504796187493,1.5810541082596026,0.7945151843183488,35.6794810248539,35.76810951683773,6.863392238866766e-06,21.836360227520203
2,72,1.58498161305579,0.003927504796187493,1.5810541082596026,0.7945151843183488,35.6794810248539,35.76810951683773,6.863392238866766e-06,21.836360227520203
2,73,1.58498161305579,0.003927504796187493,1.5810541082596026,0.7945151843183488,35.6794810248539,35.76810951683773,6.863392238866766e-06,21.836360227520203
2,74,1.58498161305579,0.003927504796187493,1.5810541082596026,0.7945151843183488,35.6794810248539,35.76810951683773,6.863392238866766e-06,21.836360227520203
2,75,1.58498161305579,0.003927504796187493,1.5810541082596026,0.7945151843183488,35.6794810248539,35.76810951683773,6.863392238866766e-06,21.836360227520203
2,76,1.58498161305579,0.003927504796187493,1.5810541082596026,0.7945151843183488,35.6794810248539,35.76810951683773,6.863392238866766e-06,21.836360227520203
2,77,1.58498161305579,0.003927504796187493,1.5810541082596026,0.7945151843183488,35.6794810248539,35.76810951683773,6.863392238866766e-06,21.836360227520203
2,78,1.58498161305579,0.003927504796187493,1.5810541082596026,0.7945151843183488,35.6794810248539,35.76810951683773,6.863392238866766e-06,21.836360227520203
2,79,1.58498161305579,0.003927504796187493,1.5810541082596026,0.7945151843183488,35.6794810248539,35.76810951683773,6.863392238866766e-06,21.836360227520203
2,80,1.58498161305579,0.003927504796187493,1.5810541082596026,0.7945151843183488,35.6794810248539,35.76810951683773,6.863392238866766e-06,21.836360227520203
2,81,1.58498161305579,0.003927504796187493,1.5810541082596026,0.7945151843183488,35.6794810248539,35.76810951683773,6.863392238866766e-06,21.836360227520203
2,82,1.58498161305579,0.003927504796187493,1.5810541082596026,0.7945151843183488,35.6794810248539,35.76810951683773,6.863392238866766e-06,21.836360227520203
2,83,1.58498161305579,0.003927504796187493,1.5810541082596026,0.7945151843183488,35.6794810248539,35.76810951683773,6.863392238866766e-06,21.836360227520203
2,84,1.58498161305579,0.003927504796187493,1.5810541082596026,0.7945151843183488,35.6794810248539,35.76810951683773,6.863392238866766e-06,21.836360227520203
2,85,1.58498161305579,0.003927504796187493,1.5810541082596026,0.7945151843183488,35.6794810248539,35.76810951683773,6.863392238866766e-06,21.836360227520203
2,86,1.58498161305579,0.003927504796187493,1.5810541082596026,0.7945151843183488,35.6794810248539,35.76810951683773,6.863392238866766e-06,21.836360227520203
2,87,1.58498161305579,0.003927504796187493,1.5810541082596026,0.7945151843183488,35.6794810248539,35.76810951683773,6.863392238866766e-06,21.836360227520203
2,88,1.58498161305579,0.003927504796187493,1.5810541082596026,0.7945151843183488,35.6794810248539,35.76810951683773,6.863392238866766e-06,21.836360227520203
2,89,1.58498161305579,0.003927504796187493,1.5810541082596026,0.7945151843183488,35.6794810248539,35.76810951683773,6.863392238866766e-06,21.836360227520203
2,90,1.58498161305579,0.003927504796187493,1.5810541082596026,0.7945151843183488,35.6794810248539,35.76810951683773,6.863392238866766e-06,21.836360227520203
2,91,1.58498161305579,0.003927504796187493,1.5810541082596026,0.7945151843183488,35.6794810248539,35.76810951683773,6.863392238866766e-06,21.836360227520203
2,92,1.58498161305579,0.003927504796187493,1.5810541082596026,0.7945151843183488,35.6794810248539,35.76810951683773,6.863392238866766e-06,21.836360227520203
2,93,1.58498161305579,0.003927504796187493,1.5810541082596026,0.7945151843183488,35.6794810248539,35.76810951683773,6.863392238866766e-06,21.836360227520203
2,94,1.58498161305579,0.003927504796187493,1.5810541082596026,0.7945151843183488,35.6794810248539,35.76810951683773,6.863392238866766e-06,21.836360227520203
2,95,1.58498161305579,0.003927504796187493,1.5810541082596026,0.7945151843183488,35.6794810248539,35.76810951683773,6.863392238866766e-06,21.836360227520203
2,96,1.58498161305579,0.003927504796187493,1.5810541082596026,0.7945151843183488,35.6794810248539,35.76810951683773,6.863392238866766e-06,21.836360227520203
2,97,1.58498161305579,0.003927504796187493,1.5810541082596026,0.7945151843183488,35.6794810248539,35.76810951683773,6.863392238866766e-06,21.836360227520203
2,98,1.58498161305579,0.003927504796187493,1.5810541082596026,0.7945151843183488,35.6794810248539,35.76810951683773,6.863392238866766e-06,21.836360227520203
2,99,1.58498161305579,0.003927504796187493,1.5810541082596026,0.7945151843183488,35.6794810248539,35.76810951683773,6.863392238866766e-06,21.836360227520203
2,100,1.58498161305579,0.003927504796187493,1.5810541082596026,0.7945151843183488,35.6794810248539,35.76810951683773,6.863392238866766e-06,21.836360227520203
2,101,1.58498161305579,0.003927504796187493,1.5810541082596026,0.7945151843183488,35.6794810248539,35.76810951683773,6.863392238866766e-06,21.836360227520203
2,102,1.58498161305579,0.003927504796187493,1.5810541082596026,0.7945151843183488,35.6794810248539,35.76810951683773,6.863392238866766e-06,21.836360227520203
2,103,1.58498161305579,0.003927504796187493,1.5810541082596026,0.7945151843183488,35.6794810248539,35.76810951683773,6.863392238866766e-06,21.836360227520203
2,104,1.58498161305579,0.003927504796187493,1.5810541082596026,0.7945151843183488,35.6794810248539,35.76810951683773,6.863392238866766e-06,21.836360227520203
2,105,1.58498161305579,0.003927504796187493,1.5810541082596026,0.7945151843183488,35.6794810248539,35.76810951683773,6.863392238866766e-06,21.836360227520203
2,106,1.58498161305579,0.003927504796187493,1.5810541082596026,0.7945151843183488,35.6794810248539,35.76810951683773,6.863392238866766e-06,21.836360227520203
2,107,1.58498161305579,0.003927504796187493,1.5810541082596026,0.7945151843183488,35.6794810248539,35.76810951683773,6.863392238866766e-06,21.836360227520203
2,108,1.58498161305579,0.003927504796187493,1.5810541082596026,0.7945151843183488,35.6794810248539,35.76810951683773,6.863392238866766e-06,21.836360227520203
2,109,1.58498161305579,0.003927504796187493,1.5810541082596026,0.7945151843183488,35.6794810248539,35.76810951683773,6.863392238866766e-06,21.836360227520203
2,110,1.58498161305579,0.003927504796187493,1.5810541082596026,0.7945151843183488,35.6794810248539,35.76810951683773,6.863392238866766e-06,21.836360227520203
2,111,1.58498161305579,0.003927504796187493,1.5810541082596026,0.7945151843183488,35.6794810248539,35.76810951683773,6.863392238866766e-06,21.836360227520203
2,112,1.58498161305579,0.003927504796187493,1.5810541082596026,0.7945151843183488,35.6794810248539,35.76810951683773,6.863392238866766e-06,21.836360227520203
2,113,1.58498161305579,0.003927504796187493,1.5810541082596026,0.7945151843183488,35.6794810248539,35.76810951683773,6.863392238866766e-06,21.836360227520203
2,114,1.58498161305579,0.003927504796187493,1.5810541082596026,0.7945151843183488,35.6794810248539,35.76810951683773,6.863392238866766e-06,21.836360227520203
2,115,1.58498161305579,0.003927504796187493,1.5810541082596026,0.7945151843183488,35.6794810248539,35.76810951683773,6.863392238866766e-06,21.836360227520203
2,116,1.58498161305579,0.003927504796187493,1.5810541082596026,0.7945151843183488,35.6794810248539,35.76810951683773,6.863392238866766e-06,21.836360227520203
2,117,1.58498161305579,0.003927504796187493,1.5810541082596026,0.7945151843183488,35.6794810248539,35.76810951683773,6.863392238866766e-06,21.836360227520203
2,118,1.58498161305579,0.003927504796187493,1.5810541082596026,0.7945151843183488,35.6794810248539,35.76810951683773,6.863392238866766e-06,21.836360227520203
2,119,1.58498161305579,0.003927504796187493,1.5810541082596026,0.7945151843183488,35.6794810248539,35.76810951683773,6.863392238866766e-06,21.836360227520203
2,120,1.58498161305579,0.003927504796187493,1.5810541082596026,0.7945151843183488,35.6794810248539,35.76810951683773,6.863392238866766e-06,21.836360227520203
2,121,1.58498161305579,0.003927504796187493,1.5810541082596026,0.7945151843183488,35.6794810248539,35.76810951683773,6.863392238866766e-06,21.836360227520203
2,122,1.58498161305579,0.003927504796187493,1.5810541082596026,0.7945151843183488,35.6794810248539,35.76810951683773,6.863392238866766e-06,21.836360227520203
2,123,1.58498161305579,0.003927504796187493,1.5810541082596026,0.7945151843183488,35.6794810248539,35.76810951683773,6.863392238866766e-06,21.836360227520203
2,124,1.58498161305579,0.003927504796187493,1.5810541082596026,0.7945151843183488,35.6794810248539,35.76810951683773,6.863392238866766e-06,21.836360227520203
2,125,1.58498161305579,0.003927504796187493,1.5810541082596026,0.7945151843183488,35.6794810248539,35.76810951683773,6.863392238866766e-06,21.836360227520203
2,126,1.58498161305579,0.003927504796187493,1.5810541082596026,0.7945151843183488,35.6794810248539,35.76810951683773,6.863392238866766e-06,21.836360227520203
2,127,1.58498161305579,0.003927504796187493,1.5810541082596026,0.7945151843183488,35.6794810248539,35.76810951683773,6.863392238866766e-06,21.836360227520203
2,128,1.58498161305579,0.003927504796187493,1.5810541082596026,0.7945151843183488,35.6794810248539,35.76810951683773,6.863392238866766e-06,21.836360227520203
2,129,1.58498161305579,0.003927504796187493,1.5810541082596026,0.7945151843183488,35.6794810248539,35.76810951683773,6.863392238866766e-06,21.836360227520203
2,130,1.58498161305579,0.003927504796187493,1.5810541082596026,0.7945151843183488,35.6794810248539,35.76810951683773,6.863392238866766e-06,21.836360227520203
2,131,1.58498161305579,0.003927504796187493,1.5810541082596026,0.7945151843183488,35.6794810248539,35.76810951683773,6.863392238866766e-06,21.836360227520203
2,132,1.58498161305579,0.003927504796187493,1.5810541082596026,0.7945151843183488,35.6794810248539,35.76810951683773,6.863392238866766e-06,21.836360227520203
2,133,1.58498161305579,0.003927504796187493,1.5810541082596026,0.7945151843183488,35.6794810248539,35.76810951683773,6.863392238866766e-06,21.836360227520203
2,134,1.58498161305579,0.003927504796187493,1.5810541082596026,0.7945151843183488,35.6794810248539,35.76810951683773,6.863392238866766e-06,21.836360227520203
2,135,1.58498161305579,0.003927504796187493,1.5810541082596026,0.7945151843183488,35.6794810248539,35.76810951683773,6.863392238866766e-06,21.836360227520203
2,136,1.58498161305579,0.003927504796187493,1.5810541082596026,0.7945151843183488,35.6794810248539,35.76810951683773,6.863392238866766e-06,21.836360227520203
2,137,1.58498161305579,0.003927504796187493,1.5810541082596026,0.7945151843183488,35.6794810248539,35.76810951683773,6.863392238866766e-06,21.836360227520203
2,138,1.58498161305579,0.003927504796187493,1.5810541082596026,0.7945151843183488,35.6794810248539,35.76810951683773,6.863392238866766e-06,21.836360227520203
2,139,1.58498161305579,0.003927504796187493,1.5810541082596026,0.7945151843183488,35.6794810248539,35.76810951683773,6.863392238866766e-06,21.836360227520203
2,140,1.58498161305579,0.003927504796187493,1.5810541082596026,0.7945151843183488,35.6794810248539,35.76810951683773,6.863392238866766e-06,21.836360227520203
2,141,1.58498161305579,0.003927504796187493,1.5810541082596026,0.7945151843183488,35.6794810248539,35.76810951683773,6.863392238866766e-06,21.836360227520203
2,142,1.58498161305579,0.003927504796187493,1.5810541082596026,0.7945151843183488,35.6794810248539,35.76810951683773,6.863392238866766e-06,21.836360227520203
2,143,1.58498161305579,0.003927504796187493,1.5810541082596026,0.7945151843183488,35.6794810248539,35.76810951683773,6.863392238866766e-06,21.836360227520203
2,144,1.58498161305579,0.003927504796187493,1.5810541082596026,0.7945151843183488,35.6794810248539,35.76810951683773,6.863392238866766e-06,21.836360227520203
2,145,1.58498161305579,0.003927504796187493,1.5810541082596026,0.7945151843183488,35.6794810248539,35.76810951683773,6.863392238866766e-06,21.836360227520203
2,146,1.58498161305579,0.003927504796187493,1.5810541082596026,0.7945151843183488,35.6794810248539,35.76810951683773,6.863392238866766e-06,21.836360227520203
2,147,1.58498161305579,0.003927504796187493,1.5810541082596026,0.7945151843183488,35.6794810248539,35.76810951683773,6.863392238866766e-06,21.836360227520203
2,148,1.58498161305579,0.003927504796187493,1.5810541082596026,0.7945151843183488,35.6794810248539,35.76810951683773,6.863392238866766e-06,21.836360227520203
2,149,1.58498161305579,0.003927504796187493,1.5810541082596026,0.7945151843183488,35.6794810248539,35.76810951683773,6.863392238866766e-06,21.836360227520203
2,150,1.58498161305579,0.003927504796187493,1.5810541082596026,0.7945151843183488,35.6794810248539,35.76810951683773,6.863392238866766e-06,21.836360227520203
2,151,1.58498161305579,0.003927504796187493,1.5810541082596026,0.7945151843183488,35.6794810248539,35.76810951683773,6.863392238866766e-06,21.836360227520203
2,152,1.58498161305579,0.003927504796187493,1.5810541082596026,0.7945151843183488,35.6794810248539,35.76810951683773,6.863392238866766e-06,21.836360227520203
2,153,1.58498161305579,0.003927504796187493,1.5810541082596026,0.7945151843183488,35.6794810248539,35.76810951683773,6.863392238866766e-06,21.836360227520203
2,154,1.58498161305579,0.003927504796187493,1.5810541082596026,0.7945151843183488,35.6794810248539,35.76810951683773,6.863392238866766e-06,21.836360227520203
2,155,1.58498161305579,0.003927504796187493,1.5810541082596026,0.7945151843183488,35.6794810248539,35.76810951683773,6.863392238866766e-06,21.836360227520203
2,156,1.58498161305579,0.003927504796187493,1.5810541082596026,0.7945151843183488,35.6794810248539,35.76810951683773,6.863392238866766e-06,21.836360227520203
2,157,1.58498161305579,0.003927504796187493,1.5810541082596026,0.7945151843183488,35.6794810248539,35.76810951683773,6.863392238866766e-06,21.836360227520203
2,158,1.58498161305579,0.003927504796187493,1.5810541082596026,0.7945151843183488,35.6794810248539,35.76810951683773,6.863392238866766e-06,21.836360227520203
2,159,1.58498161305579,0.003927504796187493,1.5810541082596026,0.7945151843183488,35.6794810248539,35.76810951683773,6.863392238866766e-06,21.836360227520203
2,160,1.58498161305579,0.003927504796187493,1.5810541082596026,0.7945151843183488,35.6794810248539,35.76810951683773,6.863392238866766e-06,21.836360227520203
2,161,1.58498161305579,0.003927504796187493,1.5810541082596026,0.7945151843183488,35.6794810248539,35.76810951683773,6.863392238866766e-06,21.836360227520203
2,162,1.58498161305579,0.003927504796187493,1.5810541082596026,0.7945151843183488,35.6794810248539,35.76810951683773,6.863392238866766e-06,21.836360227520203
2,163,1.58498161305579,0.003927504796187493,1.5810541082596026,0.7945151843183488,35.6794810248539,35.76810951683773,6.863392238866766e-06,21.836360227520203
2,164,1.58498161305579,0.003927504796187493,1.5810541082596026,0.7945151843183488,35.6794810248539,35.76810951683773,6.863392238866766e-06,21.836360227520203
2,165,1.58498161305579,0.003927504796187493,1.5810541082596026,0.7945151843183488,35.6794810248539,35.76810951683773,6.863392238866766e-06,21.836360227520203
2,166,1.58498161305579,0.003927504796187493,1.5810541082596026,0.7945151843183488,35.6794810248539,35.76810951683773,6.863392238866766e-06,21.836360227520203
2,167,1.58498161305579,0.003927504796187493,1.5810541082596026,0.7945151843183488,35.6794810248539,35.76810951683773,6.863392238866766e-06,21.836360227520203
2,168,1.58498161305579,0.003927504796187493,1.5810541082596026,0.7945151843183488,35.6794810248539,35.76810951683773,6.863392238866766e-06,21.836360227520203
2,169,1.58498161305579,0.003927504796187493,1.5810541082596026,0.7945151843183488,35.6794810248539,35.76810951683773,6.863392238866766e-06,21.836360227520203
2,170,1.58498161305579,0.003927504796187493,1.5810541082596026,0.7945151843183488,35.6794810248539,35.76810951683773,6.863392238866766e-06,21.836360227520203
2,171,1.58498161305579,0.003927504796187493,1.5810541082596026,0.7945151843183488,35.6794810248539,35.76810951683773,6.863392238866766e-06,21.836360227520203
2,172,1.58498161305579,0.003927504796187493,1.5810541082596026,0.7945151843183488,35.6794810248539,35.76810951683773,6.863392238866766e-06,21.836360227520203
2,173,1.58498161305579,0.003927504796187493,1.5810541082596026,0.7945151843183488,35.6794810248539,35.76810951683773,6.863392238866766e-06,21.836360227520203
2,174,1.58498161305579,0.003927504796187493,1.5810541082596026,0.7945151843183488,35.6794810248539,35.76810951683773,6.863392238866766e-06,21.836360227520203
2,175,1.58498161305579,0.003927504796187493,1.5810541082596026,0.7945151843183488,35.6794810248539,35.76810951683773,6.863392238866766e-06,21.836360227520203
2,176,1.58498161305579,0.003927504796187493,1.5810541082596026,0.7945151843183488,35.6794810248539,35.76810951683773,6.863392238866766e-06,21.836360227520203
2,177,1.58498161305579,0.003927504796187493,1.5810541082596026,0.7945151843183488,35.6794810248539,35.76810951683773,6.863392238866766e-06,21.836360227520203
2,178,1.58498161305579,0.003927504796187493,1.5810541082596026,0.7945151843183488,35.6794810248539,35.76810951683773,6.863392238866766e-06,21.836360227520203
2,179,1.58498161305579,0.003927504796187493,1.5810541082596026,0.7945151843183488,35.6794810248539,35.76810951683773,6.863392238866766e-06,21.836360227520203
2,180,1.58498161305579,0.003927504796187493,1.5810541082596026,0.7945151843183488,35.6794810248539,35.76810951683773,6.863392238866766e-06,21.836360227520203
2,181,1.58498161305579,0.003927504796187493,1.5810541082596026,0.7945151843183488,35.6794810248539,35.76810951683773,6.863392238866766e-06,21.836360227520203
2,182,1.58498161305579,0.003927504796187493,1.5810541082596026,0.7945151843183488,35.6794810248539,35.76810951683773,6.863392238866766e-06,21.836360227520203
2,183,1.58498161305579,0.003927504796187493,1.5810541082596026,0.7945151843183488,35.6794810248539,35.76810951683773,6.863392238866766e-06,21.836360227520203
2,184,1.58498161305579,0.003927504796187493,1.5810541082596026,0.7945151843183488,35.6794810248539,35.76810951683773,6.863392238866766e-06,21.836360227520203
2,185,1.58498161305579,0.003927504796187493,1.5810541082596026,0.7945151843183488,35.6794810248539,35.76810951683773,6.863392238866766e-06,21.836360227520203
2,186,1.58498161305579,0.003927504796187493,1.5810541082596026,0.7945151843183488,35.6794810248539,35.76810951683773,6.863392238866766e-06,21.836360227520203
2,187,1.58498161305579,0.003927504796187493,1.5810541082596026,0.7945151843183488,35.6794810248539,35.76810951683773,6.863392238866766e-06,21.836360227520203
2,188,1.58498161305579,0.003927504796187493,1.5810541082596026,0.7945151843183488,35.6794810248539,35.76810951683773,6.863392238866766e-06,21.836360227520203
2,189,1.58498161305579,0.003927504796187493,1.5810541082596026,0.7945151843183488,35.6794810248539,35.76810951683773,6.863392238866766e-06,21.836360227520203
2,190,1.58498161305579,0.003927504796187493,1.5810541082596026,0.7945151843183488,35.6794810248539,35.76810951683773,6.863392238866766e-06,21.836360227520203
2,191,1.58498161305579,0.003927504796187493,1.5810541082596026,0.7945151843183488,35.6794810248539,35.76810951683773,6.863392238866766e-06,21.836360227520203
2,192,1.58498161305579,0.003927504796187493,1.5810541082596026,0.7945151843183488,35.6794810248539,35.76810951683773,6.863392238866766e-06,21.836360227520203
2,193,1.58498161305579,0.003927504796187493,1.5810541082596026,0.7945151843183488,35.6794810248539,35.76810951683773,6.863392238866766e-06,21.836360227520203
2,194,1.58498161305579,0.003927504796187493,1.5810541082596026,0.7945151843183488,35.6794810248539,35.76810951683773,6.863392238866766e-06,21.836360227520203
2,195,1.58498161305579,0.003927504796187493,1.5810541082596026,0.7945151843183488,35.6794810248539,35.76810951683773,6.863392238866766e-06,21.836360227520203
2,196,1.58498161305579,0.003927504796187493,1.5810541082596026,0.7945151843183488,35.6794810248539,35.76810951683773,6.863392238866766e-06,21.836360227520203
2,197,1.58498161305579,0.003927504796187493,1.5810541082596026,0.7945151843183488,35.6794810248539,35.76810951683773,6.863392238866766e-06,21.836360227520203
2,198,1.58498161305579,0.003927504796187493,1.5810541082596026,0.7945151843183488,35.6794810248539,35.76810951683773,6.863392238866766e-06,21.836360227520203
2,199,1.58498161305579,0.003927504796187493,1.5810541082596026,0.7945151843183488,35.6794810248539,35.76810951683773,6.863392238866766e-06,21.836360227520203
2,200,1.58498161305579,0.003927504796187493,1.5810541082596026,0.7945151843183488,35.6794810248539,35.76810951683773,6.863392238866766e-06,21.836360227520203
2,201,1.58498161305579,0.003927504796187493,1.5810541082596026,0.7945151843183488,35.6794810248539,35.76810951683773,6.863392238866766e-06,21.836360227520203
2,202,1.58498161305579,0.003927504796187493,1.5810541082596026,0.7945151843183488,35.6794810248539,35.76810951683773,6.863392238866766e-06,21.836360227520203
2,203,1.58498161305579,0.003927504796187493,1.5810541082596026,0.7945151843183488,35.6794810248539,35.76810951683773,6.863392238866766e-06,21.836360227520203
2,204,1.58498161305579,0.003927504796187493,1.5810541082596026,0.7945151843183488,35.6794810248539,35.76810951683773,6.863392238866766e-06,21.836360227520203
2,205,1.58498161305579,0.003927504796187493,1.5810541082596026,0.7945151843183488,35.6794810248539,35.76810951683773,6.863392238866766e-06,21.836360227520203
2,206,1.58498161305579,0.003927504796187493,1.5810541082596026,0.7945151843183488,35.6794810248539,35.76810951683773,6.863392238866766e-06,21.836360227520203
2,207,1.58498161305579,0.003927504796187493,1.5810541082596026,0.7945151843183488,35.6794810248539,35.76810951683773,6.863392238866766e-06,21.836360227520203
2,208,1.58498161305579,0.003927504796187493,1.5810541082596026,0.7945151843183488,35.6794810248539,35.76810951683773,6.863392238866766e-06,21.836360227520203
2,209,1.58498161305579,0.003927504796187493,1.5810541082596026,0.7945151843183488,35.6794810248539,35.76810951683773,6.863392238866766e-06,21.836360227520203
2,210,1.58498161305579,0.003927504796187493,1.5810541082596026,0.7945151843183488,35.6794810248539,35.76810951683773,6.863392238866766e-06,21.836360227520203
2,211,1.58498161305579,0.003927504796187493,1.5810541082596026,0.7945151843183488,35.6794810248539,35.76810951683773,6.863392238866766e-06,21.836360227520203
2,212,1.58498161305579,0.003927504796187493,1.5810541082596026,0.7945151843183488,35.6794810248539,35.76810951683773,6.863392238866766e-06,21.836360227520203
2,213,1.58498161305579,0.003927504796187493,1.5810541082596026,0.7945151843183488,35.6794810248539,35.76810951683773,6.863392238866766e-06,21.836360227520203
2,214,1.58498161305579,0.003927504796187493,1.5810541082596026,0.7945151843183488,35.6794810248539,35.76810951683773,6.863392238866766e-06,21.836360227520203
2,215,1.58498161305579,0.003927504796187493,1.5810541082596026,0.7945151843183488,35.6794810248539,35.76810951683773,6.863392238866766e-06,21.836360227520203
2,216,1.58498161305579,0.003927504796187493,1.5810541082596026,0.7945151843183488,35.6794810248539,35.76810951683773,6.863392238866766e-06,21.836360227520203
2,217,1.58498161305579,0.003927504796187493,1.5810541082596026,0.7945151843183488,35.6794810248539,35.76810951683773,6.863392238866766e-06,21.836360227520203
2,218,1.58498161305579,0.003927504796187493,1.5810541082596026,0.7945151843183488,35.6794810248539,35.76810951683773,6.863392238866766e-06,21.836360227520203
2,219,1.58498161305579,0.003927504796187493,1.5810541082596026,0.7945151843183488,35.6794810248539,35.76810951683773,6.863392238866766e-06,21.836360227520203
2,220,1.58498161305579,0.003927504796187493,1.5810541082596026,0.7945151843183488,35.6794810248539,35.76810951683773,6.863392238866766e-06,21.836360227520203
2,221,1.58498161305579,0.003927504796187493,1.5810541082596026,0.7945151843183488,35.6794810248539,35.76810951683773,6.863392238866766e-06,21.836360227520203
2,222,1.58498161305579,0.003927504796187493,1.5810541082596026,0.7945151843183488,35.6794810248539,35.76810951683773,6.863392238866766e-06,21.836360227520203
2,223,1.58498161305579,0.003927504796187493,1.5810541082596026,0.7945151843183488,35.6794810248539,35.76810951683773,6.863392238866766e-06,21.836360227520203
2,224,1.58498161305579,0.003927504796187493,1.5810541082596026,0.7945151843183488,35.6794810248539,35.76810951683773,6.863392238866766e-06,21.836360227520203
2,225,1.58498161305579,0.003927504796187493,1.5810541082596026,0.7945151843183488,35.6794810248539,35.76810951683773,6.863392238866766e-06,21.836360227520203
2,226,1.58498161305579,0.003927504796187493,1.5810541082596026,0.7945151843183488,35.6794810248539,35.76810951683773,6.863392238866766e-06,21.836360227520203
2,227,1.58498161305579,0.003927504796187493,1.5810541082596026,0.7945151843183488,35.6794810248539,35.76810951683773,6.863392238866766e-06,21.836360227520203
2,228,1.58498161305579,0.003927504796187493,1.5810541082596026,0.7945151843183488,35.6794810248539,35.76810951683773,6.863392238866766e-06,21.836360227520203
2,229,1.58498161305579,0.003927504796187493,1.5810541082596026,0.7945151843183488,35.6794810248539,35.76810951683773,6.863392238866766e-06,21.836360227520203
2,230,1.58498161305579,0.003927504796187493,1.5810541082596026,0.7945151843183488,35.6794810248539,35.76810951683773,6.863392238866766e-06,21.836360227520203
2,231,1.58498161305579,0.003927504796187493,1.5810541082596026,0.7945151843183488,35.6794810248539,35.76810951683773,6.863392238866766e-06,21.836360227520203
2,232,1.58498161305579,0.003927504796187493,1.5810541082596026,0.7945151843183488,35.6794810248539,35.76810951683773,6.863392238866766e-06,21.836360227520203
2,233,1.58498161305579,0.003927504796187493,1.5810541082596026,0.7945151843183488,35.6794810248539,35.76810951683773,6.863392238866766e-06,21.836360227520203
2,234,1.58498161305579,0.003927504796187493,1.5810541082596026,0.7945151843183488,35.6794810248539,35.76810951683773,6.863392238866766e-06,21.836360227520203
2,235,1.58498161305579,0.003927504796187493,1.5810541082596026,0.7945151843183488,35.6794810248539,35.76810951683773,6.863392238866766e-06,21.836360227520203
2,236,1.58498161305579,0.003927504796187493,1.5810541082596026,0.7945151843183488,35.6794810248539,35.76810951683773,6.863392238866766e-06,21.836360227520203
2,237,1.58498161305579,0.003927504796187493,1.5810541082596026,0.7945151843183488,35.6794810248539,35.76810951683773,6.863392238866766e-06,21.836360227520203
2,238,1.58498161305579,0.003927504796187493,1.5810541082596026,0.7945151843183488,35.6794810248539,35.76810951683773,6.863392238866766e-06,21.836360227520203
2,239,1.58498161305579,0.003927504796187493,1.5810541082596026,0.7945151843183488,35.6794810248539,35.76810951683773,6.863392238866766e-06,21.836360227520203
2,240,1.58498161305579,0.003927504796187493,1.5810541082596026,0.7945151843183488,35.6794810248539,35.76810951683773,6.863392238866766e-06,21.836360227520203
2,241,1.58498161305579,0.003927504796187493,1.5810541082596026,0.7945151843183488,35.6794810248539,35.76810951683773,6.863392238866766e-06,21.836360227520203
2,242,1.58498161305579,0.003927504796187493,1.5810541082596026,0.7945151843183488,35.6794810248539,35.76810951683773,6.863392238866766e-06,21.836360227520203
2,243,1.58498161305579,0.003927504796187493,1.5810541082596026,0.7945151843183488,35.6794810248539,35.76810951683773,6.863392238866766e-06,21.836360227520203
2,244,1.58498161305579,0.003927504796187493,1.5810541082596026,0.7945151843183488,35.6794810248539,35.76810951683773,6.863392238866766e-06,21.836360227520203
2,245,1.58498161305579,0.003927504796187493,1.5810541082596026,0.7945151843183488,35.6794810248539,35.76810951683773,6.863392238866766e-06,21.836360227520203
2,246,1.58498161305579,0.003927504796187493,1.5810541082596026,0.7945151843183488,35.6794810248539,35.76810951683773,6.863392238866766e-06,21.836360227520203
2,247,1.58498161305579,0.003927504796187493,1.5810541082596026,0.7945151843183488,35.6794810248539,35.76810951683773,6.863392238866766e-06,21.836360227520203
2,248,1.58498161305579,0.003927504796187493,1.5810541082596026,0.7945151843183488,35.6794810248539,35.76810951683773,6.863392238866766e-06,21.836360227520203
2,249,1.58498161305579,0.003927504796187493,1.5810541082596026,0.7945151843183488,35.6794810248539,35.76810951683773,6.863392238866766e-06,21.836360227520203
2,250,1.58498161305579,0.003927504796187493,1.5810541082596026,0.7945151843183488,35.6794810248539,35.76810951683773,6.863392238866766e-06,21.836360227520203
2,251,1.58498161305579,0.003927504796187493,1.5810541082596026,0.7945151843183488,35.6794810248539,35.76810951683773,6.863392238866766e-06,21.836360227520203
2,252,1.58498161305579,0.003927504796187493,1.5810541082596026,0.7945151843183488,35.6794810248539,35.76810951683773,6.863392238866766e-06,21.836360227520203
2,253,1.58498161305579,0.003927504796187493,1.5810541082596026,0.7945151843183488,35.6794810248539,35.76810951683773,6.863392238866766e-06,21.836360227520203
2,254,1.58498161305579,0.003927504796187493,1.5810541082596026,0.7945151843183488,35.6794810248539,35.76810951683773,6.863392238866766e-06,21.836360227520203
2,255,1.58498161305579,0.003927504796187493,1.5810541082596026,0.7945151843183488,35.6794810248539,35.76810951683773,6.863392238866766e-06,21.836360227520203
2,256,1.58498161305579,0.003927504796187493,1.5810541082596026,0.7945151843183488,35.6794810248539,35.76810951683773,6.863392238866766e-06,21.836360227520203
2,257,1.58498161305579,0.003927504796187493,1.5810541082596026,0.7945151843183488,35.6794810248539,35.76810951683773,6.863392238866766e-06,21.836360227520203
2,258,1.58498161305579,0.003927504796187493,1.5810541082596026,0.7945151843183488,35.6794810248539,35.76810951683773,6.863392238866766e-06,21.836360227520203
2,259,1.58498161305579,0.003927504796187493,1.5810541082596026,0.7945151843183488,35.6794810248539,35.76810951683773,6.863392238866766e-06,21.836360227520203
2,260,1.58498161305579,0.003927504796187493,1.5810541082596026,0.7945151843183488,35.6794810248539,35.76810951683773,6.863392238866766e-06,21.836360227520203
2,261,1.58498161305579,0.003927504796187493,1.5810541082596026,0.7945151843183488,35.6794810248539,35.76810951683773,6.863392238866766e-06,21.836360227520203
2,262,1.58498161305579,0.003927504796187493,1.5810541082596026,0.7945151843183488,35.6794810248539,35.76810951683773,6.863392238866766e-06,21.836360227520203
2,263,1.58498161305579,0.003927504796187493,1.5810541082596026,0.7945151843183488,35.6794810248539,35.76810951683773,6.863392238866766e-06,21.836360227520203
2,264,1.58498161305579,0.003927504796187493,1.5810541082596026,0.7945151843183488,35.6794810248539,35.76810951683773,6.863392238866766e-06,21.836360227520203
2,265,1.58498161305579,0.003927504796187493,1.5810541082596026,0.7945151843183488,35.6794810248539,35.76810951683773,6.863392238866766e-06,21.836360227520203
2,266,1.58498161305579,0.003927504796187493,1.5810541082596026,0.7945151843183488,35.6794810248539,35.76810951683773,6.863392238866766e-06,21.836360227520203
2,267,1.58498161305579,0.003927504796187493,1.5810541082596026,0.7945151843183488,35.6794810248539,35.76810951683773,6.863392238866766e-06,21.836360227520203
2,268,1.58498161305579,0.003927504796187493,1.5810541082596026,0.7945151843183488,35.6794810248539,35.76810951683773,6.863392238866766e-06,21.836360227520203
2,269,1.58498161305579,0.003927504796187493,1.5810541082596026,0.7945151843183488,35.6794810248539,35.76810951683773,6.863392238866766e-06,21.836360227520203
2,270,1.58498161305579,0.003927504796187493,1.5810541082596026,0.7945151843183488,35.6794810248539,35.76810951683773,6.863392238866766e-06,21.836360227520203
2,271,1.58498161305579,0.003927504796187493,1.5810541082596026,0.7945151843183488,35.6794810248539,35.76810951683773,6.863392238866766e-06,21.836360227520203
2,272,1.58498161305579,0.003927504796187493,1.5810541082596026,0.7945151843183488,35.6794810248539,35.76810951683773,6.863392238866766e-06,21.836360227520203
2,273,1.58498161305579,0.003927504796187493,1.5810541082596026,0.7945151843183488,35.6794810248539,35.76810951683773,6.863392238866766e-06,21.836360227520203
2,274,1.58498161305579,0.003927504796187493,1.5810541082596026,0.7945151843183488,35.6794810248539,35.76810951683773,6.863392238866766e-06,21.836360227520203
2,275,1.58498161305579,0.003927504796187493,1.5810541082596026,0.7945151843183488,35.6794810248539,35.76810951683773,6.863392238866766e-06,21.836360227520203
2,276,1.58498161305579,0.003927504796187493,1.5810541082596026,0.7945151843183488,35.6794810248539,35.76810951683773,6.863392238866766e-06,21.836360227520203
2,277,1.58498161305579,0.003927504796187493,1.5810541082596026,0.7945151843183488,35.6794810248539,35.76810951683773,6.863392238866766e-06,21.836360227520203
2,278,1.58498161305579,0.003927504796187493,1.5810541082596026,0.7945151843183488,35.6794810248539,35.76810951683773,6.863392238866766e-06,21.836360227520203
2,279,1.58498161305579,0.003927504796187493,1.5810541082596026,0.7945151843183488,35.6794810248539,35.76810951683773,6.863392238866766e-06,21.836360227520203
2,280,1.58498161305579,0.003927504796187493,1.5810541082596026,0.7945151843183488,35.6794810248539,35.76810951683773,6.863392238866766e-06,21.836360227520203
2,281,1.58498161305579,0.003927504796187493,1.5810541082596026,0.7945151843183488,35.6794810248539,35.76810951683773,6.863392238866766e-06,21.836360227520203
2,282,1.58498161305579,0.003927504796187493,1.5810541082596026,0.7945151843183488,35.6794810248539,35.76810951683773,6.863392238866766e-06,21.836360227520203
2,283,1.58498161305579,0.003927504796187493,1.5810541082596026,0.7945151843183488,35.6794810248539,35.76810951683773,6.863392238866766e-06,21.836360227520203
2,284,1.58498161305579,0.003927504796187493,1.5810541082596026,0.7945151843183488,35.6794810248539,35.76810951683773,6.863392238866766e-06,21.836360227520203
2,285,1.58498161305579,0.003927504796187493,1.5810541082596026,0.7945151843183488,35.6794810248539,35.76810951683773,6.863392238866766e-06,21.836360227520203
2,286,1.58498161305579,0.003927504796187493,1.5810541082596026,0.7945151843183488,35.6794810248539,35.76810951683773,6.863392238866766e-06,21.836360227520203
2,287,1.58498161305579,0.003927504796187493,1.5810541082596026,0.7945151843183488,35.6794810248539,35.76810951683773,6.863392238866766e-06,21.836360227520203
2,288,1.58498161305579,0.003927504796187493,1.5810541082596026,0.7945151843183488,35.6794810248539,35.76810951683773,6.863392238866766e-06,21.836360227520203
2,289,1.58498161305579,0.003927504796187493,1.5810541082596026,0.7945151843183488,35.6794810248539,35.76810951683773,6.863392238866766e-06,21.836360227520203
2,290,1.58498161305579,0.003927504796187493,1.5810541082596026,0.7945151843183488,35.6794810248539,35.76810951683773,6.863392238866766e-06,21.836360227520203
2,291,1.58498161305579,0.003927504796187493,1.5810541082596026,0.7945151843183488,35.6794810248539,35.76810951683773,6.863392238866766e-06,21.836360227520203
2,292,1.58498161305579,0.003927504796187493,1.5810541082596026,0.7945151843183488,35.6794810248539,35.76810951683773,6.863392238866766e-06,21.836360227520203
2,293,1.58498161305579,0.003927504796187493,1.5810541082596026,0.7945151843183488,35.6794810248539,35.76810951683773,6.863392238866766e-06,21.836360227520203
2,294,1.58498161305579,0.003927504796187493,1.5810541082596026,0.7945151843183488,35.6794810248539,35.76810951683773,6.863392238866766e-06,21.836360227520203
2,295,1.58498161305579,0.003927504796187493,1.5810541082596026,0.7945151843183488,35.6794810248539,35.76810951683773,6.863392238866766e-06,21.836360227520203
2,296,1.58498161305579,0.003927504796187493,1.5810541082596026,0.7945151843183488,35.6794810248539,35.76810951683773,6.863392238866766e-06,21.836360227520203
2,297,1.58498161305579,0.003927504796187493,1.5810541082596026,0.7945151843183488,35.6794810248539,35.76810951683773,6.863392238866766e-06,21.836360227520203
2,298,1.58498161305579,0.003927504796187493,1.5810541082596026,0.7945151843183488,35.6794810248539,35.76810951683773,6.863392238866766e-06,21.836360227520203
2,299,1.58498161305579,0.003927504796187493,1.5810541082596026,0.7945151843183488,35.6794810248539,35.76810951683773,6.863392238866766e-06,21.836360227520203
2,300,1.58498161305579,0.003927504796187493,1.5810541082596026,0.7945151843183488,35.6794810248539,35.76810951683773,6.863392238866766e-06,21.836360227520203
2,301,1.58498161305579,0.003927504796187493,1.5810541082596026,0.7945151843183488,35.6794810248539,35.76810951683773,6.863392238866766e-06,21.836360227520203
2,302,1.58498161305579,0.003927504796187493,1.5810541082596026,0.7945151843183488,35.6794810248539,35.76810951683773,6.863392238866766e-06,21.836360227520203
2,303,1.58498161305579,0.003927504796187493,1.5810541082596026,0.7945151843183488,35.6794810248539,35.76810951683773,6.863392238866766e-06,21.836360227520203
2,304,1.58498161305579,0.003927504796187493,1.5810541082596026,0.7945151843183488,35.6794810248539,35.76810951683773,6.863392238866766e-06,21.836360227520203
2,305,1.58498161305579,0.003927504796187493,1.5810541082596026,0.7945151843183488,35.6794810248539,35.76810951683773,6.863392238866766e-06,21.836360227520203
2,306,1.58498161305579,0.003927504796187493,1.5810541082596026,0.7945151843183488,35.6794810248539,35.76810951683773,6.863392238866766e-06,21.836360227520203
2,307,1.58498161305579,0.003927504796187493,1.5810541082596026,0.7945151843183488,35.6794810248539,35.76810951683773,6.863392238866766e-06,21.836360227520203
2,308,1.58498161305579,0.003927504796187493,1.5810541082596026,0.7945151843183488,35.6794810248539,35.76810951683773,6.863392238866766e-06,21.836360227520203
2,309,1.58498161305579,0.003927504796187493,1.5810541082596026,0.7945151843183488,35.6794810248539,35.76810951683773,6.863392238866766e-06,21.836360227520203
2,310,1.58498161305579,0.003927504796187493,1.5810541082596026,0.7945151843183488,35.6794810248539,35.76810951683773,6.863392238866766e-06,21.836360227520203
2,311,1.58498161305579,0.003927504796187493,1.5810541082596026,0.7945151843183488,35.6794810248539,35.76810951683773,6.863392238866766e-06,21.836360227520203
2,312,1.58498161305579,0.003927504796187493,1.5810541082596026,0.7945151843183488,35.6794810248539,35.76810951683773,6.863392238866766e-06,21.836360227520203
2,313,1.58498161305579,0.003927504796187493,1.5810541082596026,0.7945151843183488,35.6794810248539,35.76810951683773,6.863392238866766e-06,21.836360227520203
2,314,1.58498161305579,0.003927504796187493,1.5810541082596026,0.7945151843183488,35.6794810248539,35.76810951683773,6.863392238866766e-06,21.836360227520203
2,315,1.58498161305579,0.003927504796187493,1.5810541082596026,0.7945151843183488,35.6794810248539,35.76810951683773,6.863392238866766e-06,21.836360227520203
2,316,1.58498161305579,0.003927504796187493,1.5810541082596026,0.7945151843183488,35.6794810248539,35.76810951683773,6.863392238866766e-06,21.836360227520203
2,317,1.58498161305579,0.003927504796187493,1.5810541082596026,0.7945151843183488,35.6794810248539,35.76810951683773,6.863392238866766e-06,21.836360227520203
2,318,1.58498161305579,0.003927504796187493,1.5810541082596026,0.7945151843183488,35.6794810248539,35.76810951683773,6.863392238866766e-06,21.836360227520203
2,319,1.58498161305579,0.003927504796187493,1.5810541082596026,0.7945151843183488,35.6794810248539,35.76810951683773,6.863392238866766e-06,21.836360227520203
2,320,1.58498161305579,0.003927504796187493,1.5810541082596026,0.7945151843183488,35.6794810248539,35.76810951683773,6.863392238866766e-06,21.836360227520203
2,321,1.58498161305579,0.003927504796187493,1.5810541082596026,0.7945151843183488,35.6794810248539,35.76810951683773,6.863392238866766e-06,21.836360227520203
2,322,1.58498161305579,0.003927504796187493,1.5810541082596026,0.7945151843183488,35.6794810248539,35.76810951683773,6.863392238866766e-06,21.836360227520203
2,323,1.58498161305579,0.003927504796187493,1.5810541082596026,0.7945151843183488,35.6794810248539,35.76810951683773,6.863392238866766e-06,21.836360227520203
2,324,1.58498161305579,0.003927504796187493,1.5810541082596026,0.7945151843183488,35.6794810248539,35.76810951683773,6.863392238866766e-06,21.836360227520203
2,325,1.58498161305579,0.003927504796187493,1.5810541082596026,0.7945151843183488,35.6794810248539,35.76810951683773,6.863392238866766e-06,21.836360227520203
2,326,1.58498161305579,0.003927504796187493,1.5810541082596026,0.7945151843183488,35.6794810248539,35.76810951683773,6.863392238866766e-06,21.836360227520203
2,327,1.58498161305579,0.003927504796187493,1.5810541082596026,0.7945151843183488,35.6794810248539,35.76810951683773,6.863392238866766e-06,21.836360227520203
2,328,1.58498161305579,0.003927504796187493,1.5810541082596026,0.7945151843183488,35.6794810248539,35.76810951683773,6.863392238866766e-06,21.836360227520203
2,329,1.58498161305579,0.003927504796187493,1.5810541082596026,0.7945151843183488,35.6794810248539,35.76810951683773,6.863392238866766e-06,21.836360227520203
2,330,1.58498161305579,0.003927504796187493,1.5810541082596026,0.7945151843183488,35.6794810248539,35.76810951683773,6.863392238866766e-06,21.836360227520203
2,331,1.58498161305579,0.003927504796187493,1.5810541082596026,0.7945151843183488,35.6794810248539,35.76810951683773,6.863392238866766e-06,21.836360227520203
2,332,1.58498161305579,0.003927504796187493,1.5810541082596026,0.7945151843183488,35.6794810248539,35.76810951683773,6.863392238866766e-06,21.836360227520203
2,333,1.58498161305579,0.003927504796187493,1.5810541082596026,0.7945151843183488,35.6794810248539,35.76810951683773,6.863392238866766e-06,21.836360227520203
2,334,1.58498161305579,0.003927504796187493,1.5810541082596026,0.7945151843183488,35.6794810248539,35.76810951683773,6.863392238866766e-06,21.836360227520203
2,335,1.58498161305579,0.003927504796187493,1.5810541082596026,0.7945151843183488,35.6794810248539,35.76810951683773,6.863392238866766e-06,21.836360227520203
2,336,1.58498161305579,0.003927504796187493,1.5810541082596026,0.7945151843183488,35.6794810248539,35.76810951683773,6.863392238866766e-06,21.836360227520203
2,337,1.58498161305579,0.003927504796187493,1.5810541082596026,0.7945151843183488,35.6794810248539,35.76810951683773,6.863392238866766e-06,21.836360227520203
2,338,1.58498161305579,0.003927504796187493,1.5810541082596026,0.7945151843183488,35.6794810248539,35.76810951683773,6.863392238866766e-06,21.836360227520203
2,339,1.58498161305579,0.003927504796187493,1.5810541082596026,0.7945151843183488,35.6794810248539,35.76810951683773,6.863392238866766e-06,21.836360227520203
2,340,1.58498161305579,0.003927504796187493,1.5810541082596026,0.7945151843183488,35.6794810248539,35.76810951683773,6.863392238866766e-06,21.836360227520203
2,341,1.58498161305579,0.003927504796187493,1.5810541082596026,0.7945151843183488,35.6794810248539,35.76810951683773,6.863392238866766e-06,21.836360227520203
2,342,1.58498161305579,0.003927504796187493,1.5810541082596026,0.7945151843183488,35.6794810248539,35.76810951683773,6.863392238866766e-06,21.836360227520203
2,343,1.58498161305579,0.003927504796187493,1.5810541082596026,0.7945151843183488,35.6794810248539,35.76810951683773,6.863392238866766e-06,21.836360227520203
2,344,1.58498161305579,0.003927504796187493,1.5810541082596026,0.7945151843183488,35.6794810248539,35.76810951683773,6.863392238866766e-06,21.836360227520203
2,345,1.58498161305579,0.003927504796187493,1.5810541082596026,0.7945151843183488,35.6794810248539,35.76810951683773,6.863392238866766e-06,21.836360227520203
2,346,1.58498161305579,0.003927504796187493,1.5810541082596026,0.7945151843183488,35.6794810248539,35.76810951683773,6.863392238866766e-06,21.836360227520203
2,347,1.58498161305579,0.003927504796187493,1.5810541082596026,0.7945151843183488,35.6794810248539,35.76810951683773,6.863392238866766e-06,21.836360227520203
2,348,1.58498161305579,0.003927504796187493,1.5810541082596026,0.7945151843183488,35.6794810248539,35.76810951683773,6.863392238866766e-06,21.836360227520203
2,349,1.58498161305579,0.003927504796187493,1.5810541082596026,0.7945151843183488,35.6794810248539,35.76810951683773,6.863392238866766e-06,21.836360227520203
2,350,1.58498161305579,0.003927504796187493,1.5810541082596026,0.7945151843183488,35.6794810248539,35.76810951683773,6.863392238866766e-06,21.836360227520203
2,351,1.58498161305579,0.003927504796187493,1.5810541082596026,0.7945151843183488,35.6794810248539,35.76810951683773,6.863392238866766e-06,21.836360227520203
2,352,1.58498161305579,0.003927504796187493,1.5810541082596026,0.7945151843183488,35.6794810248539,35.76810951683773,6.863392238866766e-06,21.836360227520203
2,353,1.58498161305579,0.003927504796187493,1.5810541082596026,0.7945151843183488,35.6794810248539,35.76810951683773,6.863392238866766e-06,21.836360227520203
2,354,1.58498161305579,0.003927504796187493,1.5810541082596026,0.7945151843183488,35.6794810248539,35.76810951683773,6.863392238866766e-06,21.836360227520203
2,355,1.58498161305579,0.003927504796187493,1.5810541082596026,0.7945151843183488,35.6794810248539,35.76810951683773,6.863392238866766e-06,21.836360227520203
2,356,1.58498161305579,0.003927504796187493,1.5810541082596026,0.7945151843183488,35.6794810248539,35.76810951683773,6.863392238866766e-06,21.836360227520203
2,357,1.58498161305579,0.003927504796187493,1.5810541082596026,0.7945151843183488,35.6794810248539,35.76810951683773,6.863392238866766e-06,21.836360227520203
2,358,1.58498161305579,0.003927504796187493,1.5810541082596026,0.7945151843183488,35.6794810248539,35.76810951683773,6.863392238866766e-06,21.836360227520203
2,359,1.58498161305579,0.003927504796187493,1.5810541082596026,0.7945151843183488,35.6794810248539,35.76810951683773,6.863392238866766e-06,21.836360227520203
2,360,1.58498161305579,0.003927504796187493,1.5810541082596026,0.7945151843183488,35.6794810248539,35.76810951683773,6.863392238866766e-06,21.836360227520203
2,361,1.58498161305579,0.003927504796187493,1.5810541082596026,0.7945151843183488,35.6794810248539,35.76810951683773,6.863392238866766e-06,21.836360227520203
2,362,1.58498161305579,0.003927504796187493,1.5810541082596026,0.7945151843183488,35.6794810248539,35.76810951683773,6.863392238866766e-06,21.836360227520203
2,363,1.58498161305579,0.003927504796187493,1.5810541082596026,0.7945151843183488,35.6794810248539,35.76810951683773,6.863392238866766e-06,21.836360227520203
2,364,1.58498161305579,0.003927504796187493,1.5810541082596026,0.7945151843183488,35.6794810248539,35.76810951683773,6.863392238866766e-06,21.836360227520203
2,365,1.58498161305579,0.003927504796187493,1.5810541082596026,0.7945151843183488,35.6794810248539,35.76810951683773,6.863392238866766e-06,21.836360227520203
2,366,1.58498161305579,0.003927504796187493,1.5810541082596026,0.7945151843183488,35.6794810248539,35.76810951683773,6.863392238866766e-06,21.836360227520203
2,367,1.58498161305579,0.003927504796187493,1.5810541082596026,0.7945151843183488,35.6794810248539,35.76810951683773,6.863392238866766e-06,21.836360227520203
2,368,1.58498161305579,0.003927504796187493,1.5810541082596026,0.7945151843183488,35.6794810248539,35.76810951683773,6.863392238866766e-06,21.836360227520203
2,369,1.58498161305579,0.003927504796187493,1.5810541082596026,0.7945151843183488,35.6794810248539,35.76810951683773,6.863392238866766e-06,21.836360227520203
2,370,1.58498161305579,0.003927504796187493,1.5810541082596026,0.7945151843183488,35.6794810248539,35.76810951683773,6.863392238866766e-06,21.836360227520203
2,371,1.58498161305579,0.003927504796187493,1.5810541082596026,0.7945151843183488,35.6794810248539,35.76810951683773,6.863392238866766e-06,21.836360227520203
2,372,1.58498161305579,0.003927504796187493,1.5810541082596026,0.7945151843183488,35.6794810248539,35.76810951683773,6.863392238866766e-06,21.836360227520203
2,373,1.58498161305579,0.003927504796187493,1.5810541082596026,0.7945151843183488,35.6794810248539,35.76810951683773,6.863392238866766e-06,21.836360227520203
2,374,1.58498161305579,0.003927504796187493,1.5810541082596026,0.7945151843183488,35.6794810248539,35.76810951683773,6.863392238866766e-06,21.836360227520203
2,375,1.58498161305579,0.003927504796187493,1.5810541082596026,0.7945151843183488,35.6794810248539,35.76810951683773,6.863392238866766e-06,21.836360227520203
2,376,1.58498161305579,0.003927504796187493,1.5810541082596026,0.7945151843183488,35.6794810248539,35.76810951683773,6.863392238866766e-06,21.836360227520203
2,377,1.58498161305579,0.003927504796187493,1.5810541082596026,0.7945151843183488,35.6794810248539,35.76810951683773,6.863392238866766e-06,21.836360227520203
2,378,1.58498161305579,0.003927504796187493,1.5810541082596026,0.7945151843183488,35.6794810248539,35.76810951683773,6.863392238866766e-06,21.836360227520203
2,379,1.58498161305579,0.003927504796187493,1.5810541082596026,0.7945151843183488,35.6794810248539,35.76810951683773,6.863392238866766e-06,21.836360227520203
2,380,1.58498161305579,0.003927504796187493,1.5810541082596026,0.7945151843183488,35.6794810248539,35.76810951683773,6.863392238866766e-06,21.836360227520203
2,381,1.58498161305579,0.003927504796187493,1.5810541082596026,0.7945151843183488,35.6794810248539,35.76810951683773,6.863392238866766e-06,21.836360227520203
2,382,1.58498161305579,0.003927504796187493,1.5810541082596026,0.7945151843183488,35.6794810248539,35.76810951683773,6.863392238866766e-06,21.836360227520203
2,383,1.58498161305579,0.003927504796187493,1.5810541082596026,0.7945151843183488,35.6794810248539,35.76810951683773,6.863392238866766e-06,21.836360227520203
2,384,1.58498161305579,0.003927504796187493,1.5810541082596026,0.7945151843183488,35.6794810248539,35.76810951683773,6.863392238866766e-06,21.836360227520203
2,385,1.58498161305579,0.003927504796187493,1.5810541082596026,0.7945151843183488,35.6794810248539,35.76810951683773,6.863392238866766e-06,21.836360227520203
2,386,1.58498161305579,0.003927504796187493,1.5810541082596026,0.7945151843183488,35.6794810248539,35.76810951683773,6.863392238866766e-06,21.836360227520203
2,387,1.58498161305579,0.003927504796187493,1.5810541082596026,0.7945151843183488,35.6794810248539,35.76810951683773,6.863392238866766e-06,21.836360227520203
2,388,1.58498161305579,0.003927504796187493,1.5810541082596026,0.7945151843183488,35.6794810248539,35.76810951683773,6.863392238866766e-06,21.836360227520203
2,389,1.58498161305579,0.003927504796187493,1.5810541082596026,0.7945151843183488,35.6794810248539,35.76810951683773,6.863392238866766e-06,21.836360227520203
2,390,1.58498161305579,0.003927504796187493,1.5810541082596026,0.7945151843183488,35.6794810248539,35.76810951683773,6.863392238866766e-06,21.836360227520203
2,391,1.58498161305579,0.003927504796187493,1.5810541082596026,0.7945151843183488,35.6794810248539,35.76810951683773,6.863392238866766e-06,21.836360227520203
2,392,1.58498161305579,0.003927504796187493,1.5810541082596026,0.7945151843183488,35.6794810248539,35.76810951683773,6.863392238866766e-06,21.836360227520203
2,393,1.58498161305579,0.003927504796187493,1.5810541082596026,0.7945151843183488,35.6794810248539,35.76810951683773,6.863392238866766e-06,21.836360227520203
2,394,1.58498161305579,0.003927504796187493,1.5810541082596026,0.7945151843183488,35.6794810248539,35.76810951683773,6.863392238866766e-06,21.836360227520203
2,395,1.58498161305579,0.003927504796187493,1.5810541082596026,0.7945151843183488,35.6794810248539,35.76810951683773,6.863392238866766e-06,21.836360227520203
2,396,1.58498161305579,0.003927504796187493,1.5810541082596026,0.7945151843183488,35.6794810248539,35.76810951683773,6.863392238866766e-06,21.836360227520203
2,397,1.58498161305579,0.003927504796187493,1.5810541082596026,0.7945151843183488,35.6794810248539,35.76810951683773,6.863392238866766e-06,21.836360227520203
2,398,1.58498161305579,0.003927504796187493,1.5810541082596026,0.7945151843183488,35.6794810248539,35.76810951683773,6.863392238866766e-06,21.836360227520203
2,399,1.58498161305579,0.003927504796187493,1.5810541082596026,0.7945151843183488,35.6794810248539,35.76810951683773,6.863392238866766e-06,21.836360227520203
2,400,1.58498161305579,0.003927504796187493,1.5810541082596026,0.7945151843183488,35.6794810248539,35.76810951683773,6.863392238866766e-06,21.836360227520203
2,401,1.58498161305579,0.003927504796187493,1.5810541082596026,0.7945151843183488,35.6794810248539,35.76810951683773,6.863392238866766e-06,21.836360227520203
2,402,1.58498161305579,0.003927504796187493,1.5810541082596026,0.7945151843183488,35.6794810248539,35.76810951683773,6.863392238866766e-06,21.836360227520203
2,403,1.58498161305579,0.003927504796187493,1.5810541082596026,0.7945151843183488,35.6794810248539,35.76810951683773,6.863392238866766e-06,21.836360227520203
2,404,1.58498161305579,0.003927504796187493,1.5810541082596026,0.7945151843183488,35.6794810248539,35.76810951683773,6.863392238866766e-06,21.836360227520203
2,405,1.58498161305579,0.003927504796187493,1.5810541082596026,0.7945151843183488,35.6794810248539,35.76810951683773,6.863392238866766e-06,21.836360227520203
2,406,1.58498161305579,0.003927504796187493,1.5810541082596026,0.7945151843183488,35.6794810248539,35.76810951683773,6.863392238866766e-06,21.836360227520203
2,407,1.58498161305579,0.003927504796187493,1.5810541082596026,0.7945151843183488,35.6794810248539,35.76810951683773,6.863392238866766e-06,21.836360227520203
2,408,1.58498161305579,0.003927504796187493,1.5810541082596026,0.7945151843183488,35.6794810248539,35.76810951683773,6.863392238866766e-06,21.836360227520203
2,409,1.58498161305579,0.003927504796187493,1.5810541082596026,0.7945151843183488,35.6794810248539,35.76810951683773,6.863392238866766e-06,21.836360227520203
2,410,1.58498161305579,0.003927504796187493,1.5810541082596026,0.7945151843183488,35.6794810248539,35.76810951683773,6.863392238866766e-06,21.836360227520203
2,411,1.58498161305579,0.003927504796187493,1.5810541082596026,0.7945151843183488,35.6794810248539,35.76810951683773,6.863392238866766e-06,21.836360227520203
2,412,1.58498161305579,0.003927504796187493,1.5810541082596026,0.7945151843183488,35.6794810248539,35.76810951683773,6.863392238866766e-06,21.836360227520203
2,413,1.58498161305579,0.003927504796187493,1.5810541082596026,0.7945151843183488,35.6794810248539,35.76810951683773,6.863392238866766e-06,21.836360227520203
2,414,1.58498161305579,0.003927504796187493,1.5810541082596026,0.7945151843183488,35.6794810248539,35.76810951683773,6.863392238866766e-06,21.836360227520203
2,415,1.58498161305579,0.003927504796187493,1.5810541082596026,0.7945151843183488,35.6794810248539,35.76810951683773,6.863392238866766e-06,21.836360227520203
2,416,1.58498161305579,0.003927504796187493,1.5810541082596026,0.7945151843183488,35.6794810248539,35.76810951683773,6.863392238866766e-06,21.836360227520203
2,417,1.58498161305579,0.003927504796187493,1.5810541082596026,0.7945151843183488,35.6794810248539,35.76810951683773,6.863392238866766e-06,21.836360227520203
2,418,1.58498161305579,0.003927504796187493,1.5810541082596026,0.7945151843183488,35.6794810248539,35.76810951683773,6.863392238866766e-06,21.836360227520203
2,419,1.58498161305579,0.003927504796187493,1.5810541082596026,0.7945151843183488,35.6794810248539,35.76810951683773,6.863392238866766e-06,21.836360227520203
2,420,1.58498161305579,0.003927504796187493,1.5810541082596026,0.7945151843183488,35.6794810248539,35.76810951683773,6.863392238866766e-06,21.836360227520203
2,421,1.58498161305579,0.003927504796187493,1.5810541082596026,0.7945151843183488,35.6794810248539,35.76810951683773,6.863392238866766e-06,21.836360227520203
2,422,1.58498161305579,0.003927504796187493,1.5810541082596026,0.7945151843183488,35.6794810248539,35.76810951683773,6.863392238866766e-06,21.836360227520203
2,423,1.58498161305579,0.003927504796187493,1.5810541082596026,0.7945151843183488,35.6794810248539,35.76810951683773,6.863392238866766e-06,21.836360227520203
2,424,1.58498161305579,0.003927504796187493,1.5810541082596026,0.7945151843183488,35.6794810248539,35.76810951683773,6.863392238866766e-06,21.836360227520203
2,425,1.58498161305579,0.003927504796187493,1.5810541082596026,0.7945151843183488,35.6794810248539,35.76810951683773,6.863392238866766e-06,21.836360227520203
2,426,1.58498161305579,0.003927504796187493,1.5810541082596026,0.7945151843183488,35.6794810248539,35.76810951683773,6.863392238866766e-06,21.836360227520203
2,427,1.58498161305579,0.003927504796187493,1.5810541082596026,0.7945151843183488,35.6794810248539,35.76810951683773,6.863392238866766e-06,21.836360227520203
2,428,1.58498161305579,0.003927504796187493,1.5810541082596026,0.7945151843183488,35.6794810248539,35.76810951683773,6.863392238866766e-06,21.836360227520203
2,429,1.58498161305579,0.003927504796187493,1.5810541082596026,0.7945151843183488,35.6794810248539,35.76810951683773,6.863392238866766e-06,21.836360227520203
2,430,1.58498161305579,0.003927504796187493,1.5810541082596026,0.7945151843183488,35.6794810248539,35.76810951683773,6.863392238866766e-06,21.836360227520203
2,431,1.58498161305579,0.003927504796187493,1.5810541082596026,0.7945151843183488,35.6794810248539,35.76810951683773,6.863392238866766e-06,21.836360227520203
2,432,1.58498161305579,0.003927504796187493,1.5810541082596026,0.7945151843183488,35.6794810248539,35.76810951683773,6.863392238866766e-06,21.836360227520203
2,433,1.58498161305579,0.003927504796187493,1.5810541082596026,0.7945151843183488,35.6794810248539,35.76810951683773,6.863392238866766e-06,21.836360227520203
2,434,1.58498161305579,0.003927504796187493,1.5810541082596026,0.7945151843183488,35.6794810248539,35.76810951683773,6.863392238866766e-06,21.836360227520203
2,435,1.58498161305579,0.003927504796187493,1.5810541082596026,0.7945151843183488,35.6794810248539,35.76810951683773,6.863392238866766e-06,21.836360227520203
2,436,1.58498161305579,0.003927504796187493,1.5810541082596026,0.7945151843183488,35.6794810248539,35.76810951683773,6.863392238866766e-06,21.836360227520203
2,437,1.58498161305579,0.003927504796187493,1.5810541082596026,0.7945151843183488,35.6794810248539,35.76810951683773,6.863392238866766e-06,21.836360227520203
2,438,1.58498161305579,0.003927504796187493,1.5810541082596026,0.7945151843183488,35.6794810248539,35.76810951683773,6.863392238866766e-06,21.836360227520203
2,439,1.58498161305579,0.003927504796187493,1.5810541082596026,0.7945151843183488,35.6794810248539,35.76810951683773,6.863392238866766e-06,21.836360227520203
2,440,1.58498161305579,0.003927504796187493,1.5810541082596026,0.7945151843183488,35.6794810248539,35.76810951683773,6.863392238866766e-06,21.836360227520203
2,441,1.58498161305579,0.003927504796187493,1.5810541082596026,0.7945151843183488,35.6794810248539,35.76810951683773,6.863392238866766e-06,21.836360227520203
2,442,1.58498161305579,0.003927504796187493,1.5810541082596026,0.7945151843183488,35.6794810248539,35.76810951683773,6.863392238866766e-06,21.836360227520203
2,443,1.58498161305579,0.003927504796187493,1.5810541082596026,0.7945151843183488,35.6794810248539,35.76810951683773,6.863392238866766e-06,21.836360227520203
2,444,1.58498161305579,0.003927504796187493,1.5810541082596026,0.7945151843183488,35.6794810248539,35.76810951683773,6.863392238866766e-06,21.836360227520203
2,445,1.58498161305579,0.003927504796187493,1.5810541082596026,0.7945151843183488,35.6794810248539,35.76810951683773,6.863392238866766e-06,21.836360227520203
2,446,1.58498161305579,0.003927504796187493,1.5810541082596026,0.7945151843183488,35.6794810248539,35.76810951683773,6.863392238866766e-06,21.836360227520203
2,447,1.58498161305579,0.003927504796187493,1.5810541082596026,0.7945151843183488,35.6794810248539,35.76810951683773,6.863392238866766e-06,21.836360227520203
2,448,1.58498161305579,0.003927504796187493,1.5810541082596026,0.7945151843183488,35.6794810248539,35.76810951683773,6.863392238866766e-06,21.836360227520203
2,449,1.58498161305579,0.003927504796187493,1.5810541082596026,0.7945151843183488,35.6794810248539,35.76810951683773,6.863392238866766e-06,21.836360227520203
2,450,1.58498161305579,0.003927504796187493,1.5810541082596026,0.7945151843183488,35.6794810248539,35.76810951683773,6.863392238866766e-06,21.836360227520203
2,451,1.58498161305579,0.003927504796187493,1.5810541082596026,0.7945151843183488,35.6794810248539,35.76810951683773,6.863392238866766e-06,21.836360227520203
2,452,1.58498161305579,0.003927504796187493,1.5810541082596026,0.7945151843183488,35.6794810248539,35.76810951683773,6.863392238866766e-06,21.836360227520203
2,453,1.58498161305579,0.003927504796187493,1.5810541082596026,0.7945151843183488,35.6794810248539,35.76810951683773,6.863392238866766e-06,21.836360227520203
2,454,1.58498161305579,0.003927504796187493,1.5810541082596026,0.7945151843183488,35.6794810248539,35.76810951683773,6.863392238866766e-06,21.836360227520203
2,455,1.58498161305579,0.003927504796187493,1.5810541082596026,0.7945151843183488,35.6794810248539,35.76810951683773,6.863392238866766e-06,21.836360227520203
2,456,1.58498161305579,0.003927504796187493,1.5810541082596026,0.7945151843183488,35.6794810248539,35.76810951683773,6.863392238866766e-06,21.836360227520203
2,457,1.58498161305579,0.003927504796187493,1.5810541082596026,0.7945151843183488,35.6794810248539,35.76810951683773,6.863392238866766e-06,21.836360227520203
2,458,1.58498161305579,0.003927504796187493,1.5810541082596026,0.7945151843183488,35.6794810248539,35.76810951683773,6.863392238866766e-06,21.836360227520203
2,459,1.58498161305579,0.003927504796187493,1.5810541082596026,0.7945151843183488,35.6794810248539,35.76810951683773,6.863392238866766e-06,21.836360227520203
2,460,1.58498161305579,0.003927504796187493,1.5810541082596026,0.7945151843183488,35.6794810248539,35.76810951683773,6.863392238866766e-06,21.836360227520203
2,461,1.58498161305579,0.003927504796187493,1.5810541082596026,0.7945151843183488,35.6794810248539,35.76810951683773,6.863392238866766e-06,21.836360227520203
2,462,1.58498161305579,0.003927504796187493,1.5810541082596026,0.7945151843183488,35.6794810248539,35.76810951683773,6.863392238866766e-06,21.836360227520203
2,463,1.58498161305579,0.003927504796187493,1.5810541082596026,0.7945151843183488,35.6794810248539,35.76810951683773,6.863392238866766e-06,21.836360227520203
2,464,1.58498161305579,0.003927504796187493,1.5810541082596026,0.7945151843183488,35.6794810248539,35.76810951683773,6.863392238866766e-06,21.836360227520203
2,465,1.58498161305579,0.003927504796187493,1.5810541082596026,0.7945151843183488,35.6794810248539,35.76810951683773,6.863392238866766e-06,21.836360227520203
2,466,1.58498161305579,0.003927504796187493,1.5810541082596026,0.7945151843183488,35.6794810248539,35.76810951683773,6.863392238866766e-06,21.836360227520203
2,467,1.58498161305579,0.003927504796187493,1.5810541082596026,0.7945151843183488,35.6794810248539,35.76810951683773,6.863392238866766e-06,21.836360227520203
2,468,1.58498161305579,0.003927504796187493,1.5810541082596026,0.7945151843183488,35.6794810248539,35.76810951683773,6.863392238866766e-06,21.836360227520203
2,469,1.58498161305579,0.003927504796187493,1.5810541082596026,0.7945151843183488,35.6794810248539,35.76810951683773,6.863392238866766e-06,21.836360227520203
2,470,1.58498161305579,0.003927504796187493,1.5810541082596026,0.7945151843183488,35.6794810248539,35.76810951683773,6.863392238866766e-06,21.836360227520203
2,471,1.58498161305579,0.003927504796187493,1.5810541082596026,0.7945151843183488,35.6794810248539,35.76810951683773,6.863392238866766e-06,21.836360227520203
2,472,1.58498161305579,0.003927504796187493,1.5810541082596026,0.7945151843183488,35.6794810248539,35.76810951683773,6.863392238866766e-06,21.836360227520203
2,473,1.58498161305579,0.003927504796187493,1.5810541082596026,0.7945151843183488,35.6794810248539,35.76810951683773,6.863392238866766e-06,21.836360227520203
2,474,1.58498161305579,0.003927504796187493,1.5810541082596026,0.7945151843183488,35.6794810248539,35.76810951683773,6.863392238866766e-06,21.836360227520203
2,475,1.58498161305579,0.003927504796187493,1.5810541082596026,0.7945151843183488,35.6794810248539,35.76810951683773,6.863392238866766e-06,21.836360227520203
2,476,1.58498161305579,0.003927504796187493,1.5810541082596026,0.7945151843183488,35.6794810248539,35.76810951683773,6.863392238866766e-06,21.836360227520203
2,477,1.58498161305579,0.003927504796187493,1.5810541082596026,0.7945151843183488,35.6794810248539,35.76810951683773,6.863392238866766e-06,21.836360227520203
2,478,1.58498161305579,0.003927504796187493,1.5810541082596026,0.7945151843183488,35.6794810248539,35.76810951683773,6.863392238866766e-06,21.836360227520203
2,479,1.58498161305579,0.003927504796187493,1.5810541082596026,0.7945151843183488,35.6794810248539,35.76810951683773,6.863392238866766e-06,21.836360227520203
2,480,1.58498161305579,0.003927504796187493,1.5810541082596026,0.7945151843183488,35.6794810248539,35.76810951683773,6.863392238866766e-06,21.836360227520203
2,481,1.58498161305579,0.003927504796187493,1.5810541082596026,0.7945151843183488,35.6794810248539,35.76810951683773,6.863392238866766e-06,21.836360227520203
2,482,1.58498161305579,0.003927504796187493,1.5810541082596026,0.7945151843183488,35.6794810248539,35.76810951683773,6.863392238866766e-06,21.836360227520203
2,483,1.58498161305579,0.003927504796187493,1.5810541082596026,0.7945151843183488,35.6794810248539,35.76810951683773,6.863392238866766e-06,21.836360227520203
2,484,1.58498161305579,0.003927504796187493,1.5810541082596026,0.7945151843183488,35.6794810248539,35.76810951683773,6.863392238866766e-06,21.836360227520203
2,485,1.58498161305579,0.003927504796187493,1.5810541082596026,0.7945151843183488,35.6794810248539,35.76810951683773,6.863392238866766e-06,21.836360227520203
2,486,1.58498161305579,0.003927504796187493,1.5810541082596026,0.7945151843183488,35.6794810248539,35.76810951683773,6.863392238866766e-06,21.836360227520203
2,487,1.58498161305579,0.003927504796187493,1.5810541082596026,0.7945151843183488,35.6794810248539,35.76810951683773,6.863392238866766e-06,21.836360227520203
2,488,1.58498161305579,0.003927504796187493,1.5810541082596026,0.7945151843183488,35.6794810248539,35.76810951683773,6.863392238866766e-06,21.836360227520203
2,489,1.58498161305579,0.003927504796187493,1.5810541082596026,0.7945151843183488,35.6794810248539,35.76810951683773,6.863392238866766e-06,21.836360227520203
2,490,1.58498161305579,0.003927504796187493,1.5810541082596026,0.7945151843183488,35.6794810248539,35.76810951683773,6.863392238866766e-06,21.836360227520203
2,491,1.58498161305579,0.003927504796187493,1.5810541082596026,0.7945151843183488,35.6794810248539,35.76810951683773,6.863392238866766e-06,21.836360227520203
2,492,1.58498161305579,0.003927504796187493,1.5810541082596026,0.7945151843183488,35.6794810248539,35.76810951683773,6.863392238866766e-06,21.836360227520203
2,493,1.58498161305579,0.003927504796187493,1.5810541082596026,0.7945151843183488,35.6794810248539,35.76810951683773,6.863392238866766e-06,21.836360227520203
2,494,1.58498161305579,0.003927504796187493,1.5810541082596026,0.7945151843183488,35.6794810248539,35.76810951683773,6.863392238866766e-06,21.836360227520203
2,495,1.58498161305579,0.003927504796187493,1.5810541082596026,0.7945151843183488,35.6794810248539,35.76810951683773,6.863392238866766e-06,21.836360227520203
2,496,1.58498161305579,0.003927504796187493,1.5810541082596026,0.7945151843183488,35.6794810248539,35.76810951683773,6.863392238866766e-06,21.836360227520203
2,497,1.58498161305579,0.003927504796187493,1.5810541082596026,0.7945151843183488,35.6794810248539,35.76810951683773,6.863392238866766e-06,21.836360227520203
2,498,1.58498161305579,0.003927504796187493,1.5810541082596026,0.7945151843183488,35.6794810248539,35.76810951683773,6.863392238866766e-06,21.836360227520203
2,499,1.58498161305579,0.003927504796187493,1.5810541082596026,0.7945151843183488,35.6794810248539,35.76810951683773,6.863392238866766e-06,21.836360227520203
2,500,1.58498161305579,0.003927504796187493,1.5810541082596026,0.7945151843183488,35.6794810248539,35.76810951683773,6.863392238866766e-06,21.836360227520203
3,1,314.25459089054164,313.0649183605655,1.1896725299761337,0.7007817392057871,6.233879649078513,31.252265253826952,6.767203838860944,10.29606070808591
3,2,74.09542080462673,50.69001356081565,23.405407243811077,0.7848547298691145,41.31412727422177,31.252265253826952,25.518958817322243,10.29606070808591
3,3,26.11952065091236,7.242299123754575,18.877221527157786,0.5339935697397258,27.45681295119613,31.252265253826952,27.574929096699517,10.29606070808591
3,4,21.97703678187666,0.9083718853988492,21.06866489647781,0.6181338679717773,29.90984798067946,31.252265253826952,29.466737979723195,10.29606070808591
3,5,82.13275106212106,79.49979920884695,2.6329518532741014,0.3303982609137739,18.75754055419959,31.252265253826952,12.189061881661177,10.29606070808591
3,6,346.52267100203903,9.268974910202061,337.25369609183696,0.3083588573877811,35.02923403055842,31.252265253826952,15.381035765495042,10.29606070808591
3,7,1627.615001588589,124.76863713777888,1502.8463644508101,2.204002657647052,18.34508379938836,31.252265253826952,25.504733840230955,10.29606070808591
3,8,245027720.41884205,243112830.14787212,1914890.2709699254,456.553837494634,22081.67320336835,31.252265253826952,8609.807115274192,10.29606070808591
3,9,4974.664871260507,1933.259823907114,3041.405047353393,1.2616427402280816,31.760296602520466,31.252265253826952,9.450345406959366,10.29606070808591
3,10,23224.68881607935,19378.98608502705,3845.7027310523,20.47895678321728,166.78381097335563,31.252265253826952,410.56068265637776,10.29606070808591
3,11,207.75774744735148,64.93094523044019,142.8268022169113,4.3127389319978136,42.63578960730976,31.252265253826952,93.24844759666969,10.29606070808591
3,12,132.56505160537586,0.16276008217012436,132.40229152320572,4.215218062711406,31.813963453067846,31.252265253826952,90.58160827433692,10.29606070808591
3,13,42.60262345901103,5.32901914038994,37.27360431862109,2.015404822342382,27.99105272255647,31.252265253826952,34.94663965516988,10.29606070808591
3,14,17.550619547043908,0.9411580047597775,16.60946154228413,1.1110957548401386,31.848565449492355,31.252265253826952,9.231412336518593,10.29606070808591
3,15,10.614142543240256,0.1536548324977656,10.46048771074249,1.142649216065546,31.800210507327332,31.252265253826952,15.311260386743614,10.29606070808591
3,16,8.237867131526912,0.33426077674630467,7.9036063547806075,1.195106508017624,30.439319178887022,31.252265253826952,15.752847892614923,10.29606070808591
3,17,4.024786415262176,0.6092953613024961,3.4154910539596806,0.9696536961752671,30.155098296005665,31.252265253826952,4.782899333287573,10.29606070808591
3,18,3.234682896638725,0.023311434633320055,3.211371462005405,0.8202886295241953,31.036350071695704,31.252265253826952,0.102858989091406,10.29606070808591
3,19,3.233300010322029,0.020562953552452093,3.2127370567695768,0.816698730221787,31.04947080310944,31.252265253826952,0.1251389698027931,10.29606070808591
3,20,3.2296070558651797,0.021326477606180488,3.208280578258999,0.8174540816986366,31.045739921781582,31.252265253826952,0.0015044802140787821,10.29606070808591
3,21,3.22960683056366,0.021359466129346596,3.2082473644343135,0.8175314035407516,31.045579665927775,31.252265253826952,3.9678674816832474e-05,10.29606070808591
3,22,3.22960683056366,0.021359466129346596,3.2082473644343135,0.8175314035407516,31.045579665927775,31.252265253826952,3.9678674816832474e-05,10.29606070808591
3,23,3.22960683056366,0.021359466129346596,3.2082473644343135,0.8175314035407516,31.045579665927775,31.252265253826952,3.9678674816832474e-05,10.29606070808591
3,24,3.22960683056366,0.021359466129346596,3.2082473644343135,0.8175314035407516,31.045579665927775,31.252265253826952,3.9678674816832474e-05,10.29606070808591
3,25,3.22960683056366,0.021359466129346596,3.2082473644343135,0.8175314035407516,31.045579665927775,31.252265253826952,3.9678674816832474e-05,10.29606070808591
3,26,3.22960683056366,0.021359466129346596,3.2082473644343135,0.8175314035407516,31.045579665927775,31.252265253826952,3.9678674816832474e-05,10.29606070808591
3,27,3.22960683056366,0.021359466129346596,3.2082473644343135,0.8175314035407516,31.045579665927775,31.252265253826952,3.9678674816832474e-05,10.29606070808591
3,28,3.22960683056366,0.021359466129346596,3.2082473644343135,0.8175314035407516,31.045579665927775,31.252265253826952,3.9678674816832474e-05,10.29606070808591
3,29,3.22960683056366,0.021359466129346596,3.2082473644343135,0.8175314035407516,31.045579665927775,31.252265253826952,3.9678674816832474e-05,10.29606070808591
3,30,3.22960683056366,0.021359466129346596,3.2082473644343135,0.8175314035407516,31.045579665927775,31.252265253826952,3.9678674816832474e-05,10.29606070808591
3,31,3.22960683056366,0.021359466129346596,3.2082473644343135,0.8175314035407516,31.045579665927775,31.252265253826952,3.9678674816832474e-05,10.29606070808591
3,32,3.22960683056366,0.021359466129346596,3.2082473644343135,0.8175314035407516,31.045579665927775,31.252265253826952,3.9678674816832474e-05,10.29606070808591
3,33,3.22960683056366,0.021359466129346596,3.2082473644343135,0.8175314035407516,31.045579665927775,31.252265253826952,3.9678674816832474e-05,10.29606070808591
3,34,3.22960683056366,0.021359466129346596,3.2082473644343135,0.8175314035407516,31.045579665927775,31.252265253826952,3.9678674816832474e-05,10.29606070808591
3,35,3.22960683056366,0.021359466129346596,3.2082473644343135,0.8175314035407516,31.045579665927775,31.252265253826952,3.9678674816832474e-05,10.29606070808591
3,36,3.22960683056366,0.021359466129346596,3.2082473644343135,0.8175314035407516,31.045579665927775,31.252265253826952,3.9678674816832474e-05,10.29606070808591
3,37,3.22960683056366,0.021359466129346596,3.2082473644343135,0.8175314035407516,31.045579665927775,31.252265253826952,3.9678674816832474e-05,10.29606070808591
3,38,3.22960683056366,0.021359466129346596,3.2082473644343135,0.8175314035407516,31.045579665927775,31.252265253826952,3.9678674816832474e-05,10.29606070808591
3,39,3.22960683056366,0.021359466129346596,3.2082473644343135,0.8175314035407516,31.045579665927775,31.252265253826952,3.9678674816832474e-05,10.29606070808591
3,40,3.22960683056366,0.021359466129346596,3.2082473644343135,0.8175314035407516,31.045579665927775,31.252265253826952,3.9678674816832474e-05,10.29606070808591
3,41,3.22960683056366,0.021359466129346596,3.2082473644343135,0.8175314035407516,31.045579665927775,31.252265253826952,3.9678674816832474e-05,10.29606070808591
3,42,3.22960683056366,0.021359466129346596,3.2082473644343135,0.8175314035407516,31.045579665927775,31.252265253826952,3.9678674816832474e-05,10.29606070808591
3,43,3.22960683056366,0.021359466129346596,3.2082473644343135,0.8175314035407516,31.045579665927775,31.252265253826952,3.9678674816832474e-05,10.29606070808591
3,44,3.22960683056366,0.021359466129346596,3.2082473644343135,0.8175314035407516,31.045579665927775,31.252265253826952,3.9678674816832474e-05,10.29606070808591
3,45,3.22960683056366,0.021359466129346596,3.2082473644343135,0.8175314035407516,31.045579665927775,31.252265253826952,3.9678674816832474e-05,10.29606070808591
3,46,3.22960683056366,0.021359466129346596,3.2082473644343135,0.8175314035407516,31.045579665927775,31.252265253826952,3.9678674816832474e-05,10.29606070808591
3,47,3.22960683056366,0.021359466129346596,3.2082473644343135,0.8175314035407516,31.045579665927775,31.252265253826952,3.9678674816832474e-05,10.29606070808591
3,48,3.22960683056366,0.021359466129346596,3.2082473644343135,0.8175314035407516,31.045579665927775,31.252265253826952,3.9678674816832474e-05,10.29606070808591
3,49,3.22960683056366,0.021359466129346596,3.2082473644343135,0.8175314035407516,31.045579665927775,31.252265253826952,3.9678674816832474e-05,10.29606070808591
3,50,3.22960683056366,0.021359466129346596,3.2082473644343135,0.8175314035407516,31.045579665927775,31.252265253826952,3.9678674816832474e-05,10.29606070808591
3,51,3.22960683056366,0.021359466129346596,3.2082473644343135,0.8175314035407516,31.045579665927775,31.252265253826952,3.9678674816832474e-05,10.29606070808591
3,52,3.22960683056366,0.021359466129346596,3.2082473644343135,0.8175314035407516,31.045579665927775,31.252265253826952,3.9678674816832474e-05,10.29606070808591
3,53,3.22960683056366,0.021359466129346596,3.2082473644343135,0.8175314035407516,31.045579665927775,31.252265253826952,3.9678674816832474e-05,10.29606070808591
3,54,3.22960683056366,0.021359466129346596,3.2082473644343135,0.8175314035407516,31.045579665927775,31.252265253826952,3.9678674816832474e-05,10.29606070808591
3,55,3.22960683056366,0.021359466129346596,3.2082473644343135,0.8175314035407516,31.045579665927775,31.252265253826952,3.9678674816832474e-05,10.29606070808591
3,56,3.22960683056366,0.021359466129346596,3.2082473644343135,0.8175314035407516,31.045579665927775,31.252265253826952,3.9678674816832474e-05,10.29606070808591
3,57,3.22960683056366,0.021359466129346596,3.2082473644343135,0.8175314035407516,31.045579665927775,31.252265253826952,3.9678674816832474e-05,10.29606070808591
3,58,3.22960683056366,0.021359466129346596,3.2082473644343135,0.8175314035407516,31.045579665927775,31.252265253826952,3.9678674816832474e-05,10.29606070808591
3,59,3.22960683056366,0.021359466129346596,3.2082473644343135,0.8175314035407516,31.045579665927775,31.252265253826952,3.9678674816832474e-05,10.29606070808591
3,60,3.22960683056366,0.021359466129346596,3.2082473644343135,0.8175314035407516,31.045579665927775,31.252265253826952,3.9678674816832474e-05,10.29606070808591
3,61,3.22960683056366,0.021359466129346596,3.2082473644343135,0.8175314035407516,31.045579665927775,31.252265253826952,3.9678674816832474e-05,10.29606070808591
3,62,3.22960683056366,0.021359466129346596,3.2082473644343135,0.8175314035407516,31.045579665927775,31.252265253826952,3.9678674816832474e-05,10.29606070808591
3,63,3.22960683056366,0.021359466129346596,3.2082473644343135,0.8175314035407516,31.045579665927775,31.252265253826952,3.9678674816832474e-05,10.29606070808591
3,64,3.22960683056366,0.021359466129346596,3.2082473644343135,0.8175314035407516,31.045579665927775,31.252265253826952,3.9678674816832474e-05,10.29606070808591
3,65,3.22960683056366,0.021359466129346596,3.2082473644343135,0.8175314035407516,31.045579665927775,31.252265253826952,3.9678674816832474e-05,10.29606070808591
3,66,3.22960683056366,0.021359466129346596,3.2082473644343135,0.8175314035407516,31.045579665927775,31.252265253826952,3.9678674816832474e-05,10.29606070808591
3,67,3.22960683056366,0.021359466129346596,3.2082473644343135,0.8175314035407516,31.045579665927775,31.252265253826952,3.9678674816832474e-05,10.29606070808591
3,68,3.22960683056366,0.021359466129346596,3.2082473644343135,0.8175314035407516,31.045579665927775,31.252265253826952,3.9678674816832474e-05,10.29606070808591
3,69,3.22960683056366,0.021359466129346596,3.2082473644343135,0.8175314035407516,31.045579665927775,31.252265253826952,3.9678674816832474e-05,10.29606070808591
3,70,3.22960683056366,0.021359466129346596,3.2082473644343135,0.8175314035407516,31.045579665927775,31.252265253826952,3.9678674816832474e-05,10.29606070808591
3,71,3.22960683056366,0.021359466129346596,3.2082473644343135,0.8175314035407516,31.045579665927775,31.252265253826952,3.9678674816832474e-05,10.29606070808591
3,72,3.22960683056366,0.021359466129346596,3.2082473644343135,0.8175314035407516,31.045579665927775,31.252265253826952,3.9678674816832474e-05,10.29606070808591
3,73,3.22960683056366,0.021359466129346596,3.2082473644343135,0.8175314035407516,31.045579665927775,31.252265253826952,3.9678674816832474e-05,10.29606070808591
3,74,3.22960683056366,0.021359466129346596,3.2082473644343135,0.8175314035407516,31.045579665927775,31.252265253826952,3.9678674816832474e-05,10.29606070808591
3,75,3.22960683056366,0.021359466129346596,3.2082473644343135,0.8175314035407516,31.045579665927775,31.252265253826952,3.9678674816832474e-05,10.29606070808591
3,76,3.22960683056366,0.021359466129346596,3.2082473644343135,0.8175314035407516,31.045579665927775,31.252265253826952,3.9678674816832474e-05,10.29606070808591
3,77,3.22960683056366,0.021359466129346596,3.2082473644343135,0.8175314035407516,31.045579665927775,31.252265253826952,3.9678674816832474e-05,10.29606070808591
3,78,3.22960683056366,0.021359466129346596,3.2082473644343135,0.8175314035407516,31.045579665927775,31.252265253826952,3.9678674816832474e-05,10.29606070808591
3,79,3.22960683056366,0.021359466129346596,3.2082473644343135,0.8175314035407516,31.045579665927775,31.252265253826952,3.9678674816832474e-05,10.29606070808591
3,80,3.22960683056366,0.021359466129346596,3.2082473644343135,0.8175314035407516,31.045579665927775,31.252265253826952,3.9678674816832474e-05,10.29606070808591
3,81,3.22960683056366,0.021359466129346596,3.2082473644343135,0.8175314035407516,31.045579665927775,31.252265253826952,3.9678674816832474e-05,10.29606070808591
3,82,3.22960683056366,0.021359466129346596,3.2082473644343135,0.8175314035407516,31.045579665927775,31.252265253826952,3.9678674816832474e-05,10.29606070808591
3,83,3.22960683056366,0.021359466129346596,3.2082473644343135,0.8175314035407516,31.045579665927775,31.252265253826952,3.9678674816832474e-05,10.29606070808591
3,84,3.22960683056366,0.021359466129346596,3.2082473644343135,0.8175314035407516,31.045579665927775,31.252265253826952,3.9678674816832474e-05,10.29606070808591
3,85,3.22960683056366,0.021359466129346596,3.2082473644343135,0.8175314035407516,31.045579665927775,31.252265253826952,3.9678674816832474e-05,10.29606070808591
3,86,3.22960683056366,0.021359466129346596,3.2082473644343135,0.8175314035407516,31.045579665927775,31.252265253826952,3.9678674816832474e-05,10.29606070808591
3,87,3.22960683056366,0.021359466129346596,3.2082473644343135,0.8175314035407516,31.045579665927775,31.252265253826952,3.9678674816832474e-05,10.29606070808591
3,88,3.22960683056366,0.021359466129346596,3.2082473644343135,0.8175314035407516,31.045579665927775,31.252265253826952,3.9678674816832474e-05,10.29606070808591
3,89,3.22960683056366,0.021359466129346596,3.2082473644343135,0.8175314035407516,31.045579665927775,31.252265253826952,3.9678674816832474e-05,10.29606070808591
3,90,3.22960683056366,0.021359466129346596,3.2082473644343135,0.8175314035407516,31.045579665927775,31.252265253826952,3.9678674816832474e-05,10.29606070808591
3,91,3.22960683056366,0.021359466129346596,3.2082473644343135,0.8175314035407516,31.045579665927775,31.252265253826952,3.9678674816832474e-05,10.29606070808591
3,92,3.22960683056366,0.021359466129346596,3.2082473644343135,0.8175314035407516,31.045579665927775,31.252265253826952,3.9678674816832474e-05,10.29606070808591
3,93,3.22960683056366,0.021359466129346596,3.2082473644343135,0.8175314035407516,31.045579665927775,31.252265253826952,3.9678674816832474e-05,10.29606070808591
3,94,3.22960683056366,0.021359466129346596,3.2082473644343135,0.8175314035407516,31.045579665927775,31.252265253826952,3.9678674816832474e-05,10.29606070808591
3,95,3.22960683056366,0.021359466129346596,3.2082473644343135,0.8175314035407516,31.045579665927775,31.252265253826952,3.9678674816832474e-05,10.29606070808591
3,96,3.22960683056366,0.021359466129346596,3.2082473644343135,0.8175314035407516,31.045579665927775,31.252265253826952,3.9678674816832474e-05,10.29606070808591
3,97,3.22960683056366,0.021359466129346596,3.2082473644343135,0.8175314035407516,31.045579665927775,31.252265253826952,3.9678674816832474e-05,10.29606070808591
3,98,3.22960683056366,0.021359466129346596,3.2082473644343135,0.8175314035407516,31.045579665927775,31.252265253826952,3.9678674816832474e-05,10.29606070808591
3,99,3.22960683056366,0.021359466129346596,3.2082473644343135,0.8175314035407516,31.045579665927775,31.252265253826952,3.9678674816832474e-05,10.29606070808591
3,100,3.22960683056366,0.021359466129346596,3.2082473644343135,0.8175314035407516,31.045579665927775,31.252265253826952,3.9678674816832474e-05,10.29606070808591
3,101,3.22960683056366,0.021359466129346596,3.2082473644343135,0.8175314035407516,31.045579665927775,31.252265253826952,3.9678674816832474e-05,10.29606070808591
3,102,3.22960683056366,0.021359466129346596,3.2082473644343135,0.8175314035407516,31.045579665927775,31.252265253826952,3.9678674816832474e-05,10.29606070808591
3,103,3.22960683056366,0.021359466129346596,3.2082473644343135,0.8175314035407516,31.045579665927775,31.252265253826952,3.9678674816832474e-05,10.29606070808591
3,104,3.22960683056366,0.021359466129346596,3.2082473644343135,0.8175314035407516,31.045579665927775,31.252265253826952,3.9678674816832474e-05,10.29606070808591
3,105,3.22960683056366,0.021359466129346596,3.2082473644343135,0.8175314035407516,31.045579665927775,31.252265253826952,3.9678674816832474e-05,10.29606070808591
3,106,3.22960683056366,0.021359466129346596,3.2082473644343135,0.8175314035407516,31.045579665927775,31.252265253826952,3.9678674816832474e-05,10.29606070808591
3,107,3.22960683056366,0.021359466129346596,3.2082473644343135,0.8175314035407516,31.045579665927775,31.252265253826952,3.9678674816832474e-05,10.29606070808591
3,108,3.22960683056366,0.021359466129346596,3.2082473644343135,0.8175314035407516,31.045579665927775,31.252265253826952,3.9678674816832474e-05,10.29606070808591
3,109,3.22960683056366,0.021359466129346596,3.2082473644343135,0.8175314035407516,31.045579665927775,31.252265253826952,3.9678674816832474e-05,10.29606070808591
3,110,3.22960683056366,0.021359466129346596,3.2082473644343135,0.8175314035407516,31.045579665927775,31.252265253826952,3.9678674816832474e-05,10.29606070808591
3,111,3.22960683056366,0.021359466129346596,3.2082473644343135,0.8175314035407516,31.045579665927775,31.252265253826952,3.9678674816832474e-05,10.29606070808591
3,112,3.22960683056366,0.021359466129346596,3.2082473644343135,0.8175314035407516,31.045579665927775,31.252265253826952,3.9678674816832474e-05,10.29606070808591
3,113,3.22960683056366,0.021359466129346596,3.2082473644343135,0.8175314035407516,31.045579665927775,31.252265253826952,3.9678674816832474e-05,10.29606070808591
3,114,3.22960683056366,0.021359466129346596,3.2082473644343135,0.8175314035407516,31.045579665927775,31.252265253826952,3.9678674816832474e-05,10.29606070808591
3,115,3.22960683056366,0.021359466129346596,3.2082473644343135,0.8175314035407516,31.045579665927775,31.252265253826952,3.9678674816832474e-05,10.29606070808591
3,116,3.22960683056366,0.021359466129346596,3.2082473644343135,0.8175314035407516,31.045579665927775,31.252265253826952,3.9678674816832474e-05,10.29606070808591
3,117,3.22960683056366,0.021359466129346596,3.2082473644343135,0.8175314035407516,31.045579665927775,31.252265253826952,3.9678674816832474e-05,10.29606070808591
3,118,3.22960683056366,0.021359466129346596,3.2082473644343135,0.8175314035407516,31.045579665927775,31.252265253826952,3.9678674816832474e-05,10.29606070808591
3,119,3.22960683056366,0.021359466129346596,3.2082473644343135,0.8175314035407516,31.045579665927775,31.252265253826952,3.9678674816832474e-05,10.29606070808591
3,120,3.22960683056366,0.021359466129346596,3.2082473644343135,0.8175314035407516,31.045579665927775,31.252265253826952,3.9678674816832474e-05,10.29606070808591
3,121,3.22960683056366,0.021359466129346596,3.2082473644343135,0.8175314035407516,31.045579665927775,31.252265253826952,3.9678674816832474e-05,10.29606070808591
3,122,3.22960683056366,0.021359466129346596,3.2082473644343135,0.8175314035407516,31.045579665927775,31.252265253826952,3.9678674816832474e-05,10.29606070808591
3,123,3.22960683056366,0.021359466129346596,3.2082473644343135,0.8175314035407516,31.045579665927775,31.252265253826952,3.9678674816832474e-05,10.29606070808591
3,124,3.22960683056366,0.021359466129346596,3.2082473644343135,0.8175314035407516,31.045579665927775,31.252265253826952,3.9678674816832474e-05,10.29606070808591
3,125,3.22960683056366,0.021359466129346596,3.2082473644343135,0.8175314035407516,31.045579665927775,31.252265253826952,3.9678674816832474e-05,10.29606070808591
3,126,3.22960683056366,0.021359466129346596,3.2082473644343135,0.8175314035407516,31.045579665927775,31.252265253826952,3.9678674816832474e-05,10.29606070808591
3,127,3.22960683056366,0.021359466129346596,3.2082473644343135,0.8175314035407516,31.045579665927775,31.252265253826952,3.9678674816832474e-05,10.29606070808591
3,128,3.22960683056366,0.021359466129346596,3.2082473644343135,0.8175314035407516,31.045579665927775,31.252265253826952,3.9678674816832474e-05,10.29606070808591
3,129,3.22960683056366,0.021359466129346596,3.2082473644343135,0.8175314035407516,31.045579665927775,31.252265253826952,3.9678674816832474e-05,10.29606070808591
3,130,3.22960683056366,0.021359466129346596,3.2082473644343135,0.8175314035407516,31.045579665927775,31.252265253826952,3.9678674816832474e-05,10.29606070808591
3,131,3.22960683056366,0.021359466129346596,3.2082473644343135,0.8175314035407516,31.045579665927775,31.252265253826952,3.9678674816832474e-05,10.29606070808591
3,132,3.22960683056366,0.021359466129346596,3.2082473644343135,0.8175314035407516,31.045579665927775,31.252265253826952,3.9678674816832474e-05,10.29606070808591
3,133,3.22960683056366,0.021359466129346596,3.2082473644343135,0.8175314035407516,31.045579665927775,31.252265253826952,3.9678674816832474e-05,10.29606070808591
3,134,3.22960683056366,0.021359466129346596,3.2082473644343135,0.8175314035407516,31.045579665927775,31.252265253826952,3.9678674816832474e-05,10.29606070808591
3,135,3.22960683056366,0.021359466129346596,3.2082473644343135,0.8175314035407516,31.045579665927775,31.252265253826952,3.9678674816832474e-05,10.29606070808591
3,136,3.22960683056366,0.021359466129346596,3.2082473644343135,0.8175314035407516,31.045579665927775,31.252265253826952,3.9678674816832474e-05,10.29606070808591
3,137,3.22960683056366,0.021359466129346596,3.2082473644343135,0.8175314035407516,31.045579665927775,31.252265253826952,3.9678674816832474e-05,10.29606070808591
3,138,3.22960683056366,0.021359466129346596,3.2082473644343135,0.8175314035407516,31.045579665927775,31.252265253826952,3.9678674816832474e-05,10.29606070808591
3,139,3.22960683056366,0.021359466129346596,3.2082473644343135,0.8175314035407516,31.045579665927775,31.252265253826952,3.9678674816832474e-05,10.29606070808591
3,140,3.22960683056366,0.021359466129346596,3.2082473644343135,0.8175314035407516,31.045579665927775,31.252265253826952,3.9678674816832474e-05,10.29606070808591
3,141,3.22960683056366,0.021359466129346596,3.2082473644343135,0.8175314035407516,31.045579665927775,31.252265253826952,3.9678674816832474e-05,10.29606070808591
3,142,3.22960683056366,0.021359466129346596,3.2082473644343135,0.8175314035407516,31.045579665927775,31.252265253826952,3.9678674816832474e-05,10.29606070808591
3,143,3.22960683056366,0.021359466129346596,3.2082473644343135,0.8175314035407516,31.045579665927775,31.252265253826952,3.9678674816832474e-05,10.29606070808591
3,144,3.22960683056366,0.021359466129346596,3.2082473644343135,0.8175314035407516,31.045579665927775,31.252265253826952,3.9678674816832474e-05,10.29606070808591
3,145,3.22960683056366,0.021359466129346596,3.2082473644343135,0.8175314035407516,31.045579665927775,31.252265253826952,3.9678674816832474e-05,10.29606070808591
3,146,3.22960683056366,0.021359466129346596,3.2082473644343135,0.8175314035407516,31.045579665927775,31.252265253826952,3.9678674816832474e-05,10.29606070808591
3,147,3.22960683056366,0.021359466129346596,3.2082473644343135,0.8175314035407516,31.045579665927775,31.252265253826952,3.9678674816832474e-05,10.29606070808591
3,148,3.22960683056366,0.021359466129346596,3.2082473644343135,0.8175314035407516,31.045579665927775,31.252265253826952,3.9678674816832474e-05,10.29606070808591
3,149,3.22960683056366,0.021359466129346596,3.2082473644343135,0.8175314035407516,31.045579665927775,31.252265253826952,3.9678674816832474e-05,10.29606070808591
3,150,3.22960683056366,0.021359466129346596,3.2082473644343135,0.8175314035407516,31.045579665927775,31.252265253826952,3.9678674816832474e-05,10.29606070808591
3,151,3.22960683056366,0.021359466129346596,3.2082473644343135,0.8175314035407516,31.045579665927775,31.252265253826952,3.9678674816832474e-05,10.29606070808591
3,152,3.22960683056366,0.021359466129346596,3.2082473644343135,0.8175314035407516,31.045579665927775,31.252265253826952,3.9678674816832474e-05,10.29606070808591
3,153,3.22960683056366,0.021359466129346596,3.2082473644343135,0.8175314035407516,31.045579665927775,31.252265253826952,3.9678674816832474e-05,10.29606070808591
3,154,3.22960683056366,0.021359466129346596,3.2082473644343135,0.8175314035407516,31.045579665927775,31.252265253826952,3.9678674816832474e-05,10.29606070808591
3,155,3.22960683056366,0.021359466129346596,3.2082473644343135,0.8175314035407516,31.045579665927775,31.252265253826952,3.9678674816832474e-05,10.29606070808591
3,156,3.22960683056366,0.021359466129346596,3.2082473644343135,0.8175314035407516,31.045579665927775,31.252265253826952,3.9678674816832474e-05,10.29606070808591
3,157,3.22960683056366,0.021359466129346596,3.2082473644343135,0.8175314035407516,31.045579665927775,31.252265253826952,3.9678674816832474e-05,10.29606070808591
3,158,3.22960683056366,0.021359466129346596,3.2082473644343135,0.8175314035407516,31.045579665927775,31.252265253826952,3.9678674816832474e-05,10.29606070808591
3,159,3.22960683056366,0.021359466129346596,3.2082473644343135,0.8175314035407516,31.045579665927775,31.252265253826952,3.9678674816832474e-05,10.29606070808591
3,160,3.22960683056366,0.021359466129346596,3.2082473644343135,0.8175314035407516,31.045579665927775,31.252265253826952,3.9678674816832474e-05,10.29606070808591
3,161,3.22960683056366,0.021359466129346596,3.2082473644343135,0.8175314035407516,31.045579665927775,31.252265253826952,3.9678674816832474e-05,10.29606070808591
3,162,3.22960683056366,0.021359466129346596,3.2082473644343135,0.8175314035407516,31.045579665927775,31.252265253826952,3.9678674816832474e-05,10.29606070808591
3,163,3.22960683056366,0.021359466129346596,3.2082473644343135,0.8175314035407516,31.045579665927775,31.252265253826952,3.9678674816832474e-05,10.29606070808591
3,164,3.22960683056366,0.021359466129346596,3.2082473644343135,0.8175314035407516,31.045579665927775,31.252265253826952,3.9678674816832474e-05,10.29606070808591
3,165,3.22960683056366,0.021359466129346596,3.2082473644343135,0.8175314035407516,31.045579665927775,31.252265253826952,3.9678674816832474e-05,10.29606070808591
3,166,3.22960683056366,0.021359466129346596,3.2082473644343135,0.8175314035407516,31.045579665927775,31.252265253826952,3.9678674816832474e-05,10.29606070808591
3,167,3.22960683056366,0.021359466129346596,3.2082473644343135,0.8175314035407516,31.045579665927775,31.252265253826952,3.9678674816832474e-05,10.29606070808591
3,168,3.22960683056366,0.021359466129346596,3.2082473644343135,0.8175314035407516,31.045579665927775,31.252265253826952,3.9678674816832474e-05,10.29606070808591
3,169,3.22960683056366,0.021359466129346596,3.2082473644343135,0.8175314035407516,31.045579665927775,31.252265253826952,3.9678674816832474e-05,10.29606070808591
3,170,3.22960683056366,0.021359466129346596,3.2082473644343135,0.8175314035407516,31.045579665927775,31.252265253826952,3.9678674816832474e-05,10.29606070808591
3,171,3.22960683056366,0.021359466129346596,3.2082473644343135,0.8175314035407516,31.045579665927775,31.252265253826952,3.9678674816832474e-05,10.29606070808591
3,172,3.22960683056366,0.021359466129346596,3.2082473644343135,0.8175314035407516,31.045579665927775,31.252265253826952,3.9678674816832474e-05,10.29606070808591
3,173,3.22960683056366,0.021359466129346596,3.2082473644343135,0.8175314035407516,31.045579665927775,31.252265253826952,3.9678674816832474e-05,10.29606070808591
3,174,3.22960683056366,0.021359466129346596,3.2082473644343135,0.8175314035407516,31.045579665927775,31.252265253826952,3.9678674816832474e-05,10.29606070808591
3,175,3.22960683056366,0.021359466129346596,3.2082473644343135,0.8175314035407516,31.045579665927775,31.252265253826952,3.9678674816832474e-05,10.29606070808591
3,176,3.22960683056366,0.021359466129346596,3.2082473644343135,0.8175314035407516,31.045579665927775,31.252265253826952,3.9678674816832474e-05,10.29606070808591
3,177,3.22960683056366,0.021359466129346596,3.2082473644343135,0.8175314035407516,31.045579665927775,31.252265253826952,3.9678674816832474e-05,10.29606070808591
3,178,3.22960683056366,0.021359466129346596,3.2082473644343135,0.8175314035407516,31.045579665927775,31.252265253826952,3.9678674816832474e-05,10.29606070808591
3,179,3.22960683056366,0.021359466129346596,3.2082473644343135,0.8175314035407516,31.045579665927775,31.252265253826952,3.9678674816832474e-05,10.29606070808591
3,180,3.22960683056366,0.021359466129346596,3.2082473644343135,0.8175314035407516,31.045579665927775,31.252265253826952,3.9678674816832474e-05,10.29606070808591
3,181,3.22960683056366,0.021359466129346596,3.2082473644343135,0.8175314035407516,31.045579665927775,31.252265253826952,3.9678674816832474e-05,10.29606070808591
3,182,3.22960683056366,0.021359466129346596,3.2082473644343135,0.8175314035407516,31.045579665927775,31.252265253826952,3.9678674816832474e-05,10.29606070808591
3,183,3.22960683056366,0.021359466129346596,3.2082473644343135,0.8175314035407516,31.045579665927775,31.252265253826952,3.9678674816832474e-05,10.29606070808591
3,184,3.22960683056366,0.021359466129346596,3.2082473644343135,0.8175314035407516,31.045579665927775,31.252265253826952,3.9678674816832474e-05,10.29606070808591
3,185,3.22960683056366,0.021359466129346596,3.2082473644343135,0.8175314035407516,31.045579665927775,31.252265253826952,3.9678674816832474e-05,10.29606070808591
3,186,3.22960683056366,0.021359466129346596,3.2082473644343135,0.8175314035407516,31.045579665927775,31.252265253826952,3.9678674816832474e-05,10.29606070808591
3,187,3.22960683056366,0.021359466129346596,3.2082473644343135,0.8175314035407516,31.045579665927775,31.252265253826952,3.9678674816832474e-05,10.29606070808591
3,188,3.22960683056366,0.021359466129346596,3.2082473644343135,0.8175314035407516,31.045579665927775,31.252265253826952,3.9678674816832474e-05,10.29606070808591
3,189,3.22960683056366,0.021359466129346596,3.2082473644343135,0.8175314035407516,31.045579665927775,31.252265253826952,3.9678674816832474e-05,10.29606070808591
3,190,3.22960683056366,0.021359466129346596,3.2082473644343135,0.8175314035407516,31.045579665927775,31.252265253826952,3.9678674816832474e-05,10.29606070808591
3,191,3.22960683056366,0.021359466129346596,3.2082473644343135,0.8175314035407516,31.045579665927775,31.252265253826952,3.9678674816832474e-05,10.29606070808591
3,192,3.22960683056366,0.021359466129346596,3.2082473644343135,0.8175314035407516,31.045579665927775,31.252265253826952,3.9678674816832474e-05,10.29606070808591
3,193,3.22960683056366,0.021359466129346596,3.2082473644343135,0.8175314035407516,31.045579665927775,31.252265253826952,3.9678674816832474e-05,10.29606070808591
3,194,3.22960683056366,0.021359466129346596,3.2082473644343135,0.8175314035407516,31.045579665927775,31.252265253826952,3.9678674816832474e-05,10.29606070808591
3,195,3.22960683056366,0.021359466129346596,3.2082473644343135,0.8175314035407516,31.045579665927775,31.252265253826952,3.9678674816832474e-05,10.29606070808591
3,196,3.22960683056366,0.021359466129346596,3.2082473644343135,0.8175314035407516,31.045579665927775,31.252265253826952,3.9678674816832474e-05,10.29606070808591
3,197,3.22960683056366,0.021359466129346596,3.2082473644343135,0.8175314035407516,31.045579665927775,31.252265253826952,3.9678674816832474e-05,10.29606070808591
3,198,3.22960683056366,0.021359466129346596,3.2082473644343135,0.8175314035407516,31.045579665927775,31.252265253826952,3.9678674816832474e-05,10.29606070808591
3,199,3.22960683056366,0.021359466129346596,3.2082473644343135,0.8175314035407516,31.045579665927775,31.252265253826952,3.9678674816832474e-05,10.29606070808591
3,200,3.22960683056366,0.021359466129346596,3.2082473644343135,0.8175314035407516,31.045579665927775,31.252265253826952,3.9678674816832474e-05,10.29606070808591
3,201,3.22960683056366,0.021359466129346596,3.2082473644343135,0.8175314035407516,31.045579665927775,31.252265253826952,3.9678674816832474e-05,10.29606070808591
3,202,3.22960683056366,0.021359466129346596,3.2082473644343135,0.8175314035407516,31.045579665927775,31.252265253826952,3.9678674816832474e-05,10.29606070808591
3,203,3.22960683056366,0.021359466129346596,3.2082473644343135,0.8175314035407516,31.045579665927775,31.252265253826952,3.9678674816832474e-05,10.29606070808591
3,204,3.22960683056366,0.021359466129346596,3.2082473644343135,0.8175314035407516,31.045579665927775,31.252265253826952,3.9678674816832474e-05,10.29606070808591
3,205,3.22960683056366,0.021359466129346596,3.2082473644343135,0.8175314035407516,31.045579665927775,31.252265253826952,3.9678674816832474e-05,10.29606070808591
3,206,3.22960683056366,0.021359466129346596,3.2082473644343135,0.8175314035407516,31.045579665927775,31.252265253826952,3.9678674816832474e-05,10.29606070808591
3,207,3.22960683056366,0.021359466129346596,3.2082473644343135,0.8175314035407516,31.045579665927775,31.252265253826952,3.9678674816832474e-05,10.29606070808591
3,208,3.22960683056366,0.021359466129346596,3.2082473644343135,0.8175314035407516,31.045579665927775,31.252265253826952,3.9678674816832474e-05,10.29606070808591
3,209,3.22960683056366,0.021359466129346596,3.2082473644343135,0.8175314035407516,31.045579665927775,31.252265253826952,3.9678674816832474e-05,10.29606070808591
3,210,3.22960683056366,0.021359466129346596,3.2082473644343135,0.8175314035407516,31.045579665927775,31.252265253826952,3.9678674816832474e-05,10.29606070808591
3,211,3.22960683056366,0.021359466129346596,3.2082473644343135,0.8175314035407516,31.045579665927775,31.252265253826952,3.9678674816832474e-05,10.29606070808591
3,212,3.22960683056366,0.021359466129346596,3.2082473644343135,0.8175314035407516,31.045579665927775,31.252265253826952,3.9678674816832474e-05,10.29606070808591
3,213,3.22960683056366,0.021359466129346596,3.2082473644343135,0.8175314035407516,31.045579665927775,31.252265253826952,3.9678674816832474e-05,10.29606070808591
3,214,3.22960683056366,0.021359466129346596,3.2082473644343135,0.8175314035407516,31.045579665927775,31.252265253826952,3.9678674816832474e-05,10.29606070808591
3,215,3.22960683056366,0.021359466129346596,3.2082473644343135,0.8175314035407516,31.045579665927775,31.252265253826952,3.9678674816832474e-05,10.29606070808591
3,216,3.22960683056366,0.021359466129346596,3.2082473644343135,0.8175314035407516,31.045579665927775,31.252265253826952,3.9678674816832474e-05,10.29606070808591
3,217,3.22960683056366,0.021359466129346596,3.2082473644343135,0.8175314035407516,31.045579665927775,31.252265253826952,3.9678674816832474e-05,10.29606070808591
3,218,3.22960683056366,0.021359466129346596,3.2082473644343135,0.8175314035407516,31.045579665927775,31.252265253826952,3.9678674816832474e-05,10.29606070808591
3,219,3.22960683056366,0.021359466129346596,3.2082473644343135,0.8175314035407516,31.045579665927775,31.252265253826952,3.9678674816832474e-05,10.29606070808591
3,220,3.22960683056366,0.021359466129346596,3.2082473644343135,0.8175314035407516,31.045579665927775,31.252265253826952,3.9678674816832474e-05,10.29606070808591
3,221,3.22960683056366,0.021359466129346596,3.2082473644343135,0.8175314035407516,31.045579665927775,31.252265253826952,3.9678674816832474e-05,10.29606070808591
3,222,3.22960683056366,0.021359466129346596,3.2082473644343135,0.8175314035407516,31.045579665927775,31.252265253826952,3.9678674816832474e-05,10.29606070808591
3,223,3.22960683056366,0.021359466129346596,3.2082473644343135,0.8175314035407516,31.045579665927775,31.252265253826952,3.9678674816832474e-05,10.29606070808591
3,224,3.22960683056366,0.021359466129346596,3.2082473644343135,0.8175314035407516,31.045579665927775,31.252265253826952,3.9678674816832474e-05,10.29606070808591
3,225,3.22960683056366,0.021359466129346596,3.2082473644343135,0.8175314035407516,31.045579665927775,31.252265253826952,3.9678674816832474e-05,10.29606070808591
3,226,3.22960683056366,0.021359466129346596,3.2082473644343135,0.8175314035407516,31.045579665927775,31.252265253826952,3.9678674816832474e-05,10.29606070808591
3,227,3.22960683056366,0.021359466129346596,3.2082473644343135,0.8175314035407516,31.045579665927775,31.252265253826952,3.9678674816832474e-05,10.29606070808591
3,228,3.22960683056366,0.021359466129346596,3.2082473644343135,0.8175314035407516,31.045579665927775,31.252265253826952,3.9678674816832474e-05,10.29606070808591
3,229,3.22960683056366,0.021359466129346596,3.2082473644343135,0.8175314035407516,31.045579665927775,31.252265253826952,3.9678674816832474e-05,10.29606070808591
3,230,3.22960683056366,0.021359466129346596,3.2082473644343135,0.8175314035407516,31.045579665927775,31.252265253826952,3.9678674816832474e-05,10.29606070808591
3,231,3.22960683056366,0.021359466129346596,3.2082473644343135,0.8175314035407516,31.045579665927775,31.252265253826952,3.9678674816832474e-05,10.29606070808591
3,232,3.22960683056366,0.021359466129346596,3.2082473644343135,0.8175314035407516,31.045579665927775,31.252265253826952,3.9678674816832474e-05,10.29606070808591
3,233,3.22960683056366,0.021359466129346596,3.2082473644343135,0.8175314035407516,31.045579665927775,31.252265253826952,3.9678674816832474e-05,10.29606070808591
3,234,3.22960683056366,0.021359466129346596,3.2082473644343135,0.8175314035407516,31.045579665927775,31.252265253826952,3.9678674816832474e-05,10.29606070808591
3,235,3.22960683056366,0.021359466129346596,3.2082473644343135,0.8175314035407516,31.045579665927775,31.252265253826952,3.9678674816832474e-05,10.29606070808591
3,236,3.22960683056366,0.021359466129346596,3.2082473644343135,0.8175314035407516,31.045579665927775,31.252265253826952,3.9678674816832474e-05,10.29606070808591
3,237,3.22960683056366,0.021359466129346596,3.2082473644343135,0.8175314035407516,31.045579665927775,31.252265253826952,3.9678674816832474e-05,10.29606070808591
3,238,3.22960683056366,0.021359466129346596,3.2082473644343135,0.8175314035407516,31.045579665927775,31.252265253826952,3.9678674816832474e-05,10.29606070808591
3,239,3.22960683056366,0.021359466129346596,3.2082473644343135,0.8175314035407516,31.045579665927775,31.252265253826952,3.9678674816832474e-05,10.29606070808591
3,240,3.22960683056366,0.021359466129346596,3.2082473644343135,0.8175314035407516,31.045579665927775,31.252265253826952,3.9678674816832474e-05,10.29606070808591
3,241,3.22960683056366,0.021359466129346596,3.2082473644343135,0.8175314035407516,31.045579665927775,31.252265253826952,3.9678674816832474e-05,10.29606070808591
3,242,3.22960683056366,0.021359466129346596,3.2082473644343135,0.8175314035407516,31.045579665927775,31.252265253826952,3.9678674816832474e-05,10.29606070808591
3,243,3.22960683056366,0.021359466129346596,3.2082473644343135,0.8175314035407516,31.045579665927775,31.252265253826952,3.9678674816832474e-05,10.29606070808591
3,244,3.22960683056366,0.021359466129346596,3.2082473644343135,0.8175314035407516,31.045579665927775,31.252265253826952,3.9678674816832474e-05,10.29606070808591
3,245,3.22960683056366,0.021359466129346596,3.2082473644343135,0.8175314035407516,31.045579665927775,31.252265253826952,3.9678674816832474e-05,10.29606070808591
3,246,3.22960683056366,0.021359466129346596,3.2082473644343135,0.8175314035407516,31.045579665927775,31.252265253826952,3.9678674816832474e-05,10.29606070808591
3,247,3.22960683056366,0.021359466129346596,3.2082473644343135,0.8175314035407516,31.045579665927775,31.252265253826952,3.9678674816832474e-05,10.29606070808591
3,248,3.22960683056366,0.021359466129346596,3.2082473644343135,0.8175314035407516,31.045579665927775,31.252265253826952,3.9678674816832474e-05,10.29606070808591
3,249,3.22960683056366,0.021359466129346596,3.2082473644343135,0.8175314035407516,31.045579665927775,31.252265253826952,3.9678674816832474e-05,10.29606070808591
3,250,3.22960683056366,0.021359466129346596,3.2082473644343135,0.8175314035407516,31.045579665927775,31.252265253826952,3.9678674816832474e-05,10.29606070808591
3,251,3.22960683056366,0.021359466129346596,3.2082473644343135,0.8175314035407516,31.045579665927775,31.252265253826952,3.9678674816832474e-05,10.29606070808591
3,252,3.22960683056366,0.021359466129346596,3.2082473644343135,0.8175314035407516,31.045579665927775,31.252265253826952,3.9678674816832474e-05,10.29606070808591
3,253,3.22960683056366,0.021359466129346596,3.2082473644343135,0.8175314035407516,31.045579665927775,31.252265253826952,3.9678674816832474e-05,10.29606070808591
3,254,3.22960683056366,0.021359466129346596,3.2082473644343135,0.8175314035407516,31.045579665927775,31.252265253826952,3.9678674816832474e-05,10.29606070808591
3,255,3.22960683056366,0.021359466129346596,3.2082473644343135,0.8175314035407516,31.045579665927775,31.252265253826952,3.9678674816832474e-05,10.29606070808591
3,256,3.22960683056366,0.021359466129346596,3.2082473644343135,0.8175314035407516,31.045579665927775,31.252265253826952,3.9678674816832474e-05,10.29606070808591
3,257,3.22960683056366,0.021359466129346596,3.2082473644343135,0.8175314035407516,31.045579665927775,31.252265253826952,3.9678674816832474e-05,10.29606070808591
3,258,3.22960683056366,0.021359466129346596,3.2082473644343135,0.8175314035407516,31.045579665927775,31.252265253826952,3.9678674816832474e-05,10.29606070808591
3,259,3.22960683056366,0.021359466129346596,3.2082473644343135,0.8175314035407516,31.045579665927775,31.252265253826952,3.9678674816832474e-05,10.29606070808591
3,260,3.22960683056366,0.021359466129346596,3.2082473644343135,0.8175314035407516,31.045579665927775,31.252265253826952,3.9678674816832474e-05,10.29606070808591
3,261,3.22960683056366,0.021359466129346596,3.2082473644343135,0.8175314035407516,31.045579665927775,31.252265253826952,3.9678674816832474e-05,10.29606070808591
3,262,3.22960683056366,0.021359466129346596,3.2082473644343135,0.8175314035407516,31.045579665927775,31.252265253826952,3.9678674816832474e-05,10.29606070808591
3,263,3.22960683056366,0.021359466129346596,3.2082473644343135,0.8175314035407516,31.045579665927775,31.252265253826952,3.9678674816832474e-05,10.29606070808591
3,264,3.22960683056366,0.021359466129346596,3.2082473644343135,0.8175314035407516,31.045579665927775,31.252265253826952,3.9678674816832474e-05,10.29606070808591
3,265,3.22960683056366,0.021359466129346596,3.2082473644343135,0.8175314035407516,31.045579665927775,31.252265253826952,3.9678674816832474e-05,10.29606070808591
3,266,3.22960683056366,0.021359466129346596,3.2082473644343135,0.8175314035407516,31.045579665927775,31.252265253826952,3.9678674816832474e-05,10.29606070808591
3,267,3.22960683056366,0.021359466129346596,3.2082473644343135,0.8175314035407516,31.045579665927775,31.252265253826952,3.9678674816832474e-05,10.29606070808591
3,268,3.22960683056366,0.021359466129346596,3.2082473644343135,0.8175314035407516,31.045579665927775,31.252265253826952,3.9678674816832474e-05,10.29606070808591
3,269,3.22960683056366,0.021359466129346596,3.2082473644343135,0.8175314035407516,31.045579665927775,31.252265253826952,3.9678674816832474e-05,10.29606070808591
3,270,3.22960683056366,0.021359466129346596,3.2082473644343135,0.8175314035407516,31.045579665927775,31.252265253826952,3.9678674816832474e-05,10.29606070808591
3,271,3.22960683056366,0.021359466129346596,3.2082473644343135,0.8175314035407516,31.045579665927775,31.252265253826952,3.9678674816832474e-05,10.29606070808591
3,272,3.22960683056366,0.021359466129346596,3.2082473644343135,0.8175314035407516,31.045579665927775,31.252265253826952,3.9678674816832474e-05,10.29606070808591
3,273,3.22960683056366,0.021359466129346596,3.2082473644343135,0.8175314035407516,31.045579665927775,31.252265253826952,3.9678674816832474e-05,10.29606070808591
3,274,3.22960683056366,0.021359466129346596,3.2082473644343135,0.8175314035407516,31.045579665927775,31.252265253826952,3.9678674816832474e-05,10.29606070808591
3,275,3.22960683056366,0.021359466129346596,3.2082473644343135,0.8175314035407516,31.045579665927775,31.252265253826952,3.9678674816832474e-05,10.29606070808591
3,276,3.22960683056366,0.021359466129346596,3.2082473644343135,0.8175314035407516,31.045579665927775,31.252265253826952,3.9678674816832474e-05,10.29606070808591
3,277,3.22960683056366,0.021359466129346596,3.2082473644343135,0.8175314035407516,31.045579665927775,31.252265253826952,3.9678674816832474e-05,10.29606070808591
3,278,3.22960683056366,0.021359466129346596,3.2082473644343135,0.8175314035407516,31.045579665927775,31.252265253826952,3.9678674816832474e-05,10.29606070808591
3,279,3.22960683056366,0.021359466129346596,3.2082473644343135,0.8175314035407516,31.045579665927775,31.252265253826952,3.9678674816832474e-05,10.29606070808591
3,280,3.22960683056366,0.021359466129346596,3.2082473644343135,0.8175314035407516,31.045579665927775,31.252265253826952,3.9678674816832474e-05,10.29606070808591
3,281,3.22960683056366,0.021359466129346596,3.2082473644343135,0.8175314035407516,31.045579665927775,31.252265253826952,3.9678674816832474e-05,10.29606070808591
3,282,3.22960683056366,0.021359466129346596,3.2082473644343135,0.8175314035407516,31.045579665927775,31.252265253826952,3.9678674816832474e-05,10.29606070808591
3,283,3.22960683056366,0.021359466129346596,3.2082473644343135,0.8175314035407516,31.045579665927775,31.252265253826952,3.9678674816832474e-05,10.29606070808591
3,284,3.22960683056366,0.021359466129346596,3.2082473644343135,0.8175314035407516,31.045579665927775,31.252265253826952,3.9678674816832474e-05,10.29606070808591
3,285,3.22960683056366,0.021359466129346596,3.2082473644343135,0.8175314035407516,31.045579665927775,31.252265253826952,3.9678674816832474e-05,10.29606070808591
3,286,3.22960683056366,0.021359466129346596,3.2082473644343135,0.8175314035407516,31.045579665927775,31.252265253826952,3.9678674816832474e-05,10.29606070808591
3,287,3.22960683056366,0.021359466129346596,3.2082473644343135,0.8175314035407516,31.045579665927775,31.252265253826952,3.9678674816832474e-05,10.29606070808591
3,288,3.22960683056366,0.021359466129346596,3.2082473644343135,0.8175314035407516,31.045579665927775,31.252265253826952,3.9678674816832474e-05,10.29606070808591
3,289,3.22960683056366,0.021359466129346596,3.2082473644343135,0.8175314035407516,31.045579665927775,31.252265253826952,3.9678674816832474e-05,10.29606070808591
3,290,3.22960683056366,0.021359466129346596,3.2082473644343135,0.8175314035407516,31.045579665927775,31.252265253826952,3.9678674816832474e-05,10.29606070808591
3,291,3.22960683056366,0.021359466129346596,3.2082473644343135,0.8175314035407516,31.045579665927775,31.252265253826952,3.9678674816832474e-05,10.29606070808591
3,292,3.22960683056366,0.021359466129346596,3.2082473644343135,0.8175314035407516,31.045579665927775,31.252265253826952,3.9678674816832474e-05,10.29606070808591
3,293,3.22960683056366,0.021359466129346596,3.2082473644343135,0.8175314035407516,31.045579665927775,31.252265253826952,3.9678674816832474e-05,10.29606070808591
3,294,3.22960683056366,0.021359466129346596,3.2082473644343135,0.8175314035407516,31.045579665927775,31.252265253826952,3.9678674816832474e-05,10.29606070808591
3,295,3.22960683056366,0.021359466129346596,3.2082473644343135,0.8175314035407516,31.045579665927775,31.252265253826952,3.9678674816832474e-05,10.29606070808591
3,296,3.22960683056366,0.021359466129346596,3.2082473644343135,0.8175314035407516,31.045579665927775,31.252265253826952,3.9678674816832474e-05,10.29606070808591
3,297,3.22960683056366,0.021359466129346596,3.2082473644343135,0.8175314035407516,31.045579665927775,31.252265253826952,3.9678674816832474e-05,10.29606070808591
3,298,3.22960683056366,0.021359466129346596,3.2082473644343135,0.8175314035407516,31.045579665927775,31.252265253826952,3.9678674816832474e-05,10.29606070808591
3,299,3.22960683056366,0.021359466129346596,3.2082473644343135,0.8175314035407516,31.045579665927775,31.252265253826952,3.9678674816832474e-05,10.29606070808591
3,300,3.22960683056366,0.021359466129346596,3.2082473644343135,0.8175314035407516,31.045579665927775,31.252265253826952,3.9678674816832474e-05,10.29606070808591
3,301,3.22960683056366,0.021359466129346596,3.2082473644343135,0.8175314035407516,31.045579665927775,31.252265253826952,3.9678674816832474e-05,10.29606070808591
3,302,3.22960683056366,0.021359466129346596,3.2082473644343135,0.8175314035407516,31.045579665927775,31.252265253826952,3.9678674816832474e-05,10.29606070808591
3,303,3.22960683056366,0.021359466129346596,3.2082473644343135,0.8175314035407516,31.045579665927775,31.252265253826952,3.9678674816832474e-05,10.29606070808591
3,304,3.22960683056366,0.021359466129346596,3.2082473644343135,0.8175314035407516,31.045579665927775,31.252265253826952,3.9678674816832474e-05,10.29606070808591
3,305,3.22960683056366,0.021359466129346596,3.2082473644343135,0.8175314035407516,31.045579665927775,31.252265253826952,3.9678674816832474e-05,10.29606070808591
3,306,3.22960683056366,0.021359466129346596,3.2082473644343135,0.8175314035407516,31.045579665927775,31.252265253826952,3.9678674816832474e-05,10.29606070808591
3,307,3.22960683056366,0.021359466129346596,3.2082473644343135,0.8175314035407516,31.045579665927775,31.252265253826952,3.9678674816832474e-05,10.29606070808591
3,308,3.22960683056366,0.021359466129346596,3.2082473644343135,0.8175314035407516,31.045579665927775,31.252265253826952,3.9678674816832474e-05,10.29606070808591
3,309,3.22960683056366,0.021359466129346596,3.2082473644343135,0.8175314035407516,31.045579665927775,31.252265253826952,3.9678674816832474e-05,10.29606070808591
3,310,3.22960683056366,0.021359466129346596,3.2082473644343135,0.8175314035407516,31.045579665927775,31.252265253826952,3.9678674816832474e-05,10.29606070808591
3,311,3.22960683056366,0.021359466129346596,3.2082473644343135,0.8175314035407516,31.045579665927775,31.252265253826952,3.9678674816832474e-05,10.29606070808591
3,312,3.22960683056366,0.021359466129346596,3.2082473644343135,0.8175314035407516,31.045579665927775,31.252265253826952,3.9678674816832474e-05,10.29606070808591
3,313,3.22960683056366,0.021359466129346596,3.2082473644343135,0.8175314035407516,31.045579665927775,31.252265253826952,3.9678674816832474e-05,10.29606070808591
3,314,3.22960683056366,0.021359466129346596,3.2082473644343135,0.8175314035407516,31.045579665927775,31.252265253826952,3.9678674816832474e-05,10.29606070808591
3,315,3.22960683056366,0.021359466129346596,3.2082473644343135,0.8175314035407516,31.045579665927775,31.252265253826952,3.9678674816832474e-05,10.29606070808591
3,316,3.22960683056366,0.021359466129346596,3.2082473644343135,0.8175314035407516,31.045579665927775,31.252265253826952,3.9678674816832474e-05,10.29606070808591
3,317,3.22960683056366,0.021359466129346596,3.2082473644343135,0.8175314035407516,31.045579665927775,31.252265253826952,3.9678674816832474e-05,10.29606070808591
3,318,3.22960683056366,0.021359466129346596,3.2082473644343135,0.8175314035407516,31.045579665927775,31.252265253826952,3.9678674816832474e-05,10.29606070808591
3,319,3.22960683056366,0.021359466129346596,3.2082473644343135,0.8175314035407516,31.045579665927775,31.252265253826952,3.9678674816832474e-05,10.29606070808591
3,320,3.22960683056366,0.021359466129346596,3.2082473644343135,0.8175314035407516,31.045579665927775,31.252265253826952,3.9678674816832474e-05,10.29606070808591
3,321,3.22960683056366,0.021359466129346596,3.2082473644343135,0.8175314035407516,31.045579665927775,31.252265253826952,3.9678674816832474e-05,10.29606070808591
3,322,3.22960683056366,0.021359466129346596,3.2082473644343135,0.8175314035407516,31.045579665927775,31.252265253826952,3.9678674816832474e-05,10.29606070808591
3,323,3.22960683056366,0.021359466129346596,3.2082473644343135,0.8175314035407516,31.045579665927775,31.252265253826952,3.9678674816832474e-05,10.29606070808591
3,324,3.22960683056366,0.021359466129346596,3.2082473644343135,0.8175314035407516,31.045579665927775,31.252265253826952,3.9678674816832474e-05,10.29606070808591
3,325,3.22960683056366,0.021359466129346596,3.2082473644343135,0.8175314035407516,31.045579665927775,31.252265253826952,3.9678674816832474e-05,10.29606070808591
3,326,3.22960683056366,0.021359466129346596,3.2082473644343135,0.8175314035407516,31.045579665927775,31.252265253826952,3.9678674816832474e-05,10.29606070808591
3,327,3.22960683056366,0.021359466129346596,3.2082473644343135,0.8175314035407516,31.045579665927775,31.252265253826952,3.9678674816832474e-05,10.29606070808591
3,328,3.22960683056366,0.021359466129346596,3.2082473644343135,0.8175314035407516,31.045579665927775,31.252265253826952,3.9678674816832474e-05,10.29606070808591
3,329,3.22960683056366,0.021359466129346596,3.2082473644343135,0.8175314035407516,31.045579665927775,31.252265253826952,3.9678674816832474e-05,10.29606070808591
3,330,3.22960683056366,0.021359466129346596,3.2082473644343135,0.8175314035407516,31.045579665927775,31.252265253826952,3.9678674816832474e-05,10.29606070808591
3,331,3.22960683056366,0.021359466129346596,3.2082473644343135,0.8175314035407516,31.045579665927775,31.252265253826952,3.9678674816832474e-05,10.29606070808591
3,332,3.22960683056366,0.021359466129346596,3.2082473644343135,0.8175314035407516,31.045579665927775,31.252265253826952,3.9678674816832474e-05,10.29606070808591
3,333,3.22960683056366,0.021359466129346596,3.2082473644343135,0.8175314035407516,31.045579665927775,31.252265253826952,3.9678674816832474e-05,10.29606070808591
3,334,3.22960683056366,0.021359466129346596,3.2082473644343135,0.8175314035407516,31.045579665927775,31.252265253826952,3.9678674816832474e-05,10.29606070808591
3,335,3.22960683056366,0.021359466129346596,3.2082473644343135,0.8175314035407516,31.045579665927775,31.252265253826952,3.9678674816832474e-05,10.29606070808591
3,336,3.22960683056366,0.021359466129346596,3.2082473644343135,0.8175314035407516,31.045579665927775,31.252265253826952,3.9678674816832474e-05,10.29606070808591
3,337,3.22960683056366,0.021359466129346596,3.2082473644343135,0.8175314035407516,31.045579665927775,31.252265253826952,3.9678674816832474e-05,10.29606070808591
3,338,3.22960683056366,0.021359466129346596,3.2082473644343135,0.8175314035407516,31.045579665927775,31.252265253826952,3.9678674816832474e-05,10.29606070808591
3,339,3.22960683056366,0.021359466129346596,3.2082473644343135,0.8175314035407516,31.045579665927775,31.252265253826952,3.9678674816832474e-05,10.29606070808591
3,340,3.22960683056366,0.021359466129346596,3.2082473644343135,0.8175314035407516,31.045579665927775,31.252265253826952,3.9678674816832474e-05,10.29606070808591
3,341,3.22960683056366,0.021359466129346596,3.2082473644343135,0.8175314035407516,31.045579665927775,31.252265253826952,3.9678674816832474e-05,10.29606070808591
3,342,3.22960683056366,0.021359466129346596,3.2082473644343135,0.8175314035407516,31.045579665927775,31.252265253826952,3.9678674816832474e-05,10.29606070808591
3,343,3.22960683056366,0.021359466129346596,3.2082473644343135,0.8175314035407516,31.045579665927775,31.252265253826952,3.9678674816832474e-05,10.29606070808591
3,344,3.22960683056366,0.021359466129346596,3.2082473644343135,0.8175314035407516,31.045579665927775,31.252265253826952,3.9678674816832474e-05,10.29606070808591
3,345,3.22960683056366,0.021359466129346596,3.2082473644343135,0.8175314035407516,31.045579665927775,31.252265253826952,3.9678674816832474e-05,10.29606070808591
3,346,3.22960683056366,0.021359466129346596,3.2082473644343135,0.8175314035407516,31.045579665927775,31.252265253826952,3.9678674816832474e-05,10.29606070808591
3,347,3.22960683056366,0.021359466129346596,3.2082473644343135,0.8175314035407516,31.045579665927775,31.252265253826952,3.9678674816832474e-05,10.29606070808591
3,348,3.22960683056366,0.021359466129346596,3.2082473644343135,0.8175314035407516,31.045579665927775,31.252265253826952,3.9678674816832474e-05,10.29606070808591
3,349,3.22960683056366,0.021359466129346596,3.2082473644343135,0.8175314035407516,31.045579665927775,31.252265253826952,3.9678674816832474e-05,10.29606070808591
3,350,3.22960683056366,0.021359466129346596,3.2082473644343135,0.8175314035407516,31.045579665927775,31.252265253826952,3.9678674816832474e-05,10.29606070808591
3,351,3.22960683056366,0.021359466129346596,3.2082473644343135,0.8175314035407516,31.045579665927775,31.252265253826952,3.9678674816832474e-05,10.29606070808591
3,352,3.22960683056366,0.021359466129346596,3.2082473644343135,0.8175314035407516,31.045579665927775,31.252265253826952,3.9678674816832474e-05,10.29606070808591
3,353,3.22960683056366,0.021359466129346596,3.2082473644343135,0.8175314035407516,31.045579665927775,31.252265253826952,3.9678674816832474e-05,10.29606070808591
3,354,3.22960683056366,0.021359466129346596,3.2082473644343135,0.8175314035407516,31.045579665927775,31.252265253826952,3.9678674816832474e-05,10.29606070808591
3,355,3.22960683056366,0.021359466129346596,3.2082473644343135,0.8175314035407516,31.045579665927775,31.252265253826952,3.9678674816832474e-05,10.29606070808591
3,356,3.22960683056366,0.021359466129346596,3.2082473644343135,0.8175314035407516,31.045579665927775,31.252265253826952,3.9678674816832474e-05,10.29606070808591
3,357,3.22960683056366,0.021359466129346596,3.2082473644343135,0.8175314035407516,31.045579665927775,31.252265253826952,3.9678674816832474e-05,10.29606070808591
3,358,3.22960683056366,0.021359466129346596,3.2082473644343135,0.8175314035407516,31.045579665927775,31.252265253826952,3.9678674816832474e-05,10.29606070808591
3,359,3.22960683056366,0.021359466129346596,3.2082473644343135,0.8175314035407516,31.045579665927775,31.252265253826952,3.9678674816832474e-05,10.29606070808591
3,360,3.22960683056366,0.021359466129346596,3.2082473644343135,0.8175314035407516,31.045579665927775,31.252265253826952,3.9678674816832474e-05,10.29606070808591
3,361,3.22960683056366,0.021359466129346596,3.2082473644343135,0.8175314035407516,31.045579665927775,31.252265253826952,3.9678674816832474e-05,10.29606070808591
3,362,3.22960683056366,0.021359466129346596,3.2082473644343135,0.8175314035407516,31.045579665927775,31.252265253826952,3.9678674816832474e-05,10.29606070808591
3,363,3.22960683056366,0.021359466129346596,3.2082473644343135,0.8175314035407516,31.045579665927775,31.252265253826952,3.9678674816832474e-05,10.29606070808591
3,364,3.22960683056366,0.021359466129346596,3.2082473644343135,0.8175314035407516,31.045579665927775,31.252265253826952,3.9678674816832474e-05,10.29606070808591
3,365,3.22960683056366,0.021359466129346596,3.2082473644343135,0.8175314035407516,31.045579665927775,31.252265253826952,3.9678674816832474e-05,10.29606070808591
3,366,3.22960683056366,0.021359466129346596,3.2082473644343135,0.8175314035407516,31.045579665927775,31.252265253826952,3.9678674816832474e-05,10.29606070808591
3,367,3.22960683056366,0.021359466129346596,3.2082473644343135,0.8175314035407516,31.045579665927775,31.252265253826952,3.9678674816832474e-05,10.29606070808591
3,368,3.22960683056366,0.021359466129346596,3.2082473644343135,0.8175314035407516,31.045579665927775,31.252265253826952,3.9678674816832474e-05,10.29606070808591
3,369,3.22960683056366,0.021359466129346596,3.2082473644343135,0.8175314035407516,31.045579665927775,31.252265253826952,3.9678674816832474e-05,10.29606070808591
3,370,3.22960683056366,0.021359466129346596,3.2082473644343135,0.8175314035407516,31.045579665927775,31.252265253826952,3.9678674816832474e-05,10.29606070808591
3,371,3.22960683056366,0.021359466129346596,3.2082473644343135,0.8175314035407516,31.045579665927775,31.252265253826952,3.9678674816832474e-05,10.29606070808591
3,372,3.22960683056366,0.021359466129346596,3.2082473644343135,0.8175314035407516,31.045579665927775,31.252265253826952,3.9678674816832474e-05,10.29606070808591
3,373,3.22960683056366,0.021359466129346596,3.2082473644343135,0.8175314035407516,31.045579665927775,31.252265253826952,3.9678674816832474e-05,10.29606070808591
3,374,3.22960683056366,0.021359466129346596,3.2082473644343135,0.8175314035407516,31.045579665927775,31.252265253826952,3.9678674816832474e-05,10.29606070808591
3,375,3.22960683056366,0.021359466129346596,3.2082473644343135,0.8175314035407516,31.045579665927775,31.252265253826952,3.9678674816832474e-05,10.29606070808591
3,376,3.22960683056366,0.021359466129346596,3.2082473644343135,0.8175314035407516,31.045579665927775,31.252265253826952,3.9678674816832474e-05,10.29606070808591
3,377,3.22960683056366,0.021359466129346596,3.2082473644343135,0.8175314035407516,31.045579665927775,31.252265253826952,3.9678674816832474e-05,10.29606070808591
3,378,3.22960683056366,0.021359466129346596,3.2082473644343135,0.8175314035407516,31.045579665927775,31.252265253826952,3.9678674816832474e-05,10.29606070808591
3,379,3.22960683056366,0.021359466129346596,3.2082473644343135,0.8175314035407516,31.045579665927775,31.252265253826952,3.9678674816832474e-05,10.29606070808591
3,380,3.22960683056366,0.021359466129346596,3.2082473644343135,0.8175314035407516,31.045579665927775,31.252265253826952,3.9678674816832474e-05,10.29606070808591
3,381,3.22960683056366,0.021359466129346596,3.2082473644343135,0.8175314035407516,31.045579665927775,31.252265253826952,3.9678674816832474e-05,10.29606070808591
3,382,3.22960683056366,0.021359466129346596,3.2082473644343135,0.8175314035407516,31.045579665927775,31.252265253826952,3.9678674816832474e-05,10.29606070808591
3,383,3.22960683056366,0.021359466129346596,3.2082473644343135,0.8175314035407516,31.045579665927775,31.252265253826952,3.9678674816832474e-05,10.29606070808591
3,384,3.22960683056366,0.021359466129346596,3.2082473644343135,0.8175314035407516,31.045579665927775,31.252265253826952,3.9678674816832474e-05,10.29606070808591
3,385,3.22960683056366,0.021359466129346596,3.2082473644343135,0.8175314035407516,31.045579665927775,31.252265253826952,3.9678674816832474e-05,10.29606070808591
3,386,3.22960683056366,0.021359466129346596,3.2082473644343135,0.8175314035407516,31.045579665927775,31.252265253826952,3.9678674816832474e-05,10.29606070808591
3,387,3.22960683056366,0.021359466129346596,3.2082473644343135,0.8175314035407516,31.045579665927775,31.252265253826952,3.9678674816832474e-05,10.29606070808591
3,388,3.22960683056366,0.021359466129346596,3.2082473644343135,0.8175314035407516,31.045579665927775,31.252265253826952,3.9678674816832474e-05,10.29606070808591
3,389,3.22960683056366,0.021359466129346596,3.2082473644343135,0.8175314035407516,31.045579665927775,31.252265253826952,3.9678674816832474e-05,10.29606070808591
3,390,3.22960683056366,0.021359466129346596,3.2082473644343135,0.8175314035407516,31.045579665927775,31.252265253826952,3.9678674816832474e-05,10.29606070808591
3,391,3.22960683056366,0.021359466129346596,3.2082473644343135,0.8175314035407516,31.045579665927775,31.252265253826952,3.9678674816832474e-05,10.29606070808591
3,392,3.22960683056366,0.021359466129346596,3.2082473644343135,0.8175314035407516,31.045579665927775,31.252265253826952,3.9678674816832474e-05,10.29606070808591
3,393,3.22960683056366,0.021359466129346596,3.2082473644343135,0.8175314035407516,31.045579665927775,31.252265253826952,3.9678674816832474e-05,10.29606070808591
3,394,3.22960683056366,0.021359466129346596,3.2082473644343135,0.8175314035407516,31.045579665927775,31.252265253826952,3.9678674816832474e-05,10.29606070808591
3,395,3.22960683056366,0.021359466129346596,3.2082473644343135,0.8175314035407516,31.045579665927775,31.252265253826952,3.9678674816832474e-05,10.29606070808591
3,396,3.22960683056366,0.021359466129346596,3.2082473644343135,0.8175314035407516,31.045579665927775,31.252265253826952,3.9678674816832474e-05,10.29606070808591
3,397,3.22960683056366,0.021359466129346596,3.2082473644343135,0.8175314035407516,31.045579665927775,31.252265253826952,3.9678674816832474e-05,10.29606070808591
3,398,3.22960683056366,0.021359466129346596,3.2082473644343135,0.8175314035407516,31.045579665927775,31.252265253826952,3.9678674816832474e-05,10.29606070808591
3,399,3.22960683056366,0.021359466129346596,3.2082473644343135,0.8175314035407516,31.045579665927775,31.252265253826952,3.9678674816832474e-05,10.29606070808591
3,400,3.22960683056366,0.021359466129346596,3.2082473644343135,0.8175314035407516,31.045579665927775,31.252265253826952,3.9678674816832474e-05,10.29606070808591
3,401,3.22960683056366,0.021359466129346596,3.2082473644343135,0.8175314035407516,31.045579665927775,31.252265253826952,3.9678674816832474e-05,10.29606070808591
3,402,3.22960683056366,0.021359466129346596,3.2082473644343135,0.8175314035407516,31.045579665927775,31.252265253826952,3.9678674816832474e-05,10.29606070808591
3,403,3.22960683056366,0.021359466129346596,3.2082473644343135,0.8175314035407516,31.045579665927775,31.252265253826952,3.9678674816832474e-05,10.29606070808591
3,404,3.22960683056366,0.021359466129346596,3.2082473644343135,0.8175314035407516,31.045579665927775,31.252265253826952,3.9678674816832474e-05,10.29606070808591
3,405,3.22960683056366,0.021359466129346596,3.2082473644343135,0.8175314035407516,31.045579665927775,31.252265253826952,3.9678674816832474e-05,10.29606070808591
3,406,3.22960683056366,0.021359466129346596,3.2082473644343135,0.8175314035407516,31.045579665927775,31.252265253826952,3.9678674816832474e-05,10.29606070808591
3,407,3.22960683056366,0.021359466129346596,3.2082473644343135,0.8175314035407516,31.045579665927775,31.252265253826952,3.9678674816832474e-05,10.29606070808591
3,408,3.22960683056366,0.021359466129346596,3.2082473644343135,0.8175314035407516,31.045579665927775,31.252265253826952,3.9678674816832474e-05,10.29606070808591
3,409,3.22960683056366,0.021359466129346596,3.2082473644343135,0.8175314035407516,31.045579665927775,31.252265253826952,3.9678674816832474e-05,10.29606070808591
3,410,3.22960683056366,0.021359466129346596,3.2082473644343135,0.8175314035407516,31.045579665927775,31.252265253826952,3.9678674816832474e-05,10.29606070808591
3,411,3.22960683056366,0.021359466129346596,3.2082473644343135,0.8175314035407516,31.045579665927775,31.252265253826952,3.9678674816832474e-05,10.29606070808591
3,412,3.22960683056366,0.021359466129346596,3.2082473644343135,0.8175314035407516,31.045579665927775,31.252265253826952,3.9678674816832474e-05,10.29606070808591
3,413,3.22960683056366,0.021359466129346596,3.2082473644343135,0.8175314035407516,31.045579665927775,31.252265253826952,3.9678674816832474e-05,10.29606070808591
3,414,3.22960683056366,0.021359466129346596,3.2082473644343135,0.8175314035407516,31.045579665927775,31.252265253826952,3.9678674816832474e-05,10.29606070808591
3,415,3.22960683056366,0.021359466129346596,3.2082473644343135,0.8175314035407516,31.045579665927775,31.252265253826952,3.9678674816832474e-05,10.29606070808591
3,416,3.22960683056366,0.021359466129346596,3.2082473644343135,0.8175314035407516,31.045579665927775,31.252265253826952,3.9678674816832474e-05,10.29606070808591
3,417,3.22960683056366,0.021359466129346596,3.2082473644343135,0.8175314035407516,31.045579665927775,31.252265253826952,3.9678674816832474e-05,10.29606070808591
3,418,3.22960683056366,0.021359466129346596,3.2082473644343135,0.8175314035407516,31.045579665927775,31.252265253826952,3.9678674816832474e-05,10.29606070808591
3,419,3.22960683056366,0.021359466129346596,3.2082473644343135,0.8175314035407516,31.045579665927775,31.252265253826952,3.9678674816832474e-05,10.29606070808591
3,420,3.22960683056366,0.021359466129346596,3.2082473644343135,0.8175314035407516,31.045579665927775,31.252265253826952,3.9678674816832474e-05,10.29606070808591
3,421,3.22960683056366,0.021359466129346596,3.2082473644343135,0.8175314035407516,31.045579665927775,31.252265253826952,3.9678674816832474e-05,10.29606070808591
3,422,3.22960683056366,0.021359466129346596,3.2082473644343135,0.8175314035407516,31.045579665927775,31.252265253826952,3.9678674816832474e-05,10.29606070808591
3,423,3.22960683056366,0.021359466129346596,3.2082473644343135,0.8175314035407516,31.045579665927775,31.252265253826952,3.9678674816832474e-05,10.29606070808591
3,424,3.22960683056366,0.021359466129346596,3.2082473644343135,0.8175314035407516,31.045579665927775,31.252265253826952,3.9678674816832474e-05,10.29606070808591
3,425,3.22960683056366,0.021359466129346596,3.2082473644343135,0.8175314035407516,31.045579665927775,31.252265253826952,3.9678674816832474e-05,10.29606070808591
3,426,3.22960683056366,0.021359466129346596,3.2082473644343135,0.8175314035407516,31.045579665927775,31.252265253826952,3.9678674816832474e-05,10.29606070808591
3,427,3.22960683056366,0.021359466129346596,3.2082473644343135,0.8175314035407516,31.045579665927775,31.252265253826952,3.9678674816832474e-05,10.29606070808591
3,428,3.22960683056366,0.021359466129346596,3.2082473644343135,0.8175314035407516,31.045579665927775,31.252265253826952,3.9678674816832474e-05,10.29606070808591
3,429,3.22960683056366,0.021359466129346596,3.2082473644343135,0.8175314035407516,31.045579665927775,31.252265253826952,3.9678674816832474e-05,10.29606070808591
3,430,3.22960683056366,0.021359466129346596,3.2082473644343135,0.8175314035407516,31.045579665927775,31.252265253826952,3.9678674816832474e-05,10.29606070808591
3,431,3.22960683056366,0.021359466129346596,3.2082473644343135,0.8175314035407516,31.045579665927775,31.252265253826952,3.9678674816832474e-05,10.29606070808591
3,432,3.22960683056366,0.021359466129346596,3.2082473644343135,0.8175314035407516,31.045579665927775,31.252265253826952,3.9678674816832474e-05,10.29606070808591
3,433,3.22960683056366,0.021359466129346596,3.2082473644343135,0.8175314035407516,31.045579665927775,31.252265253826952,3.9678674816832474e-05,10.29606070808591
3,434,3.22960683056366,0.021359466129346596,3.2082473644343135,0.8175314035407516,31.045579665927775,31.252265253826952,3.9678674816832474e-05,10.29606070808591
3,435,3.22960683056366,0.021359466129346596,3.2082473644343135,0.8175314035407516,31.045579665927775,31.252265253826952,3.9678674816832474e-05,10.29606070808591
3,436,3.22960683056366,0.021359466129346596,3.2082473644343135,0.8175314035407516,31.045579665927775,31.252265253826952,3.9678674816832474e-05,10.29606070808591
3,437,3.22960683056366,0.021359466129346596,3.2082473644343135,0.8175314035407516,31.045579665927775,31.252265253826952,3.9678674816832474e-05,10.29606070808591
3,438,3.22960683056366,0.021359466129346596,3.2082473644343135,0.8175314035407516,31.045579665927775,31.252265253826952,3.9678674816832474e-05,10.29606070808591
3,439,3.22960683056366,0.021359466129346596,3.2082473644343135,0.8175314035407516,31.045579665927775,31.252265253826952,3.9678674816832474e-05,10.29606070808591
3,440,3.22960683056366,0.021359466129346596,3.2082473644343135,0.8175314035407516,31.045579665927775,31.252265253826952,3.9678674816832474e-05,10.29606070808591
3,441,3.22960683056366,0.021359466129346596,3.2082473644343135,0.8175314035407516,31.045579665927775,31.252265253826952,3.9678674816832474e-05,10.29606070808591
3,442,3.22960683056366,0.021359466129346596,3.2082473644343135,0.8175314035407516,31.045579665927775,31.252265253826952,3.9678674816832474e-05,10.29606070808591
3,443,3.22960683056366,0.021359466129346596,3.2082473644343135,0.8175314035407516,31.045579665927775,31.252265253826952,3.9678674816832474e-05,10.29606070808591
3,444,3.22960683056366,0.021359466129346596,3.2082473644343135,0.8175314035407516,31.045579665927775,31.252265253826952,3.9678674816832474e-05,10.29606070808591
3,445,3.22960683056366,0.021359466129346596,3.2082473644343135,0.8175314035407516,31.045579665927775,31.252265253826952,3.9678674816832474e-05,10.29606070808591
3,446,3.22960683056366,0.021359466129346596,3.2082473644343135,0.8175314035407516,31.045579665927775,31.252265253826952,3.9678674816832474e-05,10.29606070808591
3,447,3.22960683056366,0.021359466129346596,3.2082473644343135,0.8175314035407516,31.045579665927775,31.252265253826952,3.9678674816832474e-05,10.29606070808591
3,448,3.22960683056366,0.021359466129346596,3.2082473644343135,0.8175314035407516,31.045579665927775,31.252265253826952,3.9678674816832474e-05,10.29606070808591
3,449,3.22960683056366,0.021359466129346596,3.2082473644343135,0.8175314035407516,31.045579665927775,31.252265253826952,3.9678674816832474e-05,10.29606070808591
3,450,3.22960683056366,0.021359466129346596,3.2082473644343135,0.8175314035407516,31.045579665927775,31.252265253826952,3.9678674816832474e-05,10.29606070808591
3,451,3.22960683056366,0.021359466129346596,3.2082473644343135,0.8175314035407516,31.045579665927775,31.252265253826952,3.9678674816832474e-05,10.29606070808591
3,452,3.22960683056366,0.021359466129346596,3.2082473644343135,0.8175314035407516,31.045579665927775,31.252265253826952,3.9678674816832474e-05,10.29606070808591
3,453,3.22960683056366,0.021359466129346596,3.2082473644343135,0.8175314035407516,31.045579665927775,31.252265253826952,3.9678674816832474e-05,10.29606070808591
3,454,3.22960683056366,0.021359466129346596,3.2082473644343135,0.8175314035407516,31.045579665927775,31.252265253826952,3.9678674816832474e-05,10.29606070808591
3,455,3.22960683056366,0.021359466129346596,3.2082473644343135,0.8175314035407516,31.045579665927775,31.252265253826952,3.9678674816832474e-05,10.29606070808591
3,456,3.22960683056366,0.021359466129346596,3.2082473644343135,0.8175314035407516,31.045579665927775,31.252265253826952,3.9678674816832474e-05,10.29606070808591
3,457,3.22960683056366,0.021359466129346596,3.2082473644343135,0.8175314035407516,31.045579665927775,31.252265253826952,3.9678674816832474e-05,10.29606070808591
3,458,3.22960683056366,0.021359466129346596,3.2082473644343135,0.8175314035407516,31.045579665927775,31.252265253826952,3.9678674816832474e-05,10.29606070808591
3,459,3.22960683056366,0.021359466129346596,3.2082473644343135,0.8175314035407516,31.045579665927775,31.252265253826952,3.9678674816832474e-05,10.29606070808591
3,460,3.22960683056366,0.021359466129346596,3.2082473644343135,0.8175314035407516,31.045579665927775,31.252265253826952,3.9678674816832474e-05,10.29606070808591
3,461,3.22960683056366,0.021359466129346596,3.2082473644343135,0.8175314035407516,31.045579665927775,31.252265253826952,3.9678674816832474e-05,10.29606070808591
3,462,3.22960683056366,0.021359466129346596,3.2082473644343135,0.8175314035407516,31.045579665927775,31.252265253826952,3.9678674816832474e-05,10.29606070808591
3,463,3.22960683056366,0.021359466129346596,3.2082473644343135,0.8175314035407516,31.045579665927775,31.252265253826952,3.9678674816832474e-05,10.29606070808591
3,464,3.22960683056366,0.021359466129346596,3.2082473644343135,0.8175314035407516,31.045579665927775,31.252265253826952,3.9678674816832474e-05,10.29606070808591
3,465,3.22960683056366,0.021359466129346596,3.2082473644343135,0.8175314035407516,31.045579665927775,31.252265253826952,3.9678674816832474e-05,10.29606070808591
3,466,3.22960683056366,0.021359466129346596,3.2082473644343135,0.8175314035407516,31.045579665927775,31.252265253826952,3.9678674816832474e-05,10.29606070808591
3,467,3.22960683056366,0.021359466129346596,3.2082473644343135,0.8175314035407516,31.045579665927775,31.252265253826952,3.9678674816832474e-05,10.29606070808591
3,468,3.22960683056366,0.021359466129346596,3.2082473644343135,0.8175314035407516,31.045579665927775,31.252265253826952,3.9678674816832474e-05,10.29606070808591
3,469,3.22960683056366,0.021359466129346596,3.2082473644343135,0.8175314035407516,31.045579665927775,31.252265253826952,3.9678674816832474e-05,10.29606070808591
3,470,3.22960683056366,0.021359466129346596,3.2082473644343135,0.8175314035407516,31.045579665927775,31.252265253826952,3.9678674816832474e-05,10.29606070808591
3,471,3.22960683056366,0.021359466129346596,3.2082473644343135,0.8175314035407516,31.045579665927775,31.252265253826952,3.9678674816832474e-05,10.29606070808591
3,472,3.22960683056366,0.021359466129346596,3.2082473644343135,0.8175314035407516,31.045579665927775,31.252265253826952,3.9678674816832474e-05,10.29606070808591
3,473,3.22960683056366,0.021359466129346596,3.2082473644343135,0.8175314035407516,31.045579665927775,31.252265253826952,3.9678674816832474e-05,10.29606070808591
3,474,3.22960683056366,0.021359466129346596,3.2082473644343135,0.8175314035407516,31.045579665927775,31.252265253826952,3.9678674816832474e-05,10.29606070808591
3,475,3.22960683056366,0.021359466129346596,3.2082473644343135,0.8175314035407516,31.045579665927775,31.252265253826952,3.9678674816832474e-05,10.29606070808591
3,476,3.22960683056366,0.021359466129346596,3.2082473644343135,0.8175314035407516,31.045579665927775,31.252265253826952,3.9678674816832474e-05,10.29606070808591
3,477,3.22960683056366,0.021359466129346596,3.2082473644343135,0.8175314035407516,31.045579665927775,31.252265253826952,3.9678674816832474e-05,10.29606070808591
3,478,3.22960683056366,0.021359466129346596,3.2082473644343135,0.8175314035407516,31.045579665927775,31.252265253826952,3.9678674816832474e-05,10.29606070808591
3,479,3.22960683056366,0.021359466129346596,3.2082473644343135,0.8175314035407516,31.045579665927775,31.252265253826952,3.9678674816832474e-05,10.29606070808591
3,480,3.22960683056366,0.021359466129346596,3.2082473644343135,0.8175314035407516,31.045579665927775,31.252265253826952,3.9678674816832474e-05,10.29606070808591
3,481,3.22960683056366,0.021359466129346596,3.2082473644343135,0.8175314035407516,31.045579665927775,31.252265253826952,3.9678674816832474e-05,10.29606070808591
3,482,3.22960683056366,0.021359466129346596,3.2082473644343135,0.8175314035407516,31.045579665927775,31.252265253826952,3.9678674816832474e-05,10.29606070808591
3,483,3.22960683056366,0.021359466129346596,3.2082473644343135,0.8175314035407516,31.045579665927775,31.252265253826952,3.9678674816832474e-05,10.29606070808591
3,484,3.22960683056366,0.021359466129346596,3.2082473644343135,0.8175314035407516,31.045579665927775,31.252265253826952,3.9678674816832474e-05,10.29606070808591
3,485,3.22960683056366,0.021359466129346596,3.2082473644343135,0.8175314035407516,31.045579665927775,31.252265253826952,3.9678674816832474e-05,10.29606070808591
3,486,3.22960683056366,0.021359466129346596,3.2082473644343135,0.8175314035407516,31.045579665927775,31.252265253826952,3.9678674816832474e-05,10.29606070808591
3,487,3.22960683056366,0.021359466129346596,3.2082473644343135,0.8175314035407516,31.045579665927775,31.252265253826952,3.9678674816832474e-05,10.29606070808591
3,488,3.22960683056366,0.021359466129346596,3.2082473644343135,0.8175314035407516,31.045579665927775,31.252265253826952,3.9678674816832474e-05,10.29606070808591
3,489,3.22960683056366,0.021359466129346596,3.2082473644343135,0.8175314035407516,31.045579665927775,31.252265253826952,3.9678674816832474e-05,10.29606070808591
3,490,3.22960683056366,0.021359466129346596,3.2082473644343135,0.8175314035407516,31.045579665927775,31.252265253826952,3.9678674816832474e-05,10.29606070808591
3,491,3.22960683056366,0.021359466129346596,3.2082473644343135,0.8175314035407516,31.045579665927775,31.252265253826952,3.9678674816832474e-05,10.29606070808591
3,492,3.22960683056366,0.021359466129346596,3.2082473644343135,0.8175314035407516,31.045579665927775,31.252265253826952,3.9678674816832474e-05,10.29606070808591
3,493,3.22960683056366,0.021359466129346596,3.2082473644343135,0.8175314035407516,31.045579665927775,31.252265253826952,3.9678674816832474e-05,10.29606070808591
3,494,3.22960683056366,0.021359466129346596,3.2082473644343135,0.8175314035407516,31.045579665927775,31.252265253826952,3.9678674816832474e-05,10.29606070808591
3,495,3.22960683056366,0.021359466129346596,3.2082473644343135,0.8175314035407516,31.045579665927775,31.252265253826952,3.9678674816832474e-05,10.29606070808591
3,496,3.22960683056366,0.021359466129346596,3.2082473644343135,0.8175314035407516,31.045579665927775,31.252265253826952,3.9678674816832474e-05,10.29606070808591
3,497,3.22960683056366,0.021359466129346596,3.2082473644343135,0.8175314035407516,31.045579665927775,31.252265253826952,3.9678674816832474e-05,10.29606070808591
3,498,3.22960683056366,0.021359466129346596,3.2082473644343135,0.8175314035407516,31.045579665927775,31.252265253826952,3.9678674816832474e-05,10.29606070808591
3,499,3.22960683056366,0.021359466129346596,3.2082473644343135,0.8175314035407516,31.045579665927775,31.252265253826952,3.9678674816832474e-05,10.29606070808591
3,500,3.22960683056366,0.021359466129346596,3.2082473644343135,0.8175314035407516,31.045579665927775,31.252265253826952,3.9678674816832474e-05,10.29606070808591
4,1,178.4793174797754,173.51511092432938,4.964206555446014,0.5681392533437415,7.690895183640349,26.31894796557784,7.981528316419823,3.655994885024816
4,2,46.71442308185959,6.86862316741973,39.845799914439866,0.9723489466059335,22.613919714781193,26.31894796557784,22.61220423780857,3.655994885024816
4,3,46.694874969054126,6.294023956019822,40.400851013034305,0.9826580000380344,22.770984110341683,26.31894796557784,22.769138832094903,3.655994885024816
4,4,46.69435013495739,6.293775035571983,40.40057509938541,0.9826565339060099,22.771054278939307,26.31894796557784,22.769041794899856,3.655994885024816
4,5,46.69373184835028,6.293484491701062,40.40024735664922,0.9826547537106834,22.7711361834252,26.31894796557784,22.76892666722382,3.655994885024816
4,6,46.69299390653802,6.293141583834414,40.39985232270361,0.9826525532339947,22.77123285293124,26.31894796557784,22.768788120594728,3.655994885024816
4,7,46.692099761040026,6.292731747491463,40.39936801354856,0.9826497758975945,22.77134839537425,26.31894796557784,22.76861861828238,3.655994885024816
4,8,46.69099709284049,6.292234804771826,40.39876228806867,0.9826461837493682,22.77148850249924,26.31894796557784,22.76840721028096,3.655994885024816
4,9,46.6896087346522,6.291622131117555,40.39798660353464,0.9826414019620899,22.771661249635137,26.31894796557784,22.768137485735892,3.655994885024816
4,10,46.68781683447982,6.290852002276593,40.396964832203224,0.9826348152675554,22.771878409428172,26.31894796557784,22.767783951888667,3.655994885024816
4,11,46.68543382631924,6.289861638256878,40.39557218806236,0.9826253643117584,22.77215769875981,26.31894796557784,22.767305311626476,3.655994885024816
4,12,46.68214587146842,6.2885528799796155,40.39359299148881,0.9826111195419943,22.772526825269466,26.31894796557784,22.766631219826955,3.655994885024816
4,13,46.67739359986946,6.2867645149018205,40.39062908496764,0.9825883180296645,22.773031308974694,26.31894796557784,22.765634101438177,3.655994885024816
4,14,46.67009167171252,6.28421302596257,40.38587864574995,0.9825489501256381,22.773751236886696,26.31894796557784,22.7640623356818,3.655994885024816
4,15,46.65785553560765,6.280345117269141,40.37751041833851,0.9824737311141579,22.774842990607084,26.31894796557784,22.761353990365937,3.655994885024816
4,16,46.634287915055616,6.273884576636761,40.360403338418855,0.9823061219323874,22.77666757057228,26.31894796557784,22.755970094842286,3.655994885024816
4,17,46.57491551060917,6.260971423847508,40.313944086761666,0.9818080926460407,22.780318382882637,26.31894796557784,22.741823910429172,3.655994885024816
4,18,46.2736049918865,6.222840134533533,40.050764857352966,0.9786853201673105,22.79112985918068,26.31894796557784,22.66468354427703,3.655994885024816
4,19,23.353323816725204,6.212435401882067,17.140888414843136,0.5599298489183474,22.795231685783932,26.31894796557784,15.887243081427908,3.655994885024816
4,20,51.95538723538638,1.2096603138870314,50.745726921499354,1.1701790720948018,25.518943031794347,26.31894796557784,25.518655291664768,3.655994885024816
4,21,46.68375387160535,6.344658866642522,40.33909500496283,0.9815118833903514,22.756741163546355,26.31894796557784,22.752618476441917,3.655994885024816
4,22,46.67607461170288,6.361139521804465,40.31493508989841,0.9810791556725681,22.75211765882067,26.31894796557784,22.746061124299516,3.655994885024816
4,23,46.65845458013822,6.393760941199843,40.264693638938375,0.9801798521009645,22.74298370161821,26.31894796557784,22.732430317879786,3.655994885024816
4,24,46.59297419850738,6.4697015645497595,40.12327263395762,0.9776769119712386,22.721810614153632,26.31894796557784,22.69448876090459,3.655994885024816
4,25,45.92137470564429,6.683709668571056,39.237665037073235,0.9637092913464183,22.662808215858863,26.31894796557784,22.48280696316199,3.655994885024816
4,26,383.44828150579656,8.909286974162935,374.53899453163365,0.5971165830075258,22.09824819021564,26.31894796557784,5.5176861859929,3.655994885024816
4,27,34244.27720453866,30455.912583112546,3788.3646214261125,17.600409743059785,220.48606525649924,26.31894796557784,220.48606525649873,3.655994885024816
4,28,5984.743407699862,5168.750050184551,815.9933575153108,7.69017153405991,102.32896295888368,26.31894796557784,102.32896295888368,3.655994885024816
4,29,887.7405363219434,598.614963519709,289.12557280223444,3.7775829684005906,60.91139055795705,26.31894796557784,60.91139055795705,3.655994885024816
4,30,46.70069495455943,6.297086931400387,40.403608023159045,0.9826681417060319,22.770120854723537,26.31894796557784,22.770120854723537,3.655994885024816
4,31,46.70069495455943,6.297086931400387,40.403608023159045,0.9826681417060319,22.770120854723537,26.31894796557784,22.770120854723537,3.655994885024816
4,32,46.70069495455943,6.297086931400387,40.403608023159045,0.9826681417060319,22.770120854723537,26.31894796557784,22.770120854723537,3.655994885024816
4,33,46.70069495455943,6.297086931400387,40.403608023159045,0.9826681417060319,22.770120854723537,26.31894796557784,22.770120854723537,3.655994885024816
4,34,46.70069495455943,6.297086931400387,40.403608023159045,0.9826681417060319,22.770120854723537,26.31894796557784,22.770120854723537,3.655994885024816
4,35,46.70069495455943,6.297086931400387,40.403608023159045,0.9826681417060319,22.770120854723537,26.31894796557784,22.770120854723537,3.655994885024816
4,36,46.70069495455943,6.297086931400387,40.403608023159045,0.9826681417060319,22.770120854723537,26.31894796557784,22.770120854723537,3.655994885024816
4,37,46.70069495455943,6.297086931400387,40.403608023159045,0.9826681417060319,22.770120854723537,26.31894796557784,22.770120854723537,3.655994885024816
4,38,46.70069495455943,6.297086931400387,40.403608023159045,0.9826681417060319,22.770120854723537,26.31894796557784,22.770120854723537,3.655994885024816
4,39,46.70069495455943,6.297086931400387,40.403608023159045,0.9826681417060319,22.770120854723537,26.31894796557784,22.770120854723537,3.655994885024816
4,40,46.70069495455943,6.297086931400387,40.403608023159045,0.9826681417060319,22.770120854723537,26.31894796557784,22.770120854723537,3.655994885024816
4,41,46.70069495455943,6.297086931400387,40.403608023159045,0.9826681417060319,22.770120854723537,26.31894796557784,22.770120854723537,3.655994885024816
4,42,46.70069495455943,6.297086931400387,40.403608023159045,0.9826681417060319,22.770120854723537,26.31894796557784,22.770120854723537,3.655994885024816
4,43,46.70069495455943,6.297086931400387,40.403608023159045,0.9826681417060319,22.770120854723537,26.31894796557784,22.770120854723537,3.655994885024816
4,44,46.70069495455943,6.297086931400387,40.403608023159045,0.9826681417060319,22.770120854723537,26.31894796557784,22.770120854723537,3.655994885024816
4,45,46.70069495455943,6.297086931400387,40.403608023159045,0.9826681417060319,22.770120854723537,26.31894796557784,22.770120854723537,3.655994885024816
4,46,46.70069495455943,6.297086931400387,40.403608023159045,0.9826681417060319,22.770120854723537,26.31894796557784,22.770120854723537,3.655994885024816
4,47,46.70069495455943,6.297086931400387,40.403608023159045,0.9826681417060319,22.770120854723537,26.31894796557784,22.770120854723537,3.655994885024816
4,48,46.70069495455943,6.297086931400387,40.403608023159045,0.9826681417060319,22.770120854723537,26.31894796557784,22.770120854723537,3.655994885024816
4,49,46.70069495455943,6.297086931400387,40.403608023159045,0.9826681417060319,22.770120854723537,26.31894796557784,22.770120854723537,3.655994885024816
4,50,46.70069495455943,6.297086931400387,40.403608023159045,0.9826681417060319,22.770120854723537,26.31894796557784,22.770120854723537,3.655994885024816
4,51,46.70069495455943,6.297086931400387,40.403608023159045,0.9826681417060319,22.770120854723537,26.31894796557784,22.770120854723537,3.655994885024816
4,52,46.70069495455943,6.297086931400387,40.403608023159045,0.9826681417060319,22.770120854723537,26.31894796557784,22.770120854723537,3.655994885024816
4,53,46.70069495455943,6.297086931400387,40.403608023159045,0.9826681417060319,22.770120854723537,26.31894796557784,22.770120854723537,3.655994885024816
4,54,46.70069495455943,6.297086931400387,40.403608023159045,0.9826681417060319,22.770120854723537,26.31894796557784,22.770120854723537,3.655994885024816
4,55,46.70069495455943,6.297086931400387,40.403608023159045,0.9826681417060319,22.770120854723537,26.31894796557784,22.770120854723537,3.655994885024816
4,56,46.70069495455943,6.297086931400387,40.403608023159045,0.9826681417060319,22.770120854723537,26.31894796557784,22.770120854723537,3.655994885024816
4,57,46.70069495455943,6.297086931400387,40.403608023159045,0.9826681417060319,22.770120854723537,26.31894796557784,22.770120854723537,3.655994885024816
4,58,46.70069495455943,6.297086931400387,40.403608023159045,0.9826681417060319,22.770120854723537,26.31894796557784,22.770120854723537,3.655994885024816
4,59,46.70069495455943,6.297086931400387,40.403608023159045,0.9826681417060319,22.770120854723537,26.31894796557784,22.770120854723537,3.655994885024816
4,60,46.70069495455943,6.297086931400387,40.403608023159045,0.9826681417060319,22.770120854723537,26.31894796557784,22.770120854723537,3.655994885024816
4,61,46.70069495455943,6.297086931400387,40.403608023159045,0.9826681417060319,22.770120854723537,26.31894796557784,22.770120854723537,3.655994885024816
4,62,46.70069495455943,6.297086931400387,40.403608023159045,0.9826681417060319,22.770120854723537,26.31894796557784,22.770120854723537,3.655994885024816
4,63,46.70069495455943,6.297086931400387,40.403608023159045,0.9826681417060319,22.770120854723537,26.31894796557784,22.770120854723537,3.655994885024816
4,64,46.70069495455943,6.297086931400387,40.403608023159045,0.9826681417060319,22.770120854723537,26.31894796557784,22.770120854723537,3.655994885024816
4,65,46.70069495455943,6.297086931400387,40.403608023159045,0.9826681417060319,22.770120854723537,26.31894796557784,22.770120854723537,3.655994885024816
4,66,46.70069495455943,6.297086931400387,40.403608023159045,0.9826681417060319,22.770120854723537,26.31894796557784,22.770120854723537,3.655994885024816
4,67,46.70069495455943,6.297086931400387,40.403608023159045,0.9826681417060319,22.770120854723537,26.31894796557784,22.770120854723537,3.655994885024816
4,68,46.70069495455943,6.297086931400387,40.403608023159045,0.9826681417060319,22.770120854723537,26.31894796557784,22.770120854723537,3.655994885024816
4,69,46.70069495455943,6.297086931400387,40.403608023159045,0.9826681417060319,22.770120854723537,26.31894796557784,22.770120854723537,3.655994885024816
4,70,46.70069495455943,6.297086931400387,40.403608023159045,0.9826681417060319,22.770120854723537,26.31894796557784,22.770120854723537,3.655994885024816
4,71,46.70069495455943,6.297086931400387,40.403608023159045,0.9826681417060319,22.770120854723537,26.31894796557784,22.770120854723537,3.655994885024816
4,72,46.70069495455943,6.297086931400387,40.403608023159045,0.9826681417060319,22.770120854723537,26.31894796557784,22.770120854723537,3.655994885024816
4,73,46.70069495455943,6.297086931400387,40.403608023159045,0.9826681417060319,22.770120854723537,26.31894796557784,22.770120854723537,3.655994885024816
4,74,46.70069495455943,6.297086931400387,40.403608023159045,0.9826681417060319,22.770120854723537,26.31894796557784,22.770120854723537,3.655994885024816
4,75,46.70069495455943,6.297086931400387,40.403608023159045,0.9826681417060319,22.770120854723537,26.31894796557784,22.770120854723537,3.655994885024816
4,76,46.70069495455943,6.297086931400387,40.403608023159045,0.9826681417060319,22.770120854723537,26.31894796557784,22.770120854723537,3.655994885024816
4,77,46.70069495455943,6.297086931400387,40.403608023159045,0.9826681417060319,22.770120854723537,26.31894796557784,22.770120854723537,3.655994885024816
4,78,46.70069495455943,6.297086931400387,40.403608023159045,0.9826681417060319,22.770120854723537,26.31894796557784,22.770120854723537,3.655994885024816
4,79,46.70069495455943,6.297086931400387,40.403608023159045,0.9826681417060319,22.770120854723537,26.31894796557784,22.770120854723537,3.655994885024816
4,80,46.70069495455943,6.297086931400387,40.403608023159045,0.9826681417060319,22.770120854723537,26.31894796557784,22.770120854723537,3.655994885024816
4,81,46.70069495455943,6.297086931400387,40.403608023159045,0.9826681417060319,22.770120854723537,26.31894796557784,22.770120854723537,3.655994885024816
4,82,46.70069495455943,6.297086931400387,40.403608023159045,0.9826681417060319,22.770120854723537,26.31894796557784,22.770120854723537,3.655994885024816
4,83,46.70069495455943,6.297086931400387,40.403608023159045,0.9826681417060319,22.770120854723537,26.31894796557784,22.770120854723537,3.655994885024816
4,84,46.70069495455943,6.297086931400387,40.403608023159045,0.9826681417060319,22.770120854723537,26.31894796557784,22.770120854723537,3.655994885024816
4,85,46.70069495455943,6.297086931400387,40.403608023159045,0.9826681417060319,22.770120854723537,26.31894796557784,22.770120854723537,3.655994885024816
4,86,46.70069495455943,6.297086931400387,40.403608023159045,0.9826681417060319,22.770120854723537,26.31894796557784,22.770120854723537,3.655994885024816
4,87,46.70069495455943,6.297086931400387,40.403608023159045,0.9826681417060319,22.770120854723537,26.31894796557784,22.770120854723537,3.655994885024816
4,88,46.70069495455943,6.297086931400387,40.403608023159045,0.9826681417060319,22.770120854723537,26.31894796557784,22.770120854723537,3.655994885024816
4,89,46.70069495455943,6.297086931400387,40.403608023159045,0.9826681417060319,22.770120854723537,26.31894796557784,22.770120854723537,3.655994885024816
4,90,46.70069495455943,6.297086931400387,40.403608023159045,0.9826681417060319,22.770120854723537,26.31894796557784,22.770120854723537,3.655994885024816
4,91,46.70069495455943,6.297086931400387,40.403608023159045,0.9826681417060319,22.770120854723537,26.31894796557784,22.770120854723537,3.655994885024816
4,92,46.70069495455943,6.297086931400387,40.403608023159045,0.9826681417060319,22.770120854723537,26.31894796557784,22.770120854723537,3.655994885024816
4,93,46.70069495455943,6.297086931400387,40.403608023159045,0.9826681417060319,22.770120854723537,26.31894796557784,22.770120854723537,3.655994885024816
4,94,46.70069495455943,6.297086931400387,40.403608023159045,0.9826681417060319,22.770120854723537,26.31894796557784,22.770120854723537,3.655994885024816
4,95,46.70069495455943,6.297086931400387,40.403608023159045,0.9826681417060319,22.770120854723537,26.31894796557784,22.770120854723537,3.655994885024816
4,96,46.70069495455943,6.297086931400387,40.403608023159045,0.9826681417060319,22.770120854723537,26.31894796557784,22.770120854723537,3.655994885024816
4,97,46.70069495455943,6.297086931400387,40.403608023159045,0.9826681417060319,22.770120854723537,26.31894796557784,22.770120854723537,3.655994885024816
4,98,46.70069495455943,6.297086931400387,40.403608023159045,0.9826681417060319,22.770120854723537,26.31894796557784,22.770120854723537,3.655994885024816
4,99,46.70069495455943,6.297086931400387,40.403608023159045,0.9826681417060319,22.770120854723537,26.31894796557784,22.770120854723537,3.655994885024816
4,100,46.70069495455943,6.297086931400387,40.403608023159045,0.9826681417060319,22.770120854723537,26.31894796557784,22.770120854723537,3.655994885024816
4,101,46.70069495455943,6.297086931400387,40.403608023159045,0.9826681417060319,22.770120854723537,26.31894796557784,22.770120854723537,3.655994885024816
4,102,46.70069495455943,6.297086931400387,40.403608023159045,0.9826681417060319,22.770120854723537,26.31894796557784,22.770120854723537,3.655994885024816
4,103,46.70069495455943,6.297086931400387,40.403608023159045,0.9826681417060319,22.770120854723537,26.31894796557784,22.770120854723537,3.655994885024816
4,104,46.70069495455943,6.297086931400387,40.403608023159045,0.9826681417060319,22.770120854723537,26.31894796557784,22.770120854723537,3.655994885024816
4,105,46.70069495455943,6.297086931400387,40.403608023159045,0.9826681417060319,22.770120854723537,26.31894796557784,22.770120854723537,3.655994885024816
4,106,46.70069495455943,6.297086931400387,40.403608023159045,0.9826681417060319,22.770120854723537,26.31894796557784,22.770120854723537,3.655994885024816
4,107,46.70069495455943,6.297086931400387,40.403608023159045,0.9826681417060319,22.770120854723537,26.31894796557784,22.770120854723537,3.655994885024816
4,108,46.70069495455943,6.297086931400387,40.403608023159045,0.9826681417060319,22.770120854723537,26.31894796557784,22.770120854723537,3.655994885024816
4,109,46.70069495455943,6.297086931400387,40.403608023159045,0.9826681417060319,22.770120854723537,26.31894796557784,22.770120854723537,3.655994885024816
4,110,46.70069495455943,6.297086931400387,40.403608023159045,0.9826681417060319,22.770120854723537,26.31894796557784,22.770120854723537,3.655994885024816
4,111,46.70069495455943,6.297086931400387,40.403608023159045,0.9826681417060319,22.770120854723537,26.31894796557784,22.770120854723537,3.655994885024816
4,112,46.70069495455943,6.297086931400387,40.403608023159045,0.9826681417060319,22.770120854723537,26.31894796557784,22.770120854723537,3.655994885024816
4,113,46.70069495455943,6.297086931400387,40.403608023159045,0.9826681417060319,22.770120854723537,26.31894796557784,22.770120854723537,3.655994885024816
4,114,46.70069495455943,6.297086931400387,40.403608023159045,0.9826681417060319,22.770120854723537,26.31894796557784,22.770120854723537,3.655994885024816
4,115,46.70069495455943,6.297086931400387,40.403608023159045,0.9826681417060319,22.770120854723537,26.31894796557784,22.770120854723537,3.655994885024816
4,116,46.70069495455943,6.297086931400387,40.403608023159045,0.9826681417060319,22.770120854723537,26.31894796557784,22.770120854723537,3.655994885024816
4,117,46.70069495455943,6.297086931400387,40.403608023159045,0.9826681417060319,22.770120854723537,26.31894796557784,22.770120854723537,3.655994885024816
4,118,46.70069495455943,6.297086931400387,40.403608023159045,0.9826681417060319,22.770120854723537,26.31894796557784,22.770120854723537,3.655994885024816
4,119,46.70069495455943,6.297086931400387,40.403608023159045,0.9826681417060319,22.770120854723537,26.31894796557784,22.770120854723537,3.655994885024816
4,120,46.70069495455943,6.297086931400387,40.403608023159045,0.9826681417060319,22.770120854723537,26.31894796557784,22.770120854723537,3.655994885024816
4,121,46.70069495455943,6.297086931400387,40.403608023159045,0.9826681417060319,22.770120854723537,26.31894796557784,22.770120854723537,3.655994885024816
4,122,46.70069495455943,6.297086931400387,40.403608023159045,0.9826681417060319,22.770120854723537,26.31894796557784,22.770120854723537,3.655994885024816
4,123,46.70069495455943,6.297086931400387,40.403608023159045,0.9826681417060319,22.770120854723537,26.31894796557784,22.770120854723537,3.655994885024816
4,124,46.70069495455943,6.297086931400387,40.403608023159045,0.9826681417060319,22.770120854723537,26.31894796557784,22.770120854723537,3.655994885024816
4,125,46.70069495455943,6.297086931400387,40.403608023159045,0.9826681417060319,22.770120854723537,26.31894796557784,22.770120854723537,3.655994885024816
4,126,46.70069495455943,6.297086931400387,40.403608023159045,0.9826681417060319,22.770120854723537,26.31894796557784,22.770120854723537,3.655994885024816
4,127,46.70069495455943,6.297086931400387,40.403608023159045,0.9826681417060319,22.770120854723537,26.31894796557784,22.770120854723537,3.655994885024816
4,128,46.70069495455943,6.297086931400387,40.403608023159045,0.9826681417060319,22.770120854723537,26.31894796557784,22.770120854723537,3.655994885024816
4,129,46.70069495455943,6.297086931400387,40.403608023159045,0.9826681417060319,22.770120854723537,26.31894796557784,22.770120854723537,3.655994885024816
4,130,46.70069495455943,6.297086931400387,40.403608023159045,0.9826681417060319,22.770120854723537,26.31894796557784,22.770120854723537,3.655994885024816
4,131,46.70069495455943,6.297086931400387,40.403608023159045,0.9826681417060319,22.770120854723537,26.31894796557784,22.770120854723537,3.655994885024816
4,132,46.70069495455943,6.297086931400387,40.403608023159045,0.9826681417060319,22.770120854723537,26.31894796557784,22.770120854723537,3.655994885024816
4,133,46.70069495455943,6.297086931400387,40.403608023159045,0.9826681417060319,22.770120854723537,26.31894796557784,22.770120854723537,3.655994885024816
4,134,46.70069495455943,6.297086931400387,40.403608023159045,0.9826681417060319,22.770120854723537,26.31894796557784,22.770120854723537,3.655994885024816
4,135,46.70069495455943,6.297086931400387,40.403608023159045,0.9826681417060319,22.770120854723537,26.31894796557784,22.770120854723537,3.655994885024816
4,136,46.70069495455943,6.297086931400387,40.403608023159045,0.9826681417060319,22.770120854723537,26.31894796557784,22.770120854723537,3.655994885024816
4,137,46.70069495455943,6.297086931400387,40.403608023159045,0.9826681417060319,22.770120854723537,26.31894796557784,22.770120854723537,3.655994885024816
4,138,46.70069495455943,6.297086931400387,40.403608023159045,0.9826681417060319,22.770120854723537,26.31894796557784,22.770120854723537,3.655994885024816
4,139,46.70069495455943,6.297086931400387,40.403608023159045,0.9826681417060319,22.770120854723537,26.31894796557784,22.770120854723537,3.655994885024816
4,140,46.70069495455943,6.297086931400387,40.403608023159045,0.9826681417060319,22.770120854723537,26.31894796557784,22.770120854723537,3.655994885024816
4,141,46.70069495455943,6.297086931400387,40.403608023159045,0.9826681417060319,22.770120854723537,26.31894796557784,22.770120854723537,3.655994885024816
4,142,46.70069495455943,6.297086931400387,40.403608023159045,0.9826681417060319,22.770120854723537,26.31894796557784,22.770120854723537,3.655994885024816
4,143,46.70069495455943,6.297086931400387,40.403608023159045,0.9826681417060319,22.770120854723537,26.31894796557784,22.770120854723537,3.655994885024816
4,144,46.70069495455943,6.297086931400387,40.403608023159045,0.9826681417060319,22.770120854723537,26.31894796557784,22.770120854723537,3.655994885024816
4,145,46.70069495455943,6.297086931400387,40.403608023159045,0.9826681417060319,22.770120854723537,26.31894796557784,22.770120854723537,3.655994885024816
4,146,46.70069495455943,6.297086931400387,40.403608023159045,0.9826681417060319,22.770120854723537,26.31894796557784,22.770120854723537,3.655994885024816
4,147,46.70069495455943,6.297086931400387,40.403608023159045,0.9826681417060319,22.770120854723537,26.31894796557784,22.770120854723537,3.655994885024816
4,148,46.70069495455943,6.297086931400387,40.403608023159045,0.9826681417060319,22.770120854723537,26.31894796557784,22.770120854723537,3.655994885024816
4,149,46.70069495455943,6.297086931400387,40.403608023159045,0.9826681417060319,22.770120854723537,26.31894796557784,22.770120854723537,3.655994885024816
4,150,46.70069495455943,6.297086931400387,40.403608023159045,0.9826681417060319,22.770120854723537,26.31894796557784,22.770120854723537,3.655994885024816
4,151,46.70069495455943,6.297086931400387,40.403608023159045,0.9826681417060319,22.770120854723537,26.31894796557784,22.770120854723537,3.655994885024816
4,152,46.70069495455943,6.297086931400387,40.403608023159045,0.9826681417060319,22.770120854723537,26.31894796557784,22.770120854723537,3.655994885024816
4,153,46.70069495455943,6.297086931400387,40.403608023159045,0.9826681417060319,22.770120854723537,26.31894796557784,22.770120854723537,3.655994885024816
4,154,46.70069495455943,6.297086931400387,40.403608023159045,0.9826681417060319,22.770120854723537,26.31894796557784,22.770120854723537,3.655994885024816
4,155,46.70069495455943,6.297086931400387,40.403608023159045,0.9826681417060319,22.770120854723537,26.31894796557784,22.770120854723537,3.655994885024816
4,156,46.70069495455943,6.297086931400387,40.403608023159045,0.9826681417060319,22.770120854723537,26.31894796557784,22.770120854723537,3.655994885024816
4,157,46.70069495455943,6.297086931400387,40.403608023159045,0.9826681417060319,22.770120854723537,26.31894796557784,22.770120854723537,3.655994885024816
4,158,46.70069495455943,6.297086931400387,40.403608023159045,0.9826681417060319,22.770120854723537,26.31894796557784,22.770120854723537,3.655994885024816
4,159,46.70069495455943,6.297086931400387,40.403608023159045,0.9826681417060319,22.770120854723537,26.31894796557784,22.770120854723537,3.655994885024816
4,160,46.70069495455943,6.297086931400387,40.403608023159045,0.9826681417060319,22.770120854723537,26.31894796557784,22.770120854723537,3.655994885024816
4,161,46.70069495455943,6.297086931400387,40.403608023159045,0.9826681417060319,22.770120854723537,26.31894796557784,22.770120854723537,3.655994885024816
4,162,46.70069495455943,6.297086931400387,40.403608023159045,0.9826681417060319,22.770120854723537,26.31894796557784,22.770120854723537,3.655994885024816
4,163,46.70069495455943,6.297086931400387,40.403608023159045,0.9826681417060319,22.770120854723537,26.31894796557784,22.770120854723537,3.655994885024816
4,164,46.70069495455943,6.297086931400387,40.403608023159045,0.9826681417060319,22.770120854723537,26.31894796557784,22.770120854723537,3.655994885024816
4,165,46.70069495455943,6.297086931400387,40.403608023159045,0.9826681417060319,22.770120854723537,26.31894796557784,22.770120854723537,3.655994885024816
4,166,46.70069495455943,6.297086931400387,40.403608023159045,0.9826681417060319,22.770120854723537,26.31894796557784,22.770120854723537,3.655994885024816
4,167,46.70069495455943,6.297086931400387,40.403608023159045,0.9826681417060319,22.770120854723537,26.31894796557784,22.770120854723537,3.655994885024816
4,168,46.70069495455943,6.297086931400387,40.403608023159045,0.9826681417060319,22.770120854723537,26.31894796557784,22.770120854723537,3.655994885024816
4,169,46.70069495455943,6.297086931400387,40.403608023159045,0.9826681417060319,22.770120854723537,26.31894796557784,22.770120854723537,3.655994885024816
4,170,46.70069495455943,6.297086931400387,40.403608023159045,0.9826681417060319,22.770120854723537,26.31894796557784,22.770120854723537,3.655994885024816
4,171,46.70069495455943,6.297086931400387,40.403608023159045,0.9826681417060319,22.770120854723537,26.31894796557784,22.770120854723537,3.655994885024816
4,172,46.70069495455943,6.297086931400387,40.403608023159045,0.9826681417060319,22.770120854723537,26.31894796557784,22.770120854723537,3.655994885024816
4,173,46.70069495455943,6.297086931400387,40.403608023159045,0.9826681417060319,22.770120854723537,26.31894796557784,22.770120854723537,3.655994885024816
4,174,46.70069495455943,6.297086931400387,40.403608023159045,0.9826681417060319,22.770120854723537,26.31894796557784,22.770120854723537,3.655994885024816
4,175,46.70069495455943,6.297086931400387,40.403608023159045,0.9826681417060319,22.770120854723537,26.31894796557784,22.770120854723537,3.655994885024816
4,176,46.70069495455943,6.297086931400387,40.403608023159045,0.9826681417060319,22.770120854723537,26.31894796557784,22.770120854723537,3.655994885024816
4,177,46.70069495455943,6.297086931400387,40.403608023159045,0.9826681417060319,22.770120854723537,26.31894796557784,22.770120854723537,3.655994885024816
4,178,46.70069495455943,6.297086931400387,40.403608023159045,0.9826681417060319,22.770120854723537,26.31894796557784,22.770120854723537,3.655994885024816
4,179,46.70069495455943,6.297086931400387,40.403608023159045,0.9826681417060319,22.770120854723537,26.31894796557784,22.770120854723537,3.655994885024816
4,180,46.70069495455943,6.297086931400387,40.403608023159045,0.9826681417060319,22.770120854723537,26.31894796557784,22.770120854723537,3.655994885024816
4,181,46.70069495455943,6.297086931400387,40.403608023159045,0.9826681417060319,22.770120854723537,26.31894796557784,22.770120854723537,3.655994885024816
4,182,46.70069495455943,6.297086931400387,40.403608023159045,0.9826681417060319,22.770120854723537,26.31894796557784,22.770120854723537,3.655994885024816
4,183,46.70069495455943,6.297086931400387,40.403608023159045,0.9826681417060319,22.770120854723537,26.31894796557784,22.770120854723537,3.655994885024816
4,184,46.70069495455943,6.297086931400387,40.403608023159045,0.9826681417060319,22.770120854723537,26.31894796557784,22.770120854723537,3.655994885024816
4,185,46.70069495455943,6.297086931400387,40.403608023159045,0.9826681417060319,22.770120854723537,26.31894796557784,22.770120854723537,3.655994885024816
4,186,46.70069495455943,6.297086931400387,40.403608023159045,0.9826681417060319,22.770120854723537,26.31894796557784,22.770120854723537,3.655994885024816
4,187,46.70069495455943,6.297086931400387,40.403608023159045,0.9826681417060319,22.770120854723537,26.31894796557784,22.770120854723537,3.655994885024816
4,188,46.70069495455943,6.297086931400387,40.403608023159045,0.9826681417060319,22.770120854723537,26.31894796557784,22.770120854723537,3.655994885024816
4,189,46.70069495455943,6.297086931400387,40.403608023159045,0.9826681417060319,22.770120854723537,26.31894796557784,22.770120854723537,3.655994885024816
4,190,46.70069495455943,6.297086931400387,40.403608023159045,0.9826681417060319,22.770120854723537,26.31894796557784,22.770120854723537,3.655994885024816
4,191,46.70069495455943,6.297086931400387,40.403608023159045,0.9826681417060319,22.770120854723537,26.31894796557784,22.770120854723537,3.655994885024816
4,192,46.70069495455943,6.297086931400387,40.403608023159045,0.9826681417060319,22.770120854723537,26.31894796557784,22.770120854723537,3.655994885024816
4,193,46.70069495455943,6.297086931400387,40.403608023159045,0.9826681417060319,22.770120854723537,26.31894796557784,22.770120854723537,3.655994885024816
4,194,46.70069495455943,6.297086931400387,40.403608023159045,0.9826681417060319,22.770120854723537,26.31894796557784,22.770120854723537,3.655994885024816
4,195,46.70069495455943,6.297086931400387,40.403608023159045,0.9826681417060319,22.770120854723537,26.31894796557784,22.770120854723537,3.655994885024816
4,196,46.70069495455943,6.297086931400387,40.403608023159045,0.9826681417060319,22.770120854723537,26.31894796557784,22.770120854723537,3.655994885024816
4,197,46.70069495455943,6.297086931400387,40.403608023159045,0.9826681417060319,22.770120854723537,26.31894796557784,22.770120854723537,3.655994885024816
4,198,46.70069495455943,6.297086931400387,40.403608023159045,0.9826681417060319,22.770120854723537,26.31894796557784,22.770120854723537,3.655994885024816
4,199,46.70069495455943,6.297086931400387,40.403608023159045,0.9826681417060319,22.770120854723537,26.31894796557784,22.770120854723537,3.655994885024816
4,200,46.70069495455943,6.297086931400387,40.403608023159045,0.9826681417060319,22.770120854723537,26.31894796557784,22.770120854723537,3.655994885024816
4,201,46.70069495455943,6.297086931400387,40.403608023159045,0.9826681417060319,22.770120854723537,26.31894796557784,22.770120854723537,3.655994885024816
4,202,46.70069495455943,6.297086931400387,40.403608023159045,0.9826681417060319,22.770120854723537,26.31894796557784,22.770120854723537,3.655994885024816
4,203,46.70069495455943,6.297086931400387,40.403608023159045,0.9826681417060319,22.770120854723537,26.31894796557784,22.770120854723537,3.655994885024816
4,204,46.70069495455943,6.297086931400387,40.403608023159045,0.9826681417060319,22.770120854723537,26.31894796557784,22.770120854723537,3.655994885024816
4,205,46.70069495455943,6.297086931400387,40.403608023159045,0.9826681417060319,22.770120854723537,26.31894796557784,22.770120854723537,3.655994885024816
4,206,46.70069495455943,6.297086931400387,40.403608023159045,0.9826681417060319,22.770120854723537,26.31894796557784,22.770120854723537,3.655994885024816
4,207,46.70069495455943,6.297086931400387,40.403608023159045,0.9826681417060319,22.770120854723537,26.31894796557784,22.770120854723537,3.655994885024816
4,208,46.70069495455943,6.297086931400387,40.403608023159045,0.9826681417060319,22.770120854723537,26.31894796557784,22.770120854723537,3.655994885024816
4,209,46.70069495455943,6.297086931400387,40.403608023159045,0.9826681417060319,22.770120854723537,26.31894796557784,22.770120854723537,3.655994885024816
4,210,46.70069495455943,6.297086931400387,40.403608023159045,0.9826681417060319,22.770120854723537,26.31894796557784,22.770120854723537,3.655994885024816
4,211,46.70069495455943,6.297086931400387,40.403608023159045,0.9826681417060319,22.770120854723537,26.31894796557784,22.770120854723537,3.655994885024816
4,212,46.70069495455943,6.297086931400387,40.403608023159045,0.9826681417060319,22.770120854723537,26.31894796557784,22.770120854723537,3.655994885024816
4,213,46.70069495455943,6.297086931400387,40.403608023159045,0.9826681417060319,22.770120854723537,26.31894796557784,22.770120854723537,3.655994885024816
4,214,46.70069495455943,6.297086931400387,40.403608023159045,0.9826681417060319,22.770120854723537,26.31894796557784,22.770120854723537,3.655994885024816
4,215,46.70069495455943,6.297086931400387,40.403608023159045,0.9826681417060319,22.770120854723537,26.31894796557784,22.770120854723537,3.655994885024816
4,216,46.70069495455943,6.297086931400387,40.403608023159045,0.9826681417060319,22.770120854723537,26.31894796557784,22.770120854723537,3.655994885024816
4,217,46.70069495455943,6.297086931400387,40.403608023159045,0.9826681417060319,22.770120854723537,26.31894796557784,22.770120854723537,3.655994885024816
4,218,46.70069495455943,6.297086931400387,40.403608023159045,0.9826681417060319,22.770120854723537,26.31894796557784,22.770120854723537,3.655994885024816
4,219,46.70069495455943,6.297086931400387,40.403608023159045,0.9826681417060319,22.770120854723537,26.31894796557784,22.770120854723537,3.655994885024816
4,220,46.70069495455943,6.297086931400387,40.403608023159045,0.9826681417060319,22.770120854723537,26.31894796557784,22.770120854723537,3.655994885024816
4,221,46.70069495455943,6.297086931400387,40.403608023159045,0.9826681417060319,22.770120854723537,26.31894796557784,22.770120854723537,3.655994885024816
4,222,46.70069495455943,6.297086931400387,40.403608023159045,0.9826681417060319,22.770120854723537,26.31894796557784,22.770120854723537,3.655994885024816
4,223,46.70069495455943,6.297086931400387,40.403608023159045,0.9826681417060319,22.770120854723537,26.31894796557784,22.770120854723537,3.655994885024816
4,224,46.70069495455943,6.297086931400387,40.403608023159045,0.9826681417060319,22.770120854723537,26.31894796557784,22.770120854723537,3.655994885024816
4,225,46.70069495455943,6.297086931400387,40.403608023159045,0.9826681417060319,22.770120854723537,26.31894796557784,22.770120854723537,3.655994885024816
4,226,46.70069495455943,6.297086931400387,40.403608023159045,0.9826681417060319,22.770120854723537,26.31894796557784,22.770120854723537,3.655994885024816
4,227,46.70069495455943,6.297086931400387,40.403608023159045,0.9826681417060319,22.770120854723537,26.31894796557784,22.770120854723537,3.655994885024816
4,228,46.70069495455943,6.297086931400387,40.403608023159045,0.9826681417060319,22.770120854723537,26.31894796557784,22.770120854723537,3.655994885024816
4,229,46.70069495455943,6.297086931400387,40.403608023159045,0.9826681417060319,22.770120854723537,26.31894796557784,22.770120854723537,3.655994885024816
4,230,46.70069495455943,6.297086931400387,40.403608023159045,0.9826681417060319,22.770120854723537,26.31894796557784,22.770120854723537,3.655994885024816
4,231,46.70069495455943,6.297086931400387,40.403608023159045,0.9826681417060319,22.770120854723537,26.31894796557784,22.770120854723537,3.655994885024816
4,232,46.70069495455943,6.297086931400387,40.403608023159045,0.9826681417060319,22.770120854723537,26.31894796557784,22.770120854723537,3.655994885024816
4,233,46.70069495455943,6.297086931400387,40.403608023159045,0.9826681417060319,22.770120854723537,26.31894796557784,22.770120854723537,3.655994885024816
4,234,46.70069495455943,6.297086931400387,40.403608023159045,0.9826681417060319,22.770120854723537,26.31894796557784,22.770120854723537,3.655994885024816
4,235,46.70069495455943,6.297086931400387,40.403608023159045,0.9826681417060319,22.770120854723537,26.31894796557784,22.770120854723537,3.655994885024816
4,236,46.70069495455943,6.297086931400387,40.403608023159045,0.9826681417060319,22.770120854723537,26.31894796557784,22.770120854723537,3.655994885024816
4,237,46.70069495455943,6.297086931400387,40.403608023159045,0.9826681417060319,22.770120854723537,26.31894796557784,22.770120854723537,3.655994885024816
4,238,46.70069495455943,6.297086931400387,40.403608023159045,0.9826681417060319,22.770120854723537,26.31894796557784,22.770120854723537,3.655994885024816
4,239,46.70069495455943,6.297086931400387,40.403608023159045,0.9826681417060319,22.770120854723537,26.31894796557784,22.770120854723537,3.655994885024816
4,240,46.70069495455943,6.297086931400387,40.403608023159045,0.9826681417060319,22.770120854723537,26.31894796557784,22.770120854723537,3.655994885024816
4,241,46.70069495455943,6.297086931400387,40.403608023159045,0.9826681417060319,22.770120854723537,26.31894796557784,22.770120854723537,3.655994885024816
4,242,46.70069495455943,6.297086931400387,40.403608023159045,0.9826681417060319,22.770120854723537,26.31894796557784,22.770120854723537,3.655994885024816
4,243,46.70069495455943,6.297086931400387,40.403608023159045,0.9826681417060319,22.770120854723537,26.31894796557784,22.770120854723537,3.655994885024816
4,244,46.70069495455943,6.297086931400387,40.403608023159045,0.9826681417060319,22.770120854723537,26.31894796557784,22.770120854723537,3.655994885024816
4,245,46.70069495455943,6.297086931400387,40.403608023159045,0.9826681417060319,22.770120854723537,26.31894796557784,22.770120854723537,3.655994885024816
4,246,46.70069495455943,6.297086931400387,40.403608023159045,0.9826681417060319,22.770120854723537,26.31894796557784,22.770120854723537,3.655994885024816
4,247,46.70069495455943,6.297086931400387,40.403608023159045,0.9826681417060319,22.770120854723537,26.31894796557784,22.770120854723537,3.655994885024816
4,248,46.70069495455943,6.297086931400387,40.403608023159045,0.9826681417060319,22.770120854723537,26.31894796557784,22.770120854723537,3.655994885024816
4,249,46.70069495455943,6.297086931400387,40.403608023159045,0.9826681417060319,22.770120854723537,26.31894796557784,22.770120854723537,3.655994885024816
4,250,46.70069495455943,6.297086931400387,40.403608023159045,0.9826681417060319,22.770120854723537,26.31894796557784,22.770120854723537,3.655994885024816
4,251,46.70069495455943,6.297086931400387,40.403608023159045,0.9826681417060319,22.770120854723537,26.31894796557784,22.770120854723537,3.655994885024816
4,252,46.70069495455943,6.297086931400387,40.403608023159045,0.9826681417060319,22.770120854723537,26.31894796557784,22.770120854723537,3.655994885024816
4,253,46.70069495455943,6.297086931400387,40.403608023159045,0.9826681417060319,22.770120854723537,26.31894796557784,22.770120854723537,3.655994885024816
4,254,46.70069495455943,6.297086931400387,40.403608023159045,0.9826681417060319,22.770120854723537,26.31894796557784,22.770120854723537,3.655994885024816
4,255,46.70069495455943,6.297086931400387,40.403608023159045,0.9826681417060319,22.770120854723537,26.31894796557784,22.770120854723537,3.655994885024816
4,256,46.70069495455943,6.297086931400387,40.403608023159045,0.9826681417060319,22.770120854723537,26.31894796557784,22.770120854723537,3.655994885024816
4,257,46.70069495455943,6.297086931400387,40.403608023159045,0.9826681417060319,22.770120854723537,26.31894796557784,22.770120854723537,3.655994885024816
4,258,46.70069495455943,6.297086931400387,40.403608023159045,0.9826681417060319,22.770120854723537,26.31894796557784,22.770120854723537,3.655994885024816
4,259,46.70069495455943,6.297086931400387,40.403608023159045,0.9826681417060319,22.770120854723537,26.31894796557784,22.770120854723537,3.655994885024816
4,260,46.70069495455943,6.297086931400387,40.403608023159045,0.9826681417060319,22.770120854723537,26.31894796557784,22.770120854723537,3.655994885024816
4,261,46.70069495455943,6.297086931400387,40.403608023159045,0.9826681417060319,22.770120854723537,26.31894796557784,22.770120854723537,3.655994885024816
4,262,46.70069495455943,6.297086931400387,40.403608023159045,0.9826681417060319,22.770120854723537,26.31894796557784,22.770120854723537,3.655994885024816
4,263,46.70069495455943,6.297086931400387,40.403608023159045,0.9826681417060319,22.770120854723537,26.31894796557784,22.770120854723537,3.655994885024816
4,264,46.70069495455943,6.297086931400387,40.403608023159045,0.9826681417060319,22.770120854723537,26.31894796557784,22.770120854723537,3.655994885024816
4,265,46.70069495455943,6.297086931400387,40.403608023159045,0.9826681417060319,22.770120854723537,26.31894796557784,22.770120854723537,3.655994885024816
4,266,46.70069495455943,6.297086931400387,40.403608023159045,0.9826681417060319,22.770120854723537,26.31894796557784,22.770120854723537,3.655994885024816
4,267,46.70069495455943,6.297086931400387,40.403608023159045,0.9826681417060319,22.770120854723537,26.31894796557784,22.770120854723537,3.655994885024816
4,268,46.70069495455943,6.297086931400387,40.403608023159045,0.9826681417060319,22.770120854723537,26.31894796557784,22.770120854723537,3.655994885024816
4,269,46.70069495455943,6.297086931400387,40.403608023159045,0.9826681417060319,22.770120854723537,26.31894796557784,22.770120854723537,3.655994885024816
4,270,46.70069495455943,6.297086931400387,40.403608023159045,0.9826681417060319,22.770120854723537,26.31894796557784,22.770120854723537,3.655994885024816
4,271,46.70069495455943,6.297086931400387,40.403608023159045,0.9826681417060319,22.770120854723537,26.31894796557784,22.770120854723537,3.655994885024816
4,272,46.70069495455943,6.297086931400387,40.403608023159045,0.9826681417060319,22.770120854723537,26.31894796557784,22.770120854723537,3.655994885024816
4,273,46.70069495455943,6.297086931400387,40.403608023159045,0.9826681417060319,22.770120854723537,26.31894796557784,22.770120854723537,3.655994885024816
4,274,46.70069495455943,6.297086931400387,40.403608023159045,0.9826681417060319,22.770120854723537,26.31894796557784,22.770120854723537,3.655994885024816
4,275,46.70069495455943,6.297086931400387,40.403608023159045,0.9826681417060319,22.770120854723537,26.31894796557784,22.770120854723537,3.655994885024816
4,276,46.70069495455943,6.297086931400387,40.403608023159045,0.9826681417060319,22.770120854723537,26.31894796557784,22.770120854723537,3.655994885024816
4,277,46.70069495455943,6.297086931400387,40.403608023159045,0.9826681417060319,22.770120854723537,26.31894796557784,22.770120854723537,3.655994885024816
4,278,46.70069495455943,6.297086931400387,40.403608023159045,0.9826681417060319,22.770120854723537,26.31894796557784,22.770120854723537,3.655994885024816
4,279,46.70069495455943,6.297086931400387,40.403608023159045,0.9826681417060319,22.770120854723537,26.31894796557784,22.770120854723537,3.655994885024816
4,280,46.70069495455943,6.297086931400387,40.403608023159045,0.9826681417060319,22.770120854723537,26.31894796557784,22.770120854723537,3.655994885024816
4,281,46.70069495455943,6.297086931400387,40.403608023159045,0.9826681417060319,22.770120854723537,26.31894796557784,22.770120854723537,3.655994885024816
4,282,46.70069495455943,6.297086931400387,40.403608023159045,0.9826681417060319,22.770120854723537,26.31894796557784,22.770120854723537,3.655994885024816
4,283,46.70069495455943,6.297086931400387,40.403608023159045,0.9826681417060319,22.770120854723537,26.31894796557784,22.770120854723537,3.655994885024816
4,284,46.70069495455943,6.297086931400387,40.403608023159045,0.9826681417060319,22.770120854723537,26.31894796557784,22.770120854723537,3.655994885024816
4,285,46.70069495455943,6.297086931400387,40.403608023159045,0.9826681417060319,22.770120854723537,26.31894796557784,22.770120854723537,3.655994885024816
4,286,46.70069495455943,6.297086931400387,40.403608023159045,0.9826681417060319,22.770120854723537,26.31894796557784,22.770120854723537,3.655994885024816
4,287,46.70069495455943,6.297086931400387,40.403608023159045,0.9826681417060319,22.770120854723537,26.31894796557784,22.770120854723537,3.655994885024816
4,288,46.70069495455943,6.297086931400387,40.403608023159045,0.9826681417060319,22.770120854723537,26.31894796557784,22.770120854723537,3.655994885024816
4,289,46.70069495455943,6.297086931400387,40.403608023159045,0.9826681417060319,22.770120854723537,26.31894796557784,22.770120854723537,3.655994885024816
4,290,46.70069495455943,6.297086931400387,40.403608023159045,0.9826681417060319,22.770120854723537,26.31894796557784,22.770120854723537,3.655994885024816
4,291,46.70069495455943,6.297086931400387,40.403608023159045,0.9826681417060319,22.770120854723537,26.31894796557784,22.770120854723537,3.655994885024816
4,292,46.70069495455943,6.297086931400387,40.403608023159045,0.9826681417060319,22.770120854723537,26.31894796557784,22.770120854723537,3.655994885024816
4,293,46.70069495455943,6.297086931400387,40.403608023159045,0.9826681417060319,22.770120854723537,26.31894796557784,22.770120854723537,3.655994885024816
4,294,46.70069495455943,6.297086931400387,40.403608023159045,0.9826681417060319,22.770120854723537,26.31894796557784,22.770120854723537,3.655994885024816
4,295,46.70069495455943,6.297086931400387,40.403608023159045,0.9826681417060319,22.770120854723537,26.31894796557784,22.770120854723537,3.655994885024816
4,296,46.70069495455943,6.297086931400387,40.403608023159045,0.9826681417060319,22.770120854723537,26.31894796557784,22.770120854723537,3.655994885024816
4,297,46.70069495455943,6.297086931400387,40.403608023159045,0.9826681417060319,22.770120854723537,26.31894796557784,22.770120854723537,3.655994885024816
4,298,46.70069495455943,6.297086931400387,40.403608023159045,0.9826681417060319,22.770120854723537,26.31894796557784,22.770120854723537,3.655994885024816
4,299,46.70069495455943,6.297086931400387,40.403608023159045,0.9826681417060319,22.770120854723537,26.31894796557784,22.770120854723537,3.655994885024816
4,300,46.70069495455943,6.297086931400387,40.403608023159045,0.9826681417060319,22.770120854723537,26.31894796557784,22.770120854723537,3.655994885024816
4,301,46.70069495455943,6.297086931400387,40.403608023159045,0.9826681417060319,22.770120854723537,26.31894796557784,22.770120854723537,3.655994885024816
4,302,46.70069495455943,6.297086931400387,40.403608023159045,0.9826681417060319,22.770120854723537,26.31894796557784,22.770120854723537,3.655994885024816
4,303,46.70069495455943,6.297086931400387,40.403608023159045,0.9826681417060319,22.770120854723537,26.31894796557784,22.770120854723537,3.655994885024816
4,304,46.70069495455943,6.297086931400387,40.403608023159045,0.9826681417060319,22.770120854723537,26.31894796557784,22.770120854723537,3.655994885024816
4,305,46.70069495455943,6.297086931400387,40.403608023159045,0.9826681417060319,22.770120854723537,26.31894796557784,22.770120854723537,3.655994885024816
4,306,46.70069495455943,6.297086931400387,40.403608023159045,0.9826681417060319,22.770120854723537,26.31894796557784,22.770120854723537,3.655994885024816
4,307,46.70069495455943,6.297086931400387,40.403608023159045,0.9826681417060319,22.770120854723537,26.31894796557784,22.770120854723537,3.655994885024816
4,308,46.70069495455943,6.297086931400387,40.403608023159045,0.9826681417060319,22.770120854723537,26.31894796557784,22.770120854723537,3.655994885024816
4,309,46.70069495455943,6.297086931400387,40.403608023159045,0.9826681417060319,22.770120854723537,26.31894796557784,22.770120854723537,3.655994885024816
4,310,46.70069495455943,6.297086931400387,40.403608023159045,0.9826681417060319,22.770120854723537,26.31894796557784,22.770120854723537,3.655994885024816
4,311,46.70069495455943,6.297086931400387,40.403608023159045,0.9826681417060319,22.770120854723537,26.31894796557784,22.770120854723537,3.655994885024816
4,312,46.70069495455943,6.297086931400387,40.403608023159045,0.9826681417060319,22.770120854723537,26.31894796557784,22.770120854723537,3.655994885024816
4,313,46.70069495455943,6.297086931400387,40.403608023159045,0.9826681417060319,22.770120854723537,26.31894796557784,22.770120854723537,3.655994885024816
4,314,46.70069495455943,6.297086931400387,40.403608023159045,0.9826681417060319,22.770120854723537,26.31894796557784,22.770120854723537,3.655994885024816
4,315,46.70069495455943,6.297086931400387,40.403608023159045,0.9826681417060319,22.770120854723537,26.31894796557784,22.770120854723537,3.655994885024816
4,316,46.70069495455943,6.297086931400387,40.403608023159045,0.9826681417060319,22.770120854723537,26.31894796557784,22.770120854723537,3.655994885024816
4,317,46.70069495455943,6.297086931400387,40.403608023159045,0.9826681417060319,22.770120854723537,26.31894796557784,22.770120854723537,3.655994885024816
4,318,46.70069495455943,6.297086931400387,40.403608023159045,0.9826681417060319,22.770120854723537,26.31894796557784,22.770120854723537,3.655994885024816
4,319,46.70069495455943,6.297086931400387,40.403608023159045,0.9826681417060319,22.770120854723537,26.31894796557784,22.770120854723537,3.655994885024816
4,320,46.70069495455943,6.297086931400387,40.403608023159045,0.9826681417060319,22.770120854723537,26.31894796557784,22.770120854723537,3.655994885024816
4,321,46.70069495455943,6.297086931400387,40.403608023159045,0.9826681417060319,22.770120854723537,26.31894796557784,22.770120854723537,3.655994885024816
4,322,46.70069495455943,6.297086931400387,40.403608023159045,0.9826681417060319,22.770120854723537,26.31894796557784,22.770120854723537,3.655994885024816
4,323,46.70069495455943,6.297086931400387,40.403608023159045,0.9826681417060319,22.770120854723537,26.31894796557784,22.770120854723537,3.655994885024816
4,324,46.70069495455943,6.297086931400387,40.403608023159045,0.9826681417060319,22.770120854723537,26.31894796557784,22.770120854723537,3.655994885024816
4,325,46.70069495455943,6.297086931400387,40.403608023159045,0.9826681417060319,22.770120854723537,26.31894796557784,22.770120854723537,3.655994885024816
4,326,46.70069495455943,6.297086931400387,40.403608023159045,0.9826681417060319,22.770120854723537,26.31894796557784,22.770120854723537,3.655994885024816
4,327,46.70069495455943,6.297086931400387,40.403608023159045,0.9826681417060319,22.770120854723537,26.31894796557784,22.770120854723537,3.655994885024816
4,328,46.70069495455943,6.297086931400387,40.403608023159045,0.9826681417060319,22.770120854723537,26.31894796557784,22.770120854723537,3.655994885024816
4,329,46.70069495455943,6.297086931400387,40.403608023159045,0.9826681417060319,22.770120854723537,26.31894796557784,22.770120854723537,3.655994885024816
4,330,46.70069495455943,6.297086931400387,40.403608023159045,0.9826681417060319,22.770120854723537,26.31894796557784,22.770120854723537,3.655994885024816
4,331,46.70069495455943,6.297086931400387,40.403608023159045,0.9826681417060319,22.770120854723537,26.31894796557784,22.770120854723537,3.655994885024816
4,332,46.70069495455943,6.297086931400387,40.403608023159045,0.9826681417060319,22.770120854723537,26.31894796557784,22.770120854723537,3.655994885024816
4,333,46.70069495455943,6.297086931400387,40.403608023159045,0.9826681417060319,22.770120854723537,26.31894796557784,22.770120854723537,3.655994885024816
4,334,46.70069495455943,6.297086931400387,40.403608023159045,0.9826681417060319,22.770120854723537,26.31894796557784,22.770120854723537,3.655994885024816
4,335,46.70069495455943,6.297086931400387,40.403608023159045,0.9826681417060319,22.770120854723537,26.31894796557784,22.770120854723537,3.655994885024816
4,336,46.70069495455943,6.297086931400387,40.403608023159045,0.9826681417060319,22.770120854723537,26.31894796557784,22.770120854723537,3.655994885024816
4,337,46.70069495455943,6.297086931400387,40.403608023159045,0.9826681417060319,22.770120854723537,26.31894796557784,22.770120854723537,3.655994885024816
4,338,46.70069495455943,6.297086931400387,40.403608023159045,0.9826681417060319,22.770120854723537,26.31894796557784,22.770120854723537,3.655994885024816
4,339,46.70069495455943,6.297086931400387,40.403608023159045,0.9826681417060319,22.770120854723537,26.31894796557784,22.770120854723537,3.655994885024816
4,340,46.70069495455943,6.297086931400387,40.403608023159045,0.9826681417060319,22.770120854723537,26.31894796557784,22.770120854723537,3.655994885024816
4,341,46.70069495455943,6.297086931400387,40.403608023159045,0.9826681417060319,22.770120854723537,26.31894796557784,22.770120854723537,3.655994885024816
4,342,46.70069495455943,6.297086931400387,40.403608023159045,0.9826681417060319,22.770120854723537,26.31894796557784,22.770120854723537,3.655994885024816
4,343,46.70069495455943,6.297086931400387,40.403608023159045,0.9826681417060319,22.770120854723537,26.31894796557784,22.770120854723537,3.655994885024816
4,344,46.70069495455943,6.297086931400387,40.403608023159045,0.9826681417060319,22.770120854723537,26.31894796557784,22.770120854723537,3.655994885024816
4,345,46.70069495455943,6.297086931400387,40.403608023159045,0.9826681417060319,22.770120854723537,26.31894796557784,22.770120854723537,3.655994885024816
4,346,46.70069495455943,6.297086931400387,40.403608023159045,0.9826681417060319,22.770120854723537,26.31894796557784,22.770120854723537,3.655994885024816
4,347,46.70069495455943,6.297086931400387,40.403608023159045,0.9826681417060319,22.770120854723537,26.31894796557784,22.770120854723537,3.655994885024816
4,348,46.70069495455943,6.297086931400387,40.403608023159045,0.9826681417060319,22.770120854723537,26.31894796557784,22.770120854723537,3.655994885024816
4,349,46.70069495455943,6.297086931400387,40.403608023159045,0.9826681417060319,22.770120854723537,26.31894796557784,22.770120854723537,3.655994885024816
4,350,46.70069495455943,6.297086931400387,40.403608023159045,0.9826681417060319,22.770120854723537,26.31894796557784,22.770120854723537,3.655994885024816
4,351,46.70069495455943,6.297086931400387,40.403608023159045,0.9826681417060319,22.770120854723537,26.31894796557784,22.770120854723537,3.655994885024816
4,352,46.70069495455943,6.297086931400387,40.403608023159045,0.9826681417060319,22.770120854723537,26.31894796557784,22.770120854723537,3.655994885024816
4,353,46.70069495455943,6.297086931400387,40.403608023159045,0.9826681417060319,22.770120854723537,26.31894796557784,22.770120854723537,3.655994885024816
4,354,46.70069495455943,6.297086931400387,40.403608023159045,0.9826681417060319,22.770120854723537,26.31894796557784,22.770120854723537,3.655994885024816
4,355,46.70069495455943,6.297086931400387,40.403608023159045,0.9826681417060319,22.770120854723537,26.31894796557784,22.770120854723537,3.655994885024816
4,356,46.70069495455943,6.297086931400387,40.403608023159045,0.9826681417060319,22.770120854723537,26.31894796557784,22.770120854723537,3.655994885024816
4,357,46.70069495455943,6.297086931400387,40.403608023159045,0.9826681417060319,22.770120854723537,26.31894796557784,22.770120854723537,3.655994885024816
4,358,46.70069495455943,6.297086931400387,40.403608023159045,0.9826681417060319,22.770120854723537,26.31894796557784,22.770120854723537,3.655994885024816
4,359,46.70069495455943,6.297086931400387,40.403608023159045,0.9826681417060319,22.770120854723537,26.31894796557784,22.770120854723537,3.655994885024816
4,360,46.70069495455943,6.297086931400387,40.403608023159045,0.9826681417060319,22.770120854723537,26.31894796557784,22.770120854723537,3.655994885024816
4,361,46.70069495455943,6.297086931400387,40.403608023159045,0.9826681417060319,22.770120854723537,26.31894796557784,22.770120854723537,3.655994885024816
4,362,46.70069495455943,6.297086931400387,40.403608023159045,0.9826681417060319,22.770120854723537,26.31894796557784,22.770120854723537,3.655994885024816
4,363,46.70069495455943,6.297086931400387,40.403608023159045,0.9826681417060319,22.770120854723537,26.31894796557784,22.770120854723537,3.655994885024816
4,364,46.70069495455943,6.297086931400387,40.403608023159045,0.9826681417060319,22.770120854723537,26.31894796557784,22.770120854723537,3.655994885024816
4,365,46.70069495455943,6.297086931400387,40.403608023159045,0.9826681417060319,22.770120854723537,26.31894796557784,22.770120854723537,3.655994885024816
4,366,46.70069495455943,6.297086931400387,40.403608023159045,0.9826681417060319,22.770120854723537,26.31894796557784,22.770120854723537,3.655994885024816
4,367,46.70069495455943,6.297086931400387,40.403608023159045,0.9826681417060319,22.770120854723537,26.31894796557784,22.770120854723537,3.655994885024816
4,368,46.70069495455943,6.297086931400387,40.403608023159045,0.9826681417060319,22.770120854723537,26.31894796557784,22.770120854723537,3.655994885024816
4,369,46.70069495455943,6.297086931400387,40.403608023159045,0.9826681417060319,22.770120854723537,26.31894796557784,22.770120854723537,3.655994885024816
4,370,46.70069495455943,6.297086931400387,40.403608023159045,0.9826681417060319,22.770120854723537,26.31894796557784,22.770120854723537,3.655994885024816
4,371,46.70069495455943,6.297086931400387,40.403608023159045,0.9826681417060319,22.770120854723537,26.31894796557784,22.770120854723537,3.655994885024816
4,372,46.70069495455943,6.297086931400387,40.403608023159045,0.9826681417060319,22.770120854723537,26.31894796557784,22.770120854723537,3.655994885024816
4,373,46.70069495455943,6.297086931400387,40.403608023159045,0.9826681417060319,22.770120854723537,26.31894796557784,22.770120854723537,3.655994885024816
4,374,46.70069495455943,6.297086931400387,40.403608023159045,0.9826681417060319,22.770120854723537,26.31894796557784,22.770120854723537,3.655994885024816
4,375,46.70069495455943,6.297086931400387,40.403608023159045,0.9826681417060319,22.770120854723537,26.31894796557784,22.770120854723537,3.655994885024816
4,376,46.70069495455943,6.297086931400387,40.403608023159045,0.9826681417060319,22.770120854723537,26.31894796557784,22.770120854723537,3.655994885024816
4,377,46.70069495455943,6.297086931400387,40.403608023159045,0.9826681417060319,22.770120854723537,26.31894796557784,22.770120854723537,3.655994885024816
4,378,46.70069495455943,6.297086931400387,40.403608023159045,0.9826681417060319,22.770120854723537,26.31894796557784,22.770120854723537,3.655994885024816
4,379,46.70069495455943,6.297086931400387,40.403608023159045,0.9826681417060319,22.770120854723537,26.31894796557784,22.770120854723537,3.655994885024816
4,380,46.70069495455943,6.297086931400387,40.403608023159045,0.9826681417060319,22.770120854723537,26.31894796557784,22.770120854723537,3.655994885024816
4,381,46.70069495455943,6.297086931400387,40.403608023159045,0.9826681417060319,22.770120854723537,26.31894796557784,22.770120854723537,3.655994885024816
4,382,46.70069495455943,6.297086931400387,40.403608023159045,0.9826681417060319,22.770120854723537,26.31894796557784,22.770120854723537,3.655994885024816
4,383,46.70069495455943,6.297086931400387,40.403608023159045,0.9826681417060319,22.770120854723537,26.31894796557784,22.770120854723537,3.655994885024816
4,384,46.70069495455943,6.297086931400387,40.403608023159045,0.9826681417060319,22.770120854723537,26.31894796557784,22.770120854723537,3.655994885024816
4,385,46.70069495455943,6.297086931400387,40.403608023159045,0.9826681417060319,22.770120854723537,26.31894796557784,22.770120854723537,3.655994885024816
4,386,46.70069495455943,6.297086931400387,40.403608023159045,0.9826681417060319,22.770120854723537,26.31894796557784,22.770120854723537,3.655994885024816
4,387,46.70069495455943,6.297086931400387,40.403608023159045,0.9826681417060319,22.770120854723537,26.31894796557784,22.770120854723537,3.655994885024816
4,388,46.70069495455943,6.297086931400387,40.403608023159045,0.9826681417060319,22.770120854723537,26.31894796557784,22.770120854723537,3.655994885024816
4,389,46.70069495455943,6.297086931400387,40.403608023159045,0.9826681417060319,22.770120854723537,26.31894796557784,22.770120854723537,3.655994885024816
4,390,46.70069495455943,6.297086931400387,40.403608023159045,0.9826681417060319,22.770120854723537,26.31894796557784,22.770120854723537,3.655994885024816
4,391,46.70069495455943,6.297086931400387,40.403608023159045,0.9826681417060319,22.770120854723537,26.31894796557784,22.770120854723537,3.655994885024816
4,392,46.70069495455943,6.297086931400387,40.403608023159045,0.9826681417060319,22.770120854723537,26.31894796557784,22.770120854723537,3.655994885024816
4,393,46.70069495455943,6.297086931400387,40.403608023159045,0.9826681417060319,22.770120854723537,26.31894796557784,22.770120854723537,3.655994885024816
4,394,46.70069495455943,6.297086931400387,40.403608023159045,0.9826681417060319,22.770120854723537,26.31894796557784,22.770120854723537,3.655994885024816
4,395,46.70069495455943,6.297086931400387,40.403608023159045,0.9826681417060319,22.770120854723537,26.31894796557784,22.770120854723537,3.655994885024816
4,396,46.70069495455943,6.297086931400387,40.403608023159045,0.9826681417060319,22.770120854723537,26.31894796557784,22.770120854723537,3.655994885024816
4,397,46.70069495455943,6.297086931400387,40.403608023159045,0.9826681417060319,22.770120854723537,26.31894796557784,22.770120854723537,3.655994885024816
4,398,46.70069495455943,6.297086931400387,40.403608023159045,0.9826681417060319,22.770120854723537,26.31894796557784,22.770120854723537,3.655994885024816
4,399,46.70069495455943,6.297086931400387,40.403608023159045,0.9826681417060319,22.770120854723537,26.31894796557784,22.770120854723537,3.655994885024816
4,400,46.70069495455943,6.297086931400387,40.403608023159045,0.9826681417060319,22.770120854723537,26.31894796557784,22.770120854723537,3.655994885024816
4,401,46.70069495455943,6.297086931400387,40.403608023159045,0.9826681417060319,22.770120854723537,26.31894796557784,22.770120854723537,3.655994885024816
4,402,46.70069495455943,6.297086931400387,40.403608023159045,0.9826681417060319,22.770120854723537,26.31894796557784,22.770120854723537,3.655994885024816
4,403,46.70069495455943,6.297086931400387,40.403608023159045,0.9826681417060319,22.770120854723537,26.31894796557784,22.770120854723537,3.655994885024816
4,404,46.70069495455943,6.297086931400387,40.403608023159045,0.9826681417060319,22.770120854723537,26.31894796557784,22.770120854723537,3.655994885024816
4,405,46.70069495455943,6.297086931400387,40.403608023159045,0.9826681417060319,22.770120854723537,26.31894796557784,22.770120854723537,3.655994885024816
4,406,46.70069495455943,6.297086931400387,40.403608023159045,0.9826681417060319,22.770120854723537,26.31894796557784,22.770120854723537,3.655994885024816
4,407,46.70069495455943,6.297086931400387,40.403608023159045,0.9826681417060319,22.770120854723537,26.31894796557784,22.770120854723537,3.655994885024816
4,408,46.70069495455943,6.297086931400387,40.403608023159045,0.9826681417060319,22.770120854723537,26.31894796557784,22.770120854723537,3.655994885024816
4,409,46.70069495455943,6.297086931400387,40.403608023159045,0.9826681417060319,22.770120854723537,26.31894796557784,22.770120854723537,3.655994885024816
4,410,46.70069495455943,6.297086931400387,40.403608023159045,0.9826681417060319,22.770120854723537,26.31894796557784,22.770120854723537,3.655994885024816
4,411,46.70069495455943,6.297086931400387,40.403608023159045,0.9826681417060319,22.770120854723537,26.31894796557784,22.770120854723537,3.655994885024816
4,412,46.70069495455943,6.297086931400387,40.403608023159045,0.9826681417060319,22.770120854723537,26.31894796557784,22.770120854723537,3.655994885024816
4,413,46.70069495455943,6.297086931400387,40.403608023159045,0.9826681417060319,22.770120854723537,26.31894796557784,22.770120854723537,3.655994885024816
4,414,46.70069495455943,6.297086931400387,40.403608023159045,0.9826681417060319,22.770120854723537,26.31894796557784,22.770120854723537,3.655994885024816
4,415,46.70069495455943,6.297086931400387,40.403608023159045,0.9826681417060319,22.770120854723537,26.31894796557784,22.770120854723537,3.655994885024816
4,416,46.70069495455943,6.297086931400387,40.403608023159045,0.9826681417060319,22.770120854723537,26.31894796557784,22.770120854723537,3.655994885024816
4,417,46.70069495455943,6.297086931400387,40.403608023159045,0.9826681417060319,22.770120854723537,26.31894796557784,22.770120854723537,3.655994885024816
4,418,46.70069495455943,6.297086931400387,40.403608023159045,0.9826681417060319,22.770120854723537,26.31894796557784,22.770120854723537,3.655994885024816
4,419,46.70069495455943,6.297086931400387,40.403608023159045,0.9826681417060319,22.770120854723537,26.31894796557784,22.770120854723537,3.655994885024816
4,420,46.70069495455943,6.297086931400387,40.403608023159045,0.9826681417060319,22.770120854723537,26.31894796557784,22.770120854723537,3.655994885024816
4,421,46.70069495455943,6.297086931400387,40.403608023159045,0.9826681417060319,22.770120854723537,26.31894796557784,22.770120854723537,3.655994885024816
4,422,46.70069495455943,6.297086931400387,40.403608023159045,0.9826681417060319,22.770120854723537,26.31894796557784,22.770120854723537,3.655994885024816
4,423,46.70069495455943,6.297086931400387,40.403608023159045,0.9826681417060319,22.770120854723537,26.31894796557784,22.770120854723537,3.655994885024816
4,424,46.70069495455943,6.297086931400387,40.403608023159045,0.9826681417060319,22.770120854723537,26.31894796557784,22.770120854723537,3.655994885024816
4,425,46.70069495455943,6.297086931400387,40.403608023159045,0.9826681417060319,22.770120854723537,26.31894796557784,22.770120854723537,3.655994885024816
4,426,46.70069495455943,6.297086931400387,40.403608023159045,0.9826681417060319,22.770120854723537,26.31894796557784,22.770120854723537,3.655994885024816
4,427,46.70069495455943,6.297086931400387,40.403608023159045,0.9826681417060319,22.770120854723537,26.31894796557784,22.770120854723537,3.655994885024816
4,428,46.70069495455943,6.297086931400387,40.403608023159045,0.9826681417060319,22.770120854723537,26.31894796557784,22.770120854723537,3.655994885024816
4,429,46.70069495455943,6.297086931400387,40.403608023159045,0.9826681417060319,22.770120854723537,26.31894796557784,22.770120854723537,3.655994885024816
4,430,46.70069495455943,6.297086931400387,40.403608023159045,0.9826681417060319,22.770120854723537,26.31894796557784,22.770120854723537,3.655994885024816
4,431,46.70069495455943,6.297086931400387,40.403608023159045,0.9826681417060319,22.770120854723537,26.31894796557784,22.770120854723537,3.655994885024816
4,432,46.70069495455943,6.297086931400387,40.403608023159045,0.9826681417060319,22.770120854723537,26.31894796557784,22.770120854723537,3.655994885024816
4,433,46.70069495455943,6.297086931400387,40.403608023159045,0.9826681417060319,22.770120854723537,26.31894796557784,22.770120854723537,3.655994885024816
4,434,46.70069495455943,6.297086931400387,40.403608023159045,0.9826681417060319,22.770120854723537,26.31894796557784,22.770120854723537,3.655994885024816
4,435,46.70069495455943,6.297086931400387,40.403608023159045,0.9826681417060319,22.770120854723537,26.31894796557784,22.770120854723537,3.655994885024816
4,436,46.70069495455943,6.297086931400387,40.403608023159045,0.9826681417060319,22.770120854723537,26.31894796557784,22.770120854723537,3.655994885024816
4,437,46.70069495455943,6.297086931400387,40.403608023159045,0.9826681417060319,22.770120854723537,26.31894796557784,22.770120854723537,3.655994885024816
4,438,46.70069495455943,6.297086931400387,40.403608023159045,0.9826681417060319,22.770120854723537,26.31894796557784,22.770120854723537,3.655994885024816
4,439,46.70069495455943,6.297086931400387,40.403608023159045,0.9826681417060319,22.770120854723537,26.31894796557784,22.770120854723537,3.655994885024816
4,440,46.70069495455943,6.297086931400387,40.403608023159045,0.9826681417060319,22.770120854723537,26.31894796557784,22.770120854723537,3.655994885024816
4,441,46.70069495455943,6.297086931400387,40.403608023159045,0.9826681417060319,22.770120854723537,26.31894796557784,22.770120854723537,3.655994885024816
4,442,46.70069495455943,6.297086931400387,40.403608023159045,0.9826681417060319,22.770120854723537,26.31894796557784,22.770120854723537,3.655994885024816
4,443,46.70069495455943,6.297086931400387,40.403608023159045,0.9826681417060319,22.770120854723537,26.31894796557784,22.770120854723537,3.655994885024816
4,444,46.70069495455943,6.297086931400387,40.403608023159045,0.9826681417060319,22.770120854723537,26.31894796557784,22.770120854723537,3.655994885024816
4,445,46.70069495455943,6.297086931400387,40.403608023159045,0.9826681417060319,22.770120854723537,26.31894796557784,22.770120854723537,3.655994885024816
4,446,46.70069495455943,6.297086931400387,40.403608023159045,0.9826681417060319,22.770120854723537,26.31894796557784,22.770120854723537,3.655994885024816
4,447,46.70069495455943,6.297086931400387,40.403608023159045,0.9826681417060319,22.770120854723537,26.31894796557784,22.770120854723537,3.655994885024816
4,448,46.70069495455943,6.297086931400387,40.403608023159045,0.9826681417060319,22.770120854723537,26.31894796557784,22.770120854723537,3.655994885024816
4,449,46.70069495455943,6.297086931400387,40.403608023159045,0.9826681417060319,22.770120854723537,26.31894796557784,22.770120854723537,3.655994885024816
4,450,46.70069495455943,6.297086931400387,40.403608023159045,0.9826681417060319,22.770120854723537,26.31894796557784,22.770120854723537,3.655994885024816
4,451,46.70069495455943,6.297086931400387,40.403608023159045,0.9826681417060319,22.770120854723537,26.31894796557784,22.770120854723537,3.655994885024816
4,452,46.70069495455943,6.297086931400387,40.403608023159045,0.9826681417060319,22.770120854723537,26.31894796557784,22.770120854723537,3.655994885024816
4,453,46.70069495455943,6.297086931400387,40.403608023159045,0.9826681417060319,22.770120854723537,26.31894796557784,22.770120854723537,3.655994885024816
4,454,46.70069495455943,6.297086931400387,40.403608023159045,0.9826681417060319,22.770120854723537,26.31894796557784,22.770120854723537,3.655994885024816
4,455,46.70069495455943,6.297086931400387,40.403608023159045,0.9826681417060319,22.770120854723537,26.31894796557784,22.770120854723537,3.655994885024816
4,456,46.70069495455943,6.297086931400387,40.403608023159045,0.9826681417060319,22.770120854723537,26.31894796557784,22.770120854723537,3.655994885024816
4,457,46.70069495455943,6.297086931400387,40.403608023159045,0.9826681417060319,22.770120854723537,26.31894796557784,22.770120854723537,3.655994885024816
4,458,46.70069495455943,6.297086931400387,40.403608023159045,0.9826681417060319,22.770120854723537,26.31894796557784,22.770120854723537,3.655994885024816
4,459,46.70069495455943,6.297086931400387,40.403608023159045,0.9826681417060319,22.770120854723537,26.31894796557784,22.770120854723537,3.655994885024816
4,460,46.70069495455943,6.297086931400387,40.403608023159045,0.9826681417060319,22.770120854723537,26.31894796557784,22.770120854723537,3.655994885024816
4,461,46.70069495455943,6.297086931400387,40.403608023159045,0.9826681417060319,22.770120854723537,26.31894796557784,22.770120854723537,3.655994885024816
4,462,46.70069495455943,6.297086931400387,40.403608023159045,0.9826681417060319,22.770120854723537,26.31894796557784,22.770120854723537,3.655994885024816
4,463,46.70069495455943,6.297086931400387,40.403608023159045,0.9826681417060319,22.770120854723537,26.31894796557784,22.770120854723537,3.655994885024816
4,464,46.70069495455943,6.297086931400387,40.403608023159045,0.9826681417060319,22.770120854723537,26.31894796557784,22.770120854723537,3.655994885024816
4,465,46.70069495455943,6.297086931400387,40.403608023159045,0.9826681417060319,22.770120854723537,26.31894796557784,22.770120854723537,3.655994885024816
4,466,46.70069495455943,6.297086931400387,40.403608023159045,0.9826681417060319,22.770120854723537,26.31894796557784,22.770120854723537,3.655994885024816
4,467,46.70069495455943,6.297086931400387,40.403608023159045,0.9826681417060319,22.770120854723537,26.31894796557784,22.770120854723537,3.655994885024816
4,468,46.70069495455943,6.297086931400387,40.403608023159045,0.9826681417060319,22.770120854723537,26.31894796557784,22.770120854723537,3.655994885024816
4,469,46.70069495455943,6.297086931400387,40.403608023159045,0.9826681417060319,22.770120854723537,26.31894796557784,22.770120854723537,3.655994885024816
4,470,46.70069495455943,6.297086931400387,40.403608023159045,0.9826681417060319,22.770120854723537,26.31894796557784,22.770120854723537,3.655994885024816
4,471,46.70069495455943,6.297086931400387,40.403608023159045,0.9826681417060319,22.770120854723537,26.31894796557784,22.770120854723537,3.655994885024816
4,472,46.70069495455943,6.297086931400387,40.403608023159045,0.9826681417060319,22.770120854723537,26.31894796557784,22.770120854723537,3.655994885024816
4,473,46.70069495455943,6.297086931400387,40.403608023159045,0.9826681417060319,22.770120854723537,26.31894796557784,22.770120854723537,3.655994885024816
4,474,46.70069495455943,6.297086931400387,40.403608023159045,0.9826681417060319,22.770120854723537,26.31894796557784,22.770120854723537,3.655994885024816
4,475,46.70069495455943,6.297086931400387,40.403608023159045,0.9826681417060319,22.770120854723537,26.31894796557784,22.770120854723537,3.655994885024816
4,476,46.70069495455943,6.297086931400387,40.403608023159045,0.9826681417060319,22.770120854723537,26.31894796557784,22.770120854723537,3.655994885024816
4,477,46.70069495455943,6.297086931400387,40.403608023159045,0.9826681417060319,22.770120854723537,26.31894796557784,22.770120854723537,3.655994885024816
4,478,46.70069495455943,6.297086931400387,40.403608023159045,0.9826681417060319,22.770120854723537,26.31894796557784,22.770120854723537,3.655994885024816
4,479,46.70069495455943,6.297086931400387,40.403608023159045,0.9826681417060319,22.770120854723537,26.31894796557784,22.770120854723537,3.655994885024816
4,480,46.70069495455943,6.297086931400387,40.403608023159045,0.9826681417060319,22.770120854723537,26.31894796557784,22.770120854723537,3.655994885024816
4,481,46.70069495455943,6.297086931400387,40.403608023159045,0.9826681417060319,22.770120854723537,26.31894796557784,22.770120854723537,3.655994885024816
4,482,46.70069495455943,6.297086931400387,40.403608023159045,0.9826681417060319,22.770120854723537,26.31894796557784,22.770120854723537,3.655994885024816
4,483,46.70069495455943,6.297086931400387,40.403608023159045,0.9826681417060319,22.770120854723537,26.31894796557784,22.770120854723537,3.655994885024816
4,484,46.70069495455943,6.297086931400387,40.403608023159045,0.9826681417060319,22.770120854723537,26.31894796557784,22.770120854723537,3.655994885024816
4,485,46.70069495455943,6.297086931400387,40.403608023159045,0.9826681417060319,22.770120854723537,26.31894796557784,22.770120854723537,3.655994885024816
4,486,46.70069495455943,6.297086931400387,40.403608023159045,0.9826681417060319,22.770120854723537,26.31894796557784,22.770120854723537,3.655994885024816
4,487,46.70069495455943,6.297086931400387,40.403608023159045,0.9826681417060319,22.770120854723537,26.31894796557784,22.770120854723537,3.655994885024816
4,488,46.70069495455943,6.297086931400387,40.403608023159045,0.9826681417060319,22.770120854723537,26.31894796557784,22.770120854723537,3.655994885024816
4,489,46.70069495455943,6.297086931400387,40.403608023159045,0.9826681417060319,22.770120854723537,26.31894796557784,22.770120854723537,3.655994885024816
4,490,46.70069495455943,6.297086931400387,40.403608023159045,0.9826681417060319,22.770120854723537,26.31894796557784,22.770120854723537,3.655994885024816
4,491,46.70069495455943,6.297086931400387,40.403608023159045,0.9826681417060319,22.770120854723537,26.31894796557784,22.770120854723537,3.655994885024816
4,492,46.70069495455943,6.297086931400387,40.403608023159045,0.9826681417060319,22.770120854723537,26.31894796557784,22.770120854723537,3.655994885024816
4,493,46.70069495455943,6.297086931400387,40.403608023159045,0.9826681417060319,22.770120854723537,26.31894796557784,22.770120854723537,3.655994885024816
4,494,46.70069495455943,6.297086931400387,40.403608023159045,0.9826681417060319,22.770120854723537,26.31894796557784,22.770120854723537,3.655994885024816
4,495,46.70069495455943,6.297086931400387,40.403608023159045,0.9826681417060319,22.770120854723537,26.31894796557784,22.770120854723537,3.655994885024816
4,496,46.70069495455943,6.297086931400387,40.403608023159045,0.9826681417060319,22.770120854723537,26.31894796557784,22.770120854723537,3.655994885024816
4,497,46.70069495455943,6.297086931400387,40.403608023159045,0.9826681417060319,22.770120854723537,26.31894796557784,22.770120854723537,3.655994885024816
4,498,46.70069495455943,6.297086931400387,40.403608023159045,0.9826681417060319,22.770120854723537,26.31894796557784,22.770120854723537,3.655994885024816
4,499,46.70069495455943,6.297086931400387,40.403608023159045,0.9826681417060319,22.770120854723537,26.31894796557784,22.770120854723537,3.655994885024816
4,500,46.70069495455943,6.297086931400387,40.403608023159045,0.9826681417060319,22.770120854723537,26.31894796557784,22.770120854723537,3.655994885024816
5,1,658.6683801733426,274.1654350287961,384.5029451445465,4.406825088908586,45.00346623282041,21.589810521465168,44.915481487881465,0.9880421629742487
5,2,71.1234278129674,41.50155852542966,29.62186928753774,0.9177185064347536,12.47923902260191,21.589810521465168,12.478795762544589,0.9880421629742487
5,3,64.23232281359812,17.708065576978232,46.52425723661989,1.2016751740781149,15.638665156589608,21.589810521465168,15.638092084336735,0.9880421629742487
5,4,64.23011891446924,17.464378290608074,46.76574062386116,1.205589959636046,15.679755250065254,21.589810521465168,15.67864085903601,0.9880421629742487
5,5,63.675061275559614,14.71751635185477,48.957544923704845,1.2425799584233295,16.1644408163682,21.589810521465168,16.05557494585038,0.9880421629742487
5,6,88.10231424358984,0.005353158948611852,88.09696108464124,1.8046089422410008,21.54673272062094,21.589810521465168,21.52217287190428,0.9880421629742487
5,7,64.50360939596625,22.589440742184934,41.91416865378132,1.1264704432769312,14.868635715093685,21.589810521465168,14.846155244646065,0.9880421629742487
5,8,65.15569787744587,10.50123984212631,54.654458035319564,1.3310596952580704,17.007310649442225,21.589810521465168,16.952451780608886,0.9880421629742487
5,9,68.63678148490413,31.504200408171517,37.13258107673261,1.0438913882872012,13.652212646978894,21.589810521465168,14.047419350353248,0.9880421629742487
5,10,130.68457124317973,7.44760479229799,123.23696645088175,2.2285056704962085,25.44913013762551,21.589810521465168,25.450728273521694,0.9880421629742487
5,11,64.67189628185281,4.5777385548693985,60.094157726983404,1.4272798165614684,18.56457801006369,21.589810521465168,17.852238089768466,0.9880421629742487
5,12,50.54051980601022,12.84613900344666,37.69438080256356,1.0439640700119144,16.521296859392233,21.589810521465168,13.862110215322224,0.9880421629742487
5,13,36.71082213757483,5.575025178877732,31.1357969586971,0.9844417460907294,18.251723432268008,21.589810521465168,12.852559983263749,0.9880421629742487
5,14,20.200213166718676,2.4801820715861456,17.72003109513253,0.7225839919934653,19.374409249125083,21.589810521465168,10.719906245441315,0.9880421629742487
5,15,12.715145055425426,1.3913470239940722,11.323798031431354,0.358946648310479,19.973420419521492,21.589810521465168,6.4103578244826585,0.9880421629742487
5,16,18.902384998202646,2.8836188391273945,16.018766159075252,0.6639900965021172,19.216122015360202,21.589810521465168,5.250282999945686,0.9880421629742487
5,17,5520.614554565303,3455.0754091092103,2065.5391454560922,11.140714573040766,104.69121843213439,21.589810521465168,104.6913442569649,0.9880421629742487
5,18,77.94454919644782,53.450843556810916,24.49370563963691,0.834331165853241,11.319644560252879,21.589810521465168,11.357879197586094,0.9880421629742487
5,19,64.27416539733872,17.341233277411014,46.932932119927706,1.2082258830935313,15.700630152084305,21.589810521465168,15.707416994691258,0.9880421629742487
5,20,64.28291709439623,17.715749574140585,46.56716752025564,1.2020691408143238,15.637374631455272,21.589810521465168,15.643544638603558,0.9880421629742487
5,21,64.25337347889906,17.835348886911305,46.41802459198776,1.1999709092638262,15.617646022970817,21.589810521465168,15.621054696713752,0.9880421629742487
5,22,64.25208007850334,18.35813066462836,45.89394941387498,1.1914714329966267,15.531437192481766,21.589810521465168,15.531673253619575,0.9880421629742487
5,23,64.24315695466348,17.23153410668779,47.011622847975694,1.2095552863804264,15.719552268991505,21.589810521465168,15.7196122618518,0.9880421629742487
5,24,64.23783732986585,17.9052388503512,46.33259847951465,1.1985664990339921,15.605630967913477,21.589810521465168,15.60565805537969,0.9880421629742487
5,25,64.23702792962384,17.705484593431045,46.53154333619279,1.2017884948972837,15.639098902933823,21.589810521465168,15.639127313689361,0.9880421629742487
5,26,64.23698241675099,17.684801654769895,46.5521807619811,1.2021222275001648,15.642576628646651,21.589810521465168,15.642587756810546,0.9880421629742487
5,27,64.23696375479895,17.69262375930934,46.54433999548961,1.201995257657268,15.641260925966881,21.589810521465168,15.641269377290126,0.9880421629742487
5,28,64.2368911866176,17.7294297887457,46.5074613978719,1.2013973707544203,15.63507843339512,21.589810521465168,15.63505563192659,0.9880421629742487
5,29,64.23684726354337,17.712808631032303,46.524038632511065,1.201666083908978,15.637868365165847,21.589810521465168,15.637846390217584,0.9880421629742487
5,30,64.23647710343937,17.627730995146955,46.60874610829241,1.2030370441051719,15.652200678002414,21.589810521465168,15.652054099667065,0.9880421629742487
5,31,64.23543435782354,17.593507601776434,46.641926756047106,1.203575329181046,15.657989618236027,21.589810521465168,15.657618349162922,0.9880421629742487
5,32,64.22746728887029,17.429938488602975,46.79752880026731,1.206107406497432,15.685841104775765,21.589810521465168,15.683816934585417,0.9880421629742487
5,33,10150.394026168853,1015.2279568637538,9135.1660693051,3.8433170361558973,66.60980238550053,21.589810521465168,16.62249521964314,0.9880421629742487
5,34,447096895379.342,92416903031.97066,354679992347.37134,156496.3372165613,429912.17403091583,21.589810521465168,1657966.413328034,0.9880421629742487
5,35,367580020475.4734,266261459621.953,101318560853.52037,83165.50740518392,729759.4730249868,21.589810521465168,729759.4730249868,0.9880421629742487
5,36,13274740375519.574,10295838936106.314,2978901439413.26,452125.688578458,4537826.99216845,21.589810521465168,3737479.865089679,0.9880421629742487
5,37,105310201943.84213,76281967788.68968,29028234155.152454,44514.985521531205,390611.96653644374,21.589810521465168,390611.96653644374,0.9880421629742487
5,38,7267497613624.055,3631791263228.8584,3635706350395.196,496661.04007254896,2695082.841575486,21.589810521465168,4472315.629563835,0.9880421629742487
5,39,24401650105.98182,17677004974.200615,6724645131.781206,21426.543452902628,188005.2255844518,21.589810521465168,188005.2255844518,0.9880421629742487
5,40,146904246902.71973,106410856907.61224,40493389995.10747,52576.0650376893,461346.57757303707,21.589810521465168,461346.57757303707,0.9880421629742487
5,41,1789970446.7112346,1296865154.661263,493105292.0499717,5802.576686034485,50910.230907672034,21.589810521465168,50910.230907672034,0.9880421629742487
5,42,55813.59373368411,39567.49435948109,16246.09937420302,32.906705314472354,292.21990000050323,21.589810521465168,292.21990000050323,0.9880421629742487
5,43,64.24495549648137,18.23240094559054,46.01255455089083,1.1933777870088937,15.551540215625451,21.589810521465168,15.551540215625451,0.9880421629742487
5,44,64.23761967574583,17.70562332638938,46.53199634935645,1.2017908149751428,15.639075554019655,21.589810521465168,15.639075554019655,0.9880421629742487
5,45,64.23761967574583,17.70562332638938,46.53199634935645,1.2017908149751428,15.639075554019655,21.589810521465168,15.639075554019655,0.9880421629742487
5,46,64.23761967574583,17.70562332638938,46.53199634935645,1.2017908149751428,15.639075554019655,21.589810521465168,15.639075554019655,0.9880421629742487
5,47,64.23761967574583,17.70562332638938,46.53199634935645,1.2017908149751428,15.639075554019655,21.589810521465168,15.639075554019655,0.9880421629742487
5,48,64.23761967574583,17.70562332638938,46.53199634935645,1.2017908149751428,15.639075554019655,21.589810521465168,15.639075554019655,0.9880421629742487
5,49,64.23761967574583,17.70562332638938,46.53199634935645,1.2017908149751428,15.639075554019655,21.589810521465168,15.639075554019655,0.9880421629742487
5,50,64.23761967574583,17.70562332638938,46.53199634935645,1.2017908149751428,15.639075554019655,21.589810521465168,15.639075554019655,0.9880421629742487
5,51,64.23761967574583,17.70562332638938,46.53199634935645,1.2017908149751428,15.639075554019655,21.589810521465168,15.639075554019655,0.9880421629742487
5,52,64.23761967574583,17.70562332638938,46.53199634935645,1.2017908149751428,15.639075554019655,21.589810521465168,15.639075554019655,0.9880421629742487
5,53,64.23761967574583,17.70562332638938,46.53199634935645,1.2017908149751428,15.639075554019655,21.589810521465168,15.639075554019655,0.9880421629742487
5,54,64.23761967574583,17.70562332638938,46.53199634935645,1.2017908149751428,15.639075554019655,21.589810521465168,15.639075554019655,0.9880421629742487
5,55,64.23761967574583,17.70562332638938,46.53199634935645,1.2017908149751428,15.639075554019655,21.589810521465168,15.639075554019655,0.9880421629742487
5,56,64.23761967574583,17.70562332638938,46.53199634935645,1.2017908149751428,15.639075554019655,21.589810521465168,15.639075554019655,0.9880421629742487
5,57,64.23761967574583,17.70562332638938,46.53199634935645,1.2017908149751428,15.639075554019655,21.589810521465168,15.639075554019655,0.9880421629742487
5,58,64.23761967574583,17.70562332638938,46.53199634935645,1.2017908149751428,15.639075554019655,21.589810521465168,15.639075554019655,0.9880421629742487
5,59,64.23761967574583,17.70562332638938,46.53199634935645,1.2017908149751428,15.639075554019655,21.589810521465168,15.639075554019655,0.9880421629742487
5,60,64.23761967574583,17.70562332638938,46.53199634935645,1.2017908149751428,15.639075554019655,21.589810521465168,15.639075554019655,0.9880421629742487
5,61,64.23761967574583,17.70562332638938,46.53199634935645,1.2017908149751428,15.639075554019655,21.589810521465168,15.639075554019655,0.9880421629742487
5,62,64.23761967574583,17.70562332638938,46.53199634935645,1.2017908149751428,15.639075554019655,21.589810521465168,15.639075554019655,0.9880421629742487
5,63,64.23761967574583,17.70562332638938,46.53199634935645,1.2017908149751428,15.639075554019655,21.589810521465168,15.639075554019655,0.9880421629742487
5,64,64.23761967574583,17.70562332638938,46.53199634935645,1.2017908149751428,15.639075554019655,21.589810521465168,15.639075554019655,0.9880421629742487
5,65,64.23761967574583,17.70562332638938,46.53199634935645,1.2017908149751428,15.639075554019655,21.589810521465168,15.639075554019655,0.9880421629742487
5,66,64.23761967574583,17.70562332638938,46.53199634935645,1.2017908149751428,15.639075554019655,21.589810521465168,15.639075554019655,0.9880421629742487
5,67,64.23761967574583,17.70562332638938,46.53199634935645,1.2017908149751428,15.639075554019655,21.589810521465168,15.639075554019655,0.9880421629742487
5,68,64.23761967574583,17.70562332638938,46.53199634935645,1.2017908149751428,15.639075554019655,21.589810521465168,15.639075554019655,0.9880421629742487
5,69,64.23761967574583,17.70562332638938,46.53199634935645,1.2017908149751428,15.639075554019655,21.589810521465168,15.639075554019655,0.9880421629742487
5,70,64.23761967574583,17.70562332638938,46.53199634935645,1.2017908149751428,15.639075554019655,21.589810521465168,15.639075554019655,0.9880421629742487
5,71,64.23761967574583,17.70562332638938,46.53199634935645,1.2017908149751428,15.639075554019655,21.589810521465168,15.639075554019655,0.9880421629742487
5,72,64.23761967574583,17.70562332638938,46.53199634935645,1.2017908149751428,15.639075554019655,21.589810521465168,15.639075554019655,0.9880421629742487
5,73,64.23761967574583,17.70562332638938,46.53199634935645,1.2017908149751428,15.639075554019655,21.589810521465168,15.639075554019655,0.9880421629742487
5,74,64.23761967574583,17.70562332638938,46.53199634935645,1.2017908149751428,15.639075554019655,21.589810521465168,15.639075554019655,0.9880421629742487
5,75,64.23761967574583,17.70562332638938,46.53199634935645,1.2017908149751428,15.639075554019655,21.589810521465168,15.639075554019655,0.9880421629742487
5,76,64.23761967574583,17.70562332638938,46.53199634935645,1.2017908149751428,15.639075554019655,21.589810521465168,15.639075554019655,0.9880421629742487
5,77,64.23761967574583,17.70562332638938,46.53199634935645,1.2017908149751428,15.639075554019655,21.589810521465168,15.639075554019655,0.9880421629742487
5,78,64.23761967574583,17.70562332638938,46.53199634935645,1.2017908149751428,15.639075554019655,21.589810521465168,15.639075554019655,0.9880421629742487
5,79,64.23761967574583,17.70562332638938,46.53199634935645,1.2017908149751428,15.639075554019655,21.589810521465168,15.639075554019655,0.9880421629742487
5,80,64.23761967574583,17.70562332638938,46.53199634935645,1.2017908149751428,15.639075554019655,21.589810521465168,15.639075554019655,0.9880421629742487
5,81,64.23761967574583,17.70562332638938,46.53199634935645,1.2017908149751428,15.639075554019655,21.589810521465168,15.639075554019655,0.9880421629742487
5,82,64.23761967574583,17.70562332638938,46.53199634935645,1.2017908149751428,15.639075554019655,21.589810521465168,15.639075554019655,0.9880421629742487
5,83,64.23761967574583,17.70562332638938,46.53199634935645,1.2017908149751428,15.639075554019655,21.589810521465168,15.639075554019655,0.9880421629742487
5,84,64.23761967574583,17.70562332638938,46.53199634935645,1.2017908149751428,15.639075554019655,21.589810521465168,15.639075554019655,0.9880421629742487
5,85,64.23761967574583,17.70562332638938,46.53199634935645,1.2017908149751428,15.639075554019655,21.589810521465168,15.639075554019655,0.9880421629742487
5,86,64.23761967574583,17.70562332638938,46.53199634935645,1.2017908149751428,15.639075554019655,21.589810521465168,15.639075554019655,0.9880421629742487
5,87,64.23761967574583,17.70562332638938,46.53199634935645,1.2017908149751428,15.639075554019655,21.589810521465168,15.639075554019655,0.9880421629742487
5,88,64.23761967574583,17.70562332638938,46.53199634935645,1.2017908149751428,15.639075554019655,21.589810521465168,15.639075554019655,0.9880421629742487
5,89,64.23761967574583,17.70562332638938,46.53199634935645,1.2017908149751428,15.639075554019655,21.589810521465168,15.639075554019655,0.9880421629742487
5,90,64.23761967574583,17.70562332638938,46.53199634935645,1.2017908149751428,15.639075554019655,21.589810521465168,15.639075554019655,0.9880421629742487
5,91,64.23761967574583,17.70562332638938,46.53199634935645,1.2017908149751428,15.639075554019655,21.589810521465168,15.639075554019655,0.9880421629742487
5,92,64.23761967574583,17.70562332638938,46.53199634935645,1.2017908149751428,15.639075554019655,21.589810521465168,15.639075554019655,0.9880421629742487
5,93,64.23761967574583,17.70562332638938,46.53199634935645,1.2017908149751428,15.639075554019655,21.589810521465168,15.639075554019655,0.9880421629742487
5,94,64.23761967574583,17.70562332638938,46.53199634935645,1.2017908149751428,15.639075554019655,21.589810521465168,15.639075554019655,0.9880421629742487
5,95,64.23761967574583,17.70562332638938,46.53199634935645,1.2017908149751428,15.639075554019655,21.589810521465168,15.639075554019655,0.9880421629742487
5,96,64.23761967574583,17.70562332638938,46.53199634935645,1.2017908149751428,15.639075554019655,21.589810521465168,15.639075554019655,0.9880421629742487
5,97,64.23761967574583,17.70562332638938,46.53199634935645,1.2017908149751428,15.639075554019655,21.589810521465168,15.639075554019655,0.9880421629742487
5,98,64.23761967574583,17.70562332638938,46.53199634935645,1.2017908149751428,15.639075554019655,21.589810521465168,15.639075554019655,0.9880421629742487
5,99,64.23761967574583,17.70562332638938,46.53199634935645,1.2017908149751428,15.639075554019655,21.589810521465168,15.639075554019655,0.9880421629742487
5,100,64.23761967574583,17.70562332638938,46.53199634935645,1.2017908149751428,15.639075554019655,21.589810521465168,15.639075554019655,0.9880421629742487
5,101,64.23761967574583,17.70562332638938,46.53199634935645,1.2017908149751428,15.639075554019655,21.589810521465168,15.639075554019655,0.9880421629742487
5,102,64.23761967574583,17.70562332638938,46.53199634935645,1.2017908149751428,15.639075554019655,21.589810521465168,15.639075554019655,0.9880421629742487
5,103,64.23761967574583,17.70562332638938,46.53199634935645,1.2017908149751428,15.639075554019655,21.589810521465168,15.639075554019655,0.9880421629742487
5,104,64.23761967574583,17.70562332638938,46.53199634935645,1.2017908149751428,15.639075554019655,21.589810521465168,15.639075554019655,0.9880421629742487
5,105,64.23761967574583,17.70562332638938,46.53199634935645,1.2017908149751428,15.639075554019655,21.589810521465168,15.639075554019655,0.9880421629742487
5,106,64.23761967574583,17.70562332638938,46.53199634935645,1.2017908149751428,15.639075554019655,21.589810521465168,15.639075554019655,0.9880421629742487
5,107,64.23761967574583,17.70562332638938,46.53199634935645,1.2017908149751428,15.639075554019655,21.589810521465168,15.639075554019655,0.9880421629742487
5,108,64.23761967574583,17.70562332638938,46.53199634935645,1.2017908149751428,15.639075554019655,21.589810521465168,15.639075554019655,0.9880421629742487
5,109,64.23761967574583,17.70562332638938,46.53199634935645,1.2017908149751428,15.639075554019655,21.589810521465168,15.639075554019655,0.9880421629742487
5,110,64.23761967574583,17.70562332638938,46.53199634935645,1.2017908149751428,15.639075554019655,21.589810521465168,15.639075554019655,0.9880421629742487
5,111,64.23761967574583,17.70562332638938,46.53199634935645,1.2017908149751428,15.639075554019655,21.589810521465168,15.639075554019655,0.9880421629742487
5,112,64.23761967574583,17.70562332638938,46.53199634935645,1.2017908149751428,15.639075554019655,21.589810521465168,15.639075554019655,0.9880421629742487
5,113,64.23761967574583,17.70562332638938,46.53199634935645,1.2017908149751428,15.639075554019655,21.589810521465168,15.639075554019655,0.9880421629742487
5,114,64.23761967574583,17.70562332638938,46.53199634935645,1.2017908149751428,15.639075554019655,21.589810521465168,15.639075554019655,0.9880421629742487
5,115,64.23761967574583,17.70562332638938,46.53199634935645,1.2017908149751428,15.639075554019655,21.589810521465168,15.639075554019655,0.9880421629742487
5,116,64.23761967574583,17.70562332638938,46.53199634935645,1.2017908149751428,15.639075554019655,21.589810521465168,15.639075554019655,0.9880421629742487
5,117,64.23761967574583,17.70562332638938,46.53199634935645,1.2017908149751428,15.639075554019655,21.589810521465168,15.639075554019655,0.9880421629742487
5,118,64.23761967574583,17.70562332638938,46.53199634935645,1.2017908149751428,15.639075554019655,21.589810521465168,15.639075554019655,0.9880421629742487
5,119,64.23761967574583,17.70562332638938,46.53199634935645,1.2017908149751428,15.639075554019655,21.589810521465168,15.639075554019655,0.9880421629742487
5,120,64.23761967574583,17.70562332638938,46.53199634935645,1.2017908149751428,15.639075554019655,21.589810521465168,15.639075554019655,0.9880421629742487
5,121,64.23761967574583,17.70562332638938,46.53199634935645,1.2017908149751428,15.639075554019655,21.589810521465168,15.639075554019655,0.9880421629742487
5,122,64.23761967574583,17.70562332638938,46.53199634935645,1.2017908149751428,15.639075554019655,21.589810521465168,15.639075554019655,0.9880421629742487
5,123,64.23761967574583,17.70562332638938,46.53199634935645,1.2017908149751428,15.639075554019655,21.589810521465168,15.639075554019655,0.9880421629742487
5,124,64.23761967574583,17.70562332638938,46.53199634935645,1.2017908149751428,15.639075554019655,21.589810521465168,15.639075554019655,0.9880421629742487
5,125,64.23761967574583,17.70562332638938,46.53199634935645,1.2017908149751428,15.639075554019655,21.589810521465168,15.639075554019655,0.9880421629742487
5,126,64.23761967574583,17.70562332638938,46.53199634935645,1.2017908149751428,15.639075554019655,21.589810521465168,15.639075554019655,0.9880421629742487
5,127,64.23761967574583,17.70562332638938,46.53199634935645,1.2017908149751428,15.639075554019655,21.589810521465168,15.639075554019655,0.9880421629742487
5,128,64.23761967574583,17.70562332638938,46.53199634935645,1.2017908149751428,15.639075554019655,21.589810521465168,15.639075554019655,0.9880421629742487
5,129,64.23761967574583,17.70562332638938,46.53199634935645,1.2017908149751428,15.639075554019655,21.589810521465168,15.639075554019655,0.9880421629742487
5,130,64.23761967574583,17.70562332638938,46.53199634935645,1.2017908149751428,15.639075554019655,21.589810521465168,15.639075554019655,0.9880421629742487
5,131,64.23761967574583,17.70562332638938,46.53199634935645,1.2017908149751428,15.639075554019655,21.589810521465168,15.639075554019655,0.9880421629742487
5,132,64.23761967574583,17.70562332638938,46.53199634935645,1.2017908149751428,15.639075554019655,21.589810521465168,15.639075554019655,0.9880421629742487
5,133,64.23761967574583,17.70562332638938,46.53199634935645,1.2017908149751428,15.639075554019655,21.589810521465168,15.639075554019655,0.9880421629742487
5,134,64.23761967574583,17.70562332638938,46.53199634935645,1.2017908149751428,15.639075554019655,21.589810521465168,15.639075554019655,0.9880421629742487
5,135,64.23761967574583,17.70562332638938,46.53199634935645,1.2017908149751428,15.639075554019655,21.589810521465168,15.639075554019655,0.9880421629742487
5,136,64.23761967574583,17.70562332638938,46.53199634935645,1.2017908149751428,15.639075554019655,21.589810521465168,15.639075554019655,0.9880421629742487
5,137,64.23761967574583,17.70562332638938,46.53199634935645,1.2017908149751428,15.639075554019655,21.589810521465168,15.639075554019655,0.9880421629742487
5,138,64.23761967574583,17.70562332638938,46.53199634935645,1.2017908149751428,15.639075554019655,21.589810521465168,15.639075554019655,0.9880421629742487
5,139,64.23761967574583,17.70562332638938,46.53199634935645,1.2017908149751428,15.639075554019655,21.589810521465168,15.639075554019655,0.9880421629742487
5,140,64.23761967574583,17.70562332638938,46.53199634935645,1.2017908149751428,15.639075554019655,21.589810521465168,15.639075554019655,0.9880421629742487
5,141,64.23761967574583,17.70562332638938,46.53199634935645,1.2017908149751428,15.639075554019655,21.589810521465168,15.639075554019655,0.9880421629742487
5,142,64.23761967574583,17.70562332638938,46.53199634935645,1.2017908149751428,15.639075554019655,21.589810521465168,15.639075554019655,0.9880421629742487
5,143,64.23761967574583,17.70562332638938,46.53199634935645,1.2017908149751428,15.639075554019655,21.589810521465168,15.639075554019655,0.9880421629742487
5,144,64.23761967574583,17.70562332638938,46.53199634935645,1.2017908149751428,15.639075554019655,21.589810521465168,15.639075554019655,0.9880421629742487
5,145,64.23761967574583,17.70562332638938,46.53199634935645,1.2017908149751428,15.639075554019655,21.589810521465168,15.639075554019655,0.9880421629742487
5,146,64.23761967574583,17.70562332638938,46.53199634935645,1.2017908149751428,15.639075554019655,21.589810521465168,15.639075554019655,0.9880421629742487
5,147,64.23761967574583,17.70562332638938,46.53199634935645,1.2017908149751428,15.639075554019655,21.589810521465168,15.639075554019655,0.9880421629742487
5,148,64.23761967574583,17.70562332638938,46.53199634935645,1.2017908149751428,15.639075554019655,21.589810521465168,15.639075554019655,0.9880421629742487
5,149,64.23761967574583,17.70562332638938,46.53199634935645,1.2017908149751428,15.639075554019655,21.589810521465168,15.639075554019655,0.9880421629742487
5,150,64.23761967574583,17.70562332638938,46.53199634935645,1.2017908149751428,15.639075554019655,21.589810521465168,15.639075554019655,0.9880421629742487
5,151,64.23761967574583,17.70562332638938,46.53199634935645,1.2017908149751428,15.639075554019655,21.589810521465168,15.639075554019655,0.9880421629742487
5,152,64.23761967574583,17.70562332638938,46.53199634935645,1.2017908149751428,15.639075554019655,21.589810521465168,15.639075554019655,0.9880421629742487
5,153,64.23761967574583,17.70562332638938,46.53199634935645,1.2017908149751428,15.639075554019655,21.589810521465168,15.639075554019655,0.9880421629742487
5,154,64.23761967574583,17.70562332638938,46.53199634935645,1.2017908149751428,15.639075554019655,21.589810521465168,15.639075554019655,0.9880421629742487
5,155,64.23761967574583,17.70562332638938,46.53199634935645,1.2017908149751428,15.639075554019655,21.589810521465168,15.639075554019655,0.9880421629742487
5,156,64.23761967574583,17.70562332638938,46.53199634935645,1.2017908149751428,15.639075554019655,21.589810521465168,15.639075554019655,0.9880421629742487
5,157,64.23761967574583,17.70562332638938,46.53199634935645,1.2017908149751428,15.639075554019655,21.589810521465168,15.639075554019655,0.9880421629742487
5,158,64.23761967574583,17.70562332638938,46.53199634935645,1.2017908149751428,15.639075554019655,21.589810521465168,15.639075554019655,0.9880421629742487
5,159,64.23761967574583,17.70562332638938,46.53199634935645,1.2017908149751428,15.639075554019655,21.589810521465168,15.639075554019655,0.9880421629742487
5,160,64.23761967574583,17.70562332638938,46.53199634935645,1.2017908149751428,15.639075554019655,21.589810521465168,15.639075554019655,0.9880421629742487
5,161,64.23761967574583,17.70562332638938,46.53199634935645,1.2017908149751428,15.639075554019655,21.589810521465168,15.639075554019655,0.9880421629742487
5,162,64.23761967574583,17.70562332638938,46.53199634935645,1.2017908149751428,15.639075554019655,21.589810521465168,15.639075554019655,0.9880421629742487
5,163,64.23761967574583,17.70562332638938,46.53199634935645,1.2017908149751428,15.639075554019655,21.589810521465168,15.639075554019655,0.9880421629742487
5,164,64.23761967574583,17.70562332638938,46.53199634935645,1.2017908149751428,15.639075554019655,21.589810521465168,15.639075554019655,0.9880421629742487
5,165,64.23761967574583,17.70562332638938,46.53199634935645,1.2017908149751428,15.639075554019655,21.589810521465168,15.639075554019655,0.9880421629742487
5,166,64.23761967574583,17.70562332638938,46.53199634935645,1.2017908149751428,15.639075554019655,21.589810521465168,15.639075554019655,0.9880421629742487
5,167,64.23761967574583,17.70562332638938,46.53199634935645,1.2017908149751428,15.639075554019655,21.589810521465168,15.639075554019655,0.9880421629742487
5,168,64.23761967574583,17.70562332638938,46.53199634935645,1.2017908149751428,15.639075554019655,21.589810521465168,15.639075554019655,0.9880421629742487
5,169,64.23761967574583,17.70562332638938,46.53199634935645,1.2017908149751428,15.639075554019655,21.589810521465168,15.639075554019655,0.9880421629742487
5,170,64.23761967574583,17.70562332638938,46.53199634935645,1.2017908149751428,15.639075554019655,21.589810521465168,15.639075554019655,0.9880421629742487
5,171,64.23761967574583,17.70562332638938,46.53199634935645,1.2017908149751428,15.639075554019655,21.589810521465168,15.639075554019655,0.9880421629742487
5,172,64.23761967574583,17.70562332638938,46.53199634935645,1.2017908149751428,15.639075554019655,21.589810521465168,15.639075554019655,0.9880421629742487
5,173,64.23761967574583,17.70562332638938,46.53199634935645,1.2017908149751428,15.639075554019655,21.589810521465168,15.639075554019655,0.9880421629742487
5,174,64.23761967574583,17.70562332638938,46.53199634935645,1.2017908149751428,15.639075554019655,21.589810521465168,15.639075554019655,0.9880421629742487
5,175,64.23761967574583,17.70562332638938,46.53199634935645,1.2017908149751428,15.639075554019655,21.589810521465168,15.639075554019655,0.9880421629742487
5,176,64.23761967574583,17.70562332638938,46.53199634935645,1.2017908149751428,15.639075554019655,21.589810521465168,15.639075554019655,0.9880421629742487
5,177,64.23761967574583,17.70562332638938,46.53199634935645,1.2017908149751428,15.639075554019655,21.589810521465168,15.639075554019655,0.9880421629742487
5,178,64.23761967574583,17.70562332638938,46.53199634935645,1.2017908149751428,15.639075554019655,21.589810521465168,15.639075554019655,0.9880421629742487
5,179,64.23761967574583,17.70562332638938,46.53199634935645,1.2017908149751428,15.639075554019655,21.589810521465168,15.639075554019655,0.9880421629742487
5,180,64.23761967574583,17.70562332638938,46.53199634935645,1.2017908149751428,15.639075554019655,21.589810521465168,15.639075554019655,0.9880421629742487
5,181,64.23761967574583,17.70562332638938,46.53199634935645,1.2017908149751428,15.639075554019655,21.589810521465168,15.639075554019655,0.9880421629742487
5,182,64.23761967574583,17.70562332638938,46.53199634935645,1.2017908149751428,15.639075554019655,21.589810521465168,15.639075554019655,0.9880421629742487
5,183,64.23761967574583,17.70562332638938,46.53199634935645,1.2017908149751428,15.639075554019655,21.589810521465168,15.639075554019655,0.9880421629742487
5,184,64.23761967574583,17.70562332638938,46.53199634935645,1.2017908149751428,15.639075554019655,21.589810521465168,15.639075554019655,0.9880421629742487
5,185,64.23761967574583,17.70562332638938,46.53199634935645,1.2017908149751428,15.639075554019655,21.589810521465168,15.639075554019655,0.9880421629742487
5,186,64.23761967574583,17.70562332638938,46.53199634935645,1.2017908149751428,15.639075554019655,21.589810521465168,15.639075554019655,0.9880421629742487
5,187,64.23761967574583,17.70562332638938,46.53199634935645,1.2017908149751428,15.639075554019655,21.589810521465168,15.639075554019655,0.9880421629742487
5,188,64.23761967574583,17.70562332638938,46.53199634935645,1.2017908149751428,15.639075554019655,21.589810521465168,15.639075554019655,0.9880421629742487
5,189,64.23761967574583,17.70562332638938,46.53199634935645,1.2017908149751428,15.639075554019655,21.589810521465168,15.639075554019655,0.9880421629742487
5,190,64.23761967574583,17.70562332638938,46.53199634935645,1.2017908149751428,15.639075554019655,21.589810521465168,15.639075554019655,0.9880421629742487
5,191,64.23761967574583,17.70562332638938,46.53199634935645,1.2017908149751428,15.639075554019655,21.589810521465168,15.639075554019655,0.9880421629742487
5,192,64.23761967574583,17.70562332638938,46.53199634935645,1.2017908149751428,15.639075554019655,21.589810521465168,15.639075554019655,0.9880421629742487
5,193,64.23761967574583,17.70562332638938,46.53199634935645,1.2017908149751428,15.639075554019655,21.589810521465168,15.639075554019655,0.9880421629742487
5,194,64.23761967574583,17.70562332638938,46.53199634935645,1.2017908149751428,15.639075554019655,21.589810521465168,15.639075554019655,0.9880421629742487
5,195,64.23761967574583,17.70562332638938,46.53199634935645,1.2017908149751428,15.639075554019655,21.589810521465168,15.639075554019655,0.9880421629742487
5,196,64.23761967574583,17.70562332638938,46.53199634935645,1.2017908149751428,15.639075554019655,21.589810521465168,15.639075554019655,0.9880421629742487
5,197,64.23761967574583,17.70562332638938,46.53199634935645,1.2017908149751428,15.639075554019655,21.589810521465168,15.639075554019655,0.9880421629742487
5,198,64.23761967574583,17.70562332638938,46.53199634935645,1.2017908149751428,15.639075554019655,21.589810521465168,15.639075554019655,0.9880421629742487
5,199,64.23761967574583,17.70562332638938,46.53199634935645,1.2017908149751428,15.639075554019655,21.589810521465168,15.639075554019655,0.9880421629742487
5,200,64.23761967574583,17.70562332638938,46.53199634935645,1.2017908149751428,15.639075554019655,21.589810521465168,15.639075554019655,0.9880421629742487
5,201,64.23761967574583,17.70562332638938,46.53199634935645,1.2017908149751428,15.639075554019655,21.589810521465168,15.639075554019655,0.9880421629742487
5,202,64.23761967574583,17.70562332638938,46.53199634935645,1.2017908149751428,15.639075554019655,21.589810521465168,15.639075554019655,0.9880421629742487
5,203,64.23761967574583,17.70562332638938,46.53199634935645,1.2017908149751428,15.639075554019655,21.589810521465168,15.639075554019655,0.9880421629742487
5,204,64.23761967574583,17.70562332638938,46.53199634935645,1.2017908149751428,15.639075554019655,21.589810521465168,15.639075554019655,0.9880421629742487
5,205,64.23761967574583,17.70562332638938,46.53199634935645,1.2017908149751428,15.639075554019655,21.589810521465168,15.639075554019655,0.9880421629742487
5,206,64.23761967574583,17.70562332638938,46.53199634935645,1.2017908149751428,15.639075554019655,21.589810521465168,15.639075554019655,0.9880421629742487
5,207,64.23761967574583,17.70562332638938,46.53199634935645,1.2017908149751428,15.639075554019655,21.589810521465168,15.639075554019655,0.9880421629742487
5,208,64.23761967574583,17.70562332638938,46.53199634935645,1.2017908149751428,15.639075554019655,21.589810521465168,15.639075554019655,0.9880421629742487
5,209,64.23761967574583,17.70562332638938,46.53199634935645,1.2017908149751428,15.639075554019655,21.589810521465168,15.639075554019655,0.9880421629742487
5,210,64.23761967574583,17.70562332638938,46.53199634935645,1.2017908149751428,15.639075554019655,21.589810521465168,15.639075554019655,0.9880421629742487
5,211,64.23761967574583,17.70562332638938,46.53199634935645,1.2017908149751428,15.639075554019655,21.589810521465168,15.639075554019655,0.9880421629742487
5,212,64.23761967574583,17.70562332638938,46.53199634935645,1.2017908149751428,15.639075554019655,21.589810521465168,15.639075554019655,0.9880421629742487
5,213,64.23761967574583,17.70562332638938,46.53199634935645,1.2017908149751428,15.639075554019655,21.589810521465168,15.639075554019655,0.9880421629742487
5,214,64.23761967574583,17.70562332638938,46.53199634935645,1.2017908149751428,15.639075554019655,21.589810521465168,15.639075554019655,0.9880421629742487
5,215,64.23761967574583,17.70562332638938,46.53199634935645,1.2017908149751428,15.639075554019655,21.589810521465168,15.639075554019655,0.9880421629742487
5,216,64.23761967574583,17.70562332638938,46.53199634935645,1.2017908149751428,15.639075554019655,21.589810521465168,15.639075554019655,0.9880421629742487
5,217,64.23761967574583,17.70562332638938,46.53199634935645,1.2017908149751428,15.639075554019655,21.589810521465168,15.639075554019655,0.9880421629742487
5,218,64.23761967574583,17.70562332638938,46.53199634935645,1.2017908149751428,15.639075554019655,21.589810521465168,15.639075554019655,0.9880421629742487
5,219,64.23761967574583,17.70562332638938,46.53199634935645,1.2017908149751428,15.639075554019655,21.589810521465168,15.639075554019655,0.9880421629742487
5,220,64.23761967574583,17.70562332638938,46.53199634935645,1.2017908149751428,15.639075554019655,21.589810521465168,15.639075554019655,0.9880421629742487
5,221,64.23761967574583,17.70562332638938,46.53199634935645,1.2017908149751428,15.639075554019655,21.589810521465168,15.639075554019655,0.9880421629742487
5,222,64.23761967574583,17.70562332638938,46.53199634935645,1.2017908149751428,15.639075554019655,21.589810521465168,15.639075554019655,0.9880421629742487
5,223,64.23761967574583,17.70562332638938,46.53199634935645,1.2017908149751428,15.639075554019655,21.589810521465168,15.639075554019655,0.9880421629742487
5,224,64.23761967574583,17.70562332638938,46.53199634935645,1.2017908149751428,15.639075554019655,21.589810521465168,15.639075554019655,0.9880421629742487
5,225,64.23761967574583,17.70562332638938,46.53199634935645,1.2017908149751428,15.639075554019655,21.589810521465168,15.639075554019655,0.9880421629742487
5,226,64.23761967574583,17.70562332638938,46.53199634935645,1.2017908149751428,15.639075554019655,21.589810521465168,15.639075554019655,0.9880421629742487
5,227,64.23761967574583,17.70562332638938,46.53199634935645,1.2017908149751428,15.639075554019655,21.589810521465168,15.639075554019655,0.9880421629742487
5,228,64.23761967574583,17.70562332638938,46.53199634935645,1.2017908149751428,15.639075554019655,21.589810521465168,15.639075554019655,0.9880421629742487
5,229,64.23761967574583,17.70562332638938,46.53199634935645,1.2017908149751428,15.639075554019655,21.589810521465168,15.639075554019655,0.9880421629742487
5,230,64.23761967574583,17.70562332638938,46.53199634935645,1.2017908149751428,15.639075554019655,21.589810521465168,15.639075554019655,0.9880421629742487
5,231,64.23761967574583,17.70562332638938,46.53199634935645,1.2017908149751428,15.639075554019655,21.589810521465168,15.639075554019655,0.9880421629742487
5,232,64.23761967574583,17.70562332638938,46.53199634935645,1.2017908149751428,15.639075554019655,21.589810521465168,15.639075554019655,0.9880421629742487
5,233,64.23761967574583,17.70562332638938,46.53199634935645,1.2017908149751428,15.639075554019655,21.589810521465168,15.639075554019655,0.9880421629742487
5,234,64.23761967574583,17.70562332638938,46.53199634935645,1.2017908149751428,15.639075554019655,21.589810521465168,15.639075554019655,0.9880421629742487
5,235,64.23761967574583,17.70562332638938,46.53199634935645,1.2017908149751428,15.639075554019655,21.589810521465168,15.639075554019655,0.9880421629742487
5,236,64.23761967574583,17.70562332638938,46.53199634935645,1.2017908149751428,15.639075554019655,21.589810521465168,15.639075554019655,0.9880421629742487
5,237,64.23761967574583,17.70562332638938,46.53199634935645,1.2017908149751428,15.639075554019655,21.589810521465168,15.639075554019655,0.9880421629742487
5,238,64.23761967574583,17.70562332638938,46.53199634935645,1.2017908149751428,15.639075554019655,21.589810521465168,15.639075554019655,0.9880421629742487
5,239,64.23761967574583,17.70562332638938,46.53199634935645,1.2017908149751428,15.639075554019655,21.589810521465168,15.639075554019655,0.9880421629742487
5,240,64.23761967574583,17.70562332638938,46.53199634935645,1.2017908149751428,15.639075554019655,21.589810521465168,15.639075554019655,0.9880421629742487
5,241,64.23761967574583,17.70562332638938,46.53199634935645,1.2017908149751428,15.639075554019655,21.589810521465168,15.639075554019655,0.9880421629742487
5,242,64.23761967574583,17.70562332638938,46.53199634935645,1.2017908149751428,15.639075554019655,21.589810521465168,15.639075554019655,0.9880421629742487
5,243,64.23761967574583,17.70562332638938,46.53199634935645,1.2017908149751428,15.639075554019655,21.589810521465168,15.639075554019655,0.9880421629742487
5,244,64.23761967574583,17.70562332638938,46.53199634935645,1.2017908149751428,15.639075554019655,21.589810521465168,15.639075554019655,0.9880421629742487
5,245,64.23761967574583,17.70562332638938,46.53199634935645,1.2017908149751428,15.639075554019655,21.589810521465168,15.639075554019655,0.9880421629742487
5,246,64.23761967574583,17.70562332638938,46.53199634935645,1.2017908149751428,15.639075554019655,21.589810521465168,15.639075554019655,0.9880421629742487
5,247,64.23761967574583,17.70562332638938,46.53199634935645,1.2017908149751428,15.639075554019655,21.589810521465168,15.639075554019655,0.9880421629742487
5,248,64.23761967574583,17.70562332638938,46.53199634935645,1.2017908149751428,15.639075554019655,21.589810521465168,15.639075554019655,0.9880421629742487
5,249,64.23761967574583,17.70562332638938,46.53199634935645,1.2017908149751428,15.639075554019655,21.589810521465168,15.639075554019655,0.9880421629742487
5,250,64.23761967574583,17.70562332638938,46.53199634935645,1.2017908149751428,15.639075554019655,21.589810521465168,15.639075554019655,0.9880421629742487
5,251,64.23761967574583,17.70562332638938,46.53199634935645,1.2017908149751428,15.639075554019655,21.589810521465168,15.639075554019655,0.9880421629742487
5,252,64.23761967574583,17.70562332638938,46.53199634935645,1.2017908149751428,15.639075554019655,21.589810521465168,15.639075554019655,0.9880421629742487
5,253,64.23761967574583,17.70562332638938,46.53199634935645,1.2017908149751428,15.639075554019655,21.589810521465168,15.639075554019655,0.9880421629742487
5,254,64.23761967574583,17.70562332638938,46.53199634935645,1.2017908149751428,15.639075554019655,21.589810521465168,15.639075554019655,0.9880421629742487
5,255,64.23761967574583,17.70562332638938,46.53199634935645,1.2017908149751428,15.639075554019655,21.589810521465168,15.639075554019655,0.9880421629742487
5,256,64.23761967574583,17.70562332638938,46.53199634935645,1.2017908149751428,15.639075554019655,21.589810521465168,15.639075554019655,0.9880421629742487
5,257,64.23761967574583,17.70562332638938,46.53199634935645,1.2017908149751428,15.639075554019655,21.589810521465168,15.639075554019655,0.9880421629742487
5,258,64.23761967574583,17.70562332638938,46.53199634935645,1.2017908149751428,15.639075554019655,21.589810521465168,15.639075554019655,0.9880421629742487
5,259,64.23761967574583,17.70562332638938,46.53199634935645,1.2017908149751428,15.639075554019655,21.589810521465168,15.639075554019655,0.9880421629742487
5,260,64.23761967574583,17.70562332638938,46.53199634935645,1.2017908149751428,15.639075554019655,21.589810521465168,15.639075554019655,0.9880421629742487
5,261,64.23761967574583,17.70562332638938,46.53199634935645,1.2017908149751428,15.639075554019655,21.589810521465168,15.639075554019655,0.9880421629742487
5,262,64.23761967574583,17.70562332638938,46.53199634935645,1.2017908149751428,15.639075554019655,21.589810521465168,15.639075554019655,0.9880421629742487
5,263,64.23761967574583,17.70562332638938,46.53199634935645,1.2017908149751428,15.639075554019655,21.589810521465168,15.639075554019655,0.9880421629742487
5,264,64.23761967574583,17.70562332638938,46.53199634935645,1.2017908149751428,15.639075554019655,21.589810521465168,15.639075554019655,0.9880421629742487
5,265,64.23761967574583,17.70562332638938,46.53199634935645,1.2017908149751428,15.639075554019655,21.589810521465168,15.639075554019655,0.9880421629742487
5,266,64.23761967574583,17.70562332638938,46.53199634935645,1.2017908149751428,15.639075554019655,21.589810521465168,15.639075554019655,0.9880421629742487
5,267,64.23761967574583,17.70562332638938,46.53199634935645,1.2017908149751428,15.639075554019655,21.589810521465168,15.639075554019655,0.9880421629742487
5,268,64.23761967574583,17.70562332638938,46.53199634935645,1.2017908149751428,15.639075554019655,21.589810521465168,15.639075554019655,0.9880421629742487
5,269,64.23761967574583,17.70562332638938,46.53199634935645,1.2017908149751428,15.639075554019655,21.589810521465168,15.639075554019655,0.9880421629742487
5,270,64.23761967574583,17.70562332638938,46.53199634935645,1.2017908149751428,15.639075554019655,21.589810521465168,15.639075554019655,0.9880421629742487
5,271,64.23761967574583,17.70562332638938,46.53199634935645,1.2017908149751428,15.639075554019655,21.589810521465168,15.639075554019655,0.9880421629742487
5,272,64.23761967574583,17.70562332638938,46.53199634935645,1.2017908149751428,15.639075554019655,21.589810521465168,15.639075554019655,0.9880421629742487
5,273,64.23761967574583,17.70562332638938,46.53199634935645,1.2017908149751428,15.639075554019655,21.589810521465168,15.639075554019655,0.9880421629742487
5,274,64.23761967574583,17.70562332638938,46.53199634935645,1.2017908149751428,15.639075554019655,21.589810521465168,15.639075554019655,0.9880421629742487
5,275,64.23761967574583,17.70562332638938,46.53199634935645,1.2017908149751428,15.639075554019655,21.589810521465168,15.639075554019655,0.9880421629742487
5,276,64.23761967574583,17.70562332638938,46.53199634935645,1.2017908149751428,15.639075554019655,21.589810521465168,15.639075554019655,0.9880421629742487
5,277,64.23761967574583,17.70562332638938,46.53199634935645,1.2017908149751428,15.639075554019655,21.589810521465168,15.639075554019655,0.9880421629742487
5,278,64.23761967574583,17.70562332638938,46.53199634935645,1.2017908149751428,15.639075554019655,21.589810521465168,15.639075554019655,0.9880421629742487
5,279,64.23761967574583,17.70562332638938,46.53199634935645,1.2017908149751428,15.639075554019655,21.589810521465168,15.639075554019655,0.9880421629742487
5,280,64.23761967574583,17.70562332638938,46.53199634935645,1.2017908149751428,15.639075554019655,21.589810521465168,15.639075554019655,0.9880421629742487
5,281,64.23761967574583,17.70562332638938,46.53199634935645,1.2017908149751428,15.639075554019655,21.589810521465168,15.639075554019655,0.9880421629742487
5,282,64.23761967574583,17.70562332638938,46.53199634935645,1.2017908149751428,15.639075554019655,21.589810521465168,15.639075554019655,0.9880421629742487
5,283,64.23761967574583,17.70562332638938,46.53199634935645,1.2017908149751428,15.639075554019655,21.589810521465168,15.639075554019655,0.9880421629742487
5,284,64.23761967574583,17.70562332638938,46.53199634935645,1.2017908149751428,15.639075554019655,21.589810521465168,15.639075554019655,0.9880421629742487
5,285,64.23761967574583,17.70562332638938,46.53199634935645,1.2017908149751428,15.639075554019655,21.589810521465168,15.639075554019655,0.9880421629742487
5,286,64.23761967574583,17.70562332638938,46.53199634935645,1.2017908149751428,15.639075554019655,21.589810521465168,15.639075554019655,0.9880421629742487
5,287,64.23761967574583,17.70562332638938,46.53199634935645,1.2017908149751428,15.639075554019655,21.589810521465168,15.639075554019655,0.9880421629742487
5,288,64.23761967574583,17.70562332638938,46.53199634935645,1.2017908149751428,15.639075554019655,21.589810521465168,15.639075554019655,0.9880421629742487
5,289,64.23761967574583,17.70562332638938,46.53199634935645,1.2017908149751428,15.639075554019655,21.589810521465168,15.639075554019655,0.9880421629742487
5,290,64.23761967574583,17.70562332638938,46.53199634935645,1.2017908149751428,15.639075554019655,21.589810521465168,15.639075554019655,0.9880421629742487
5,291,64.23761967574583,17.70562332638938,46.53199634935645,1.2017908149751428,15.639075554019655,21.589810521465168,15.639075554019655,0.9880421629742487
5,292,64.23761967574583,17.70562332638938,46.53199634935645,1.2017908149751428,15.639075554019655,21.589810521465168,15.639075554019655,0.9880421629742487
5,293,64.23761967574583,17.70562332638938,46.53199634935645,1.2017908149751428,15.639075554019655,21.589810521465168,15.639075554019655,0.9880421629742487
5,294,64.23761967574583,17.70562332638938,46.53199634935645,1.2017908149751428,15.639075554019655,21.589810521465168,15.639075554019655,0.9880421629742487
5,295,64.23761967574583,17.70562332638938,46.53199634935645,1.2017908149751428,15.639075554019655,21.589810521465168,15.639075554019655,0.9880421629742487
5,296,64.23761967574583,17.70562332638938,46.53199634935645,1.2017908149751428,15.639075554019655,21.589810521465168,15.639075554019655,0.9880421629742487
5,297,64.23761967574583,17.70562332638938,46.53199634935645,1.2017908149751428,15.639075554019655,21.589810521465168,15.639075554019655,0.9880421629742487
5,298,64.23761967574583,17.70562332638938,46.53199634935645,1.2017908149751428,15.639075554019655,21.589810521465168,15.639075554019655,0.9880421629742487
5,299,64.23761967574583,17.70562332638938,46.53199634935645,1.2017908149751428,15.639075554019655,21.589810521465168,15.639075554019655,0.9880421629742487
5,300,64.23761967574583,17.70562332638938,46.53199634935645,1.2017908149751428,15.639075554019655,21.589810521465168,15.639075554019655,0.9880421629742487
5,301,64.23761967574583,17.70562332638938,46.53199634935645,1.2017908149751428,15.639075554019655,21.589810521465168,15.639075554019655,0.9880421629742487
5,302,64.23761967574583,17.70562332638938,46.53199634935645,1.2017908149751428,15.639075554019655,21.589810521465168,15.639075554019655,0.9880421629742487
5,303,64.23761967574583,17.70562332638938,46.53199634935645,1.2017908149751428,15.639075554019655,21.589810521465168,15.639075554019655,0.9880421629742487
5,304,64.23761967574583,17.70562332638938,46.53199634935645,1.2017908149751428,15.639075554019655,21.589810521465168,15.639075554019655,0.9880421629742487
5,305,64.23761967574583,17.70562332638938,46.53199634935645,1.2017908149751428,15.639075554019655,21.589810521465168,15.639075554019655,0.9880421629742487
5,306,64.23761967574583,17.70562332638938,46.53199634935645,1.2017908149751428,15.639075554019655,21.589810521465168,15.639075554019655,0.9880421629742487
5,307,64.23761967574583,17.70562332638938,46.53199634935645,1.2017908149751428,15.639075554019655,21.589810521465168,15.639075554019655,0.9880421629742487
5,308,64.23761967574583,17.70562332638938,46.53199634935645,1.2017908149751428,15.639075554019655,21.589810521465168,15.639075554019655,0.9880421629742487
5,309,64.23761967574583,17.70562332638938,46.53199634935645,1.2017908149751428,15.639075554019655,21.589810521465168,15.639075554019655,0.9880421629742487
5,310,64.23761967574583,17.70562332638938,46.53199634935645,1.2017908149751428,15.639075554019655,21.589810521465168,15.639075554019655,0.9880421629742487
5,311,64.23761967574583,17.70562332638938,46.53199634935645,1.2017908149751428,15.639075554019655,21.589810521465168,15.639075554019655,0.9880421629742487
5,312,64.23761967574583,17.70562332638938,46.53199634935645,1.2017908149751428,15.639075554019655,21.589810521465168,15.639075554019655,0.9880421629742487
5,313,64.23761967574583,17.70562332638938,46.53199634935645,1.2017908149751428,15.639075554019655,21.589810521465168,15.639075554019655,0.9880421629742487
5,314,64.23761967574583,17.70562332638938,46.53199634935645,1.2017908149751428,15.639075554019655,21.589810521465168,15.639075554019655,0.9880421629742487
5,315,64.23761967574583,17.70562332638938,46.53199634935645,1.2017908149751428,15.639075554019655,21.589810521465168,15.639075554019655,0.9880421629742487
5,316,64.23761967574583,17.70562332638938,46.53199634935645,1.2017908149751428,15.639075554019655,21.589810521465168,15.639075554019655,0.9880421629742487
5,317,64.23761967574583,17.70562332638938,46.53199634935645,1.2017908149751428,15.639075554019655,21.589810521465168,15.639075554019655,0.9880421629742487
5,318,64.23761967574583,17.70562332638938,46.53199634935645,1.2017908149751428,15.639075554019655,21.589810521465168,15.639075554019655,0.9880421629742487
5,319,64.23761967574583,17.70562332638938,46.53199634935645,1.2017908149751428,15.639075554019655,21.589810521465168,15.639075554019655,0.9880421629742487
5,320,64.23761967574583,17.70562332638938,46.53199634935645,1.2017908149751428,15.639075554019655,21.589810521465168,15.639075554019655,0.9880421629742487
5,321,64.23761967574583,17.70562332638938,46.53199634935645,1.2017908149751428,15.639075554019655,21.589810521465168,15.639075554019655,0.9880421629742487
5,322,64.23761967574583,17.70562332638938,46.53199634935645,1.2017908149751428,15.639075554019655,21.589810521465168,15.639075554019655,0.9880421629742487
5,323,64.23761967574583,17.70562332638938,46.53199634935645,1.2017908149751428,15.639075554019655,21.589810521465168,15.639075554019655,0.9880421629742487
5,324,64.23761967574583,17.70562332638938,46.53199634935645,1.2017908149751428,15.639075554019655,21.589810521465168,15.639075554019655,0.9880421629742487
5,325,64.23761967574583,17.70562332638938,46.53199634935645,1.2017908149751428,15.639075554019655,21.589810521465168,15.639075554019655,0.9880421629742487
5,326,64.23761967574583,17.70562332638938,46.53199634935645,1.2017908149751428,15.639075554019655,21.589810521465168,15.639075554019655,0.9880421629742487
5,327,64.23761967574583,17.70562332638938,46.53199634935645,1.2017908149751428,15.639075554019655,21.589810521465168,15.639075554019655,0.9880421629742487
5,328,64.23761967574583,17.70562332638938,46.53199634935645,1.2017908149751428,15.639075554019655,21.589810521465168,15.639075554019655,0.9880421629742487
5,329,64.23761967574583,17.70562332638938,46.53199634935645,1.2017908149751428,15.639075554019655,21.589810521465168,15.639075554019655,0.9880421629742487
5,330,64.23761967574583,17.70562332638938,46.53199634935645,1.2017908149751428,15.639075554019655,21.589810521465168,15.639075554019655,0.9880421629742487
5,331,64.23761967574583,17.70562332638938,46.53199634935645,1.2017908149751428,15.639075554019655,21.589810521465168,15.639075554019655,0.9880421629742487
5,332,64.23761967574583,17.70562332638938,46.53199634935645,1.2017908149751428,15.639075554019655,21.589810521465168,15.639075554019655,0.9880421629742487
5,333,64.23761967574583,17.70562332638938,46.53199634935645,1.2017908149751428,15.639075554019655,21.589810521465168,15.639075554019655,0.9880421629742487
5,334,64.23761967574583,17.70562332638938,46.53199634935645,1.2017908149751428,15.639075554019655,21.589810521465168,15.639075554019655,0.9880421629742487
5,335,64.23761967574583,17.70562332638938,46.53199634935645,1.2017908149751428,15.639075554019655,21.589810521465168,15.639075554019655,0.9880421629742487
5,336,64.23761967574583,17.70562332638938,46.53199634935645,1.2017908149751428,15.639075554019655,21.589810521465168,15.639075554019655,0.9880421629742487
5,337,64.23761967574583,17.70562332638938,46.53199634935645,1.2017908149751428,15.639075554019655,21.589810521465168,15.639075554019655,0.9880421629742487
5,338,64.23761967574583,17.70562332638938,46.53199634935645,1.2017908149751428,15.639075554019655,21.589810521465168,15.639075554019655,0.9880421629742487
5,339,64.23761967574583,17.70562332638938,46.53199634935645,1.2017908149751428,15.639075554019655,21.589810521465168,15.639075554019655,0.9880421629742487
5,340,64.23761967574583,17.70562332638938,46.53199634935645,1.2017908149751428,15.639075554019655,21.589810521465168,15.639075554019655,0.9880421629742487
5,341,64.23761967574583,17.70562332638938,46.53199634935645,1.2017908149751428,15.639075554019655,21.589810521465168,15.639075554019655,0.9880421629742487
5,342,64.23761967574583,17.70562332638938,46.53199634935645,1.2017908149751428,15.639075554019655,21.589810521465168,15.639075554019655,0.9880421629742487
5,343,64.23761967574583,17.70562332638938,46.53199634935645,1.2017908149751428,15.639075554019655,21.589810521465168,15.639075554019655,0.9880421629742487
5,344,64.23761967574583,17.70562332638938,46.53199634935645,1.2017908149751428,15.639075554019655,21.589810521465168,15.639075554019655,0.9880421629742487
5,345,64.23761967574583,17.70562332638938,46.53199634935645,1.2017908149751428,15.639075554019655,21.589810521465168,15.639075554019655,0.9880421629742487
5,346,64.23761967574583,17.70562332638938,46.53199634935645,1.2017908149751428,15.639075554019655,21.589810521465168,15.639075554019655,0.9880421629742487
5,347,64.23761967574583,17.70562332638938,46.53199634935645,1.2017908149751428,15.639075554019655,21.589810521465168,15.639075554019655,0.9880421629742487
5,348,64.23761967574583,17.70562332638938,46.53199634935645,1.2017908149751428,15.639075554019655,21.589810521465168,15.639075554019655,0.9880421629742487
5,349,64.23761967574583,17.70562332638938,46.53199634935645,1.2017908149751428,15.639075554019655,21.589810521465168,15.639075554019655,0.9880421629742487
5,350,64.23761967574583,17.70562332638938,46.53199634935645,1.2017908149751428,15.639075554019655,21.589810521465168,15.639075554019655,0.9880421629742487
5,351,64.23761967574583,17.70562332638938,46.53199634935645,1.2017908149751428,15.639075554019655,21.589810521465168,15.639075554019655,0.9880421629742487
5,352,64.23761967574583,17.70562332638938,46.53199634935645,1.2017908149751428,15.639075554019655,21.589810521465168,15.639075554019655,0.9880421629742487
5,353,64.23761967574583,17.70562332638938,46.53199634935645,1.2017908149751428,15.639075554019655,21.589810521465168,15.639075554019655,0.9880421629742487
5,354,64.23761967574583,17.70562332638938,46.53199634935645,1.2017908149751428,15.639075554019655,21.589810521465168,15.639075554019655,0.9880421629742487
5,355,64.23761967574583,17.70562332638938,46.53199634935645,1.2017908149751428,15.639075554019655,21.589810521465168,15.639075554019655,0.9880421629742487
5,356,64.23761967574583,17.70562332638938,46.53199634935645,1.2017908149751428,15.639075554019655,21.589810521465168,15.639075554019655,0.9880421629742487
5,357,64.23761967574583,17.70562332638938,46.53199634935645,1.2017908149751428,15.639075554019655,21.589810521465168,15.639075554019655,0.9880421629742487
5,358,64.23761967574583,17.70562332638938,46.53199634935645,1.2017908149751428,15.639075554019655,21.589810521465168,15.639075554019655,0.9880421629742487
5,359,64.23761967574583,17.70562332638938,46.53199634935645,1.2017908149751428,15.639075554019655,21.589810521465168,15.639075554019655,0.9880421629742487
5,360,64.23761967574583,17.70562332638938,46.53199634935645,1.2017908149751428,15.639075554019655,21.589810521465168,15.639075554019655,0.9880421629742487
5,361,64.23761967574583,17.70562332638938,46.53199634935645,1.2017908149751428,15.639075554019655,21.589810521465168,15.639075554019655,0.9880421629742487
5,362,64.23761967574583,17.70562332638938,46.53199634935645,1.2017908149751428,15.639075554019655,21.589810521465168,15.639075554019655,0.9880421629742487
5,363,64.23761967574583,17.70562332638938,46.53199634935645,1.2017908149751428,15.639075554019655,21.589810521465168,15.639075554019655,0.9880421629742487
5,364,64.23761967574583,17.70562332638938,46.53199634935645,1.2017908149751428,15.639075554019655,21.589810521465168,15.639075554019655,0.9880421629742487
5,365,64.23761967574583,17.70562332638938,46.53199634935645,1.2017908149751428,15.639075554019655,21.589810521465168,15.639075554019655,0.9880421629742487
5,366,64.23761967574583,17.70562332638938,46.53199634935645,1.2017908149751428,15.639075554019655,21.589810521465168,15.639075554019655,0.9880421629742487
5,367,64.23761967574583,17.70562332638938,46.53199634935645,1.2017908149751428,15.639075554019655,21.589810521465168,15.639075554019655,0.9880421629742487
5,368,64.23761967574583,17.70562332638938,46.53199634935645,1.2017908149751428,15.639075554019655,21.589810521465168,15.639075554019655,0.9880421629742487
5,369,64.23761967574583,17.70562332638938,46.53199634935645,1.2017908149751428,15.639075554019655,21.589810521465168,15.639075554019655,0.9880421629742487
5,370,64.23761967574583,17.70562332638938,46.53199634935645,1.2017908149751428,15.639075554019655,21.589810521465168,15.639075554019655,0.9880421629742487
5,371,64.23761967574583,17.70562332638938,46.53199634935645,1.2017908149751428,15.639075554019655,21.589810521465168,15.639075554019655,0.9880421629742487
5,372,64.23761967574583,17.70562332638938,46.53199634935645,1.2017908149751428,15.639075554019655,21.589810521465168,15.639075554019655,0.9880421629742487
5,373,64.23761967574583,17.70562332638938,46.53199634935645,1.2017908149751428,15.639075554019655,21.589810521465168,15.639075554019655,0.9880421629742487
5,374,64.23761967574583,17.70562332638938,46.53199634935645,1.2017908149751428,15.639075554019655,21.589810521465168,15.639075554019655,0.9880421629742487
5,375,64.23761967574583,17.70562332638938,46.53199634935645,1.2017908149751428,15.639075554019655,21.589810521465168,15.639075554019655,0.9880421629742487
5,376,64.23761967574583,17.70562332638938,46.53199634935645,1.2017908149751428,15.639075554019655,21.589810521465168,15.639075554019655,0.9880421629742487
5,377,64.23761967574583,17.70562332638938,46.53199634935645,1.2017908149751428,15.639075554019655,21.589810521465168,15.639075554019655,0.9880421629742487
5,378,64.23761967574583,17.70562332638938,46.53199634935645,1.2017908149751428,15.639075554019655,21.589810521465168,15.639075554019655,0.9880421629742487
5,379,64.23761967574583,17.70562332638938,46.53199634935645,1.2017908149751428,15.639075554019655,21.589810521465168,15.639075554019655,0.9880421629742487
5,380,64.23761967574583,17.70562332638938,46.53199634935645,1.2017908149751428,15.639075554019655,21.589810521465168,15.639075554019655,0.9880421629742487
5,381,64.23761967574583,17.70562332638938,46.53199634935645,1.2017908149751428,15.639075554019655,21.589810521465168,15.639075554019655,0.9880421629742487
5,382,64.23761967574583,17.70562332638938,46.53199634935645,1.2017908149751428,15.639075554019655,21.589810521465168,15.639075554019655,0.9880421629742487
5,383,64.23761967574583,17.70562332638938,46.53199634935645,1.2017908149751428,15.639075554019655,21.589810521465168,15.639075554019655,0.9880421629742487
5,384,64.23761967574583,17.70562332638938,46.53199634935645,1.2017908149751428,15.639075554019655,21.589810521465168,15.639075554019655,0.9880421629742487
5,385,64.23761967574583,17.70562332638938,46.53199634935645,1.2017908149751428,15.639075554019655,21.589810521465168,15.639075554019655,0.9880421629742487
5,386,64.23761967574583,17.70562332638938,46.53199634935645,1.2017908149751428,15.639075554019655,21.589810521465168,15.639075554019655,0.9880421629742487
5,387,64.23761967574583,17.70562332638938,46.53199634935645,1.2017908149751428,15.639075554019655,21.589810521465168,15.639075554019655,0.9880421629742487
5,388,64.23761967574583,17.70562332638938,46.53199634935645,1.2017908149751428,15.639075554019655,21.589810521465168,15.639075554019655,0.9880421629742487
5,389,64.23761967574583,17.70562332638938,46.53199634935645,1.2017908149751428,15.639075554019655,21.589810521465168,15.639075554019655,0.9880421629742487
5,390,64.23761967574583,17.70562332638938,46.53199634935645,1.2017908149751428,15.639075554019655,21.589810521465168,15.639075554019655,0.9880421629742487
5,391,64.23761967574583,17.70562332638938,46.53199634935645,1.2017908149751428,15.639075554019655,21.589810521465168,15.639075554019655,0.9880421629742487
5,392,64.23761967574583,17.70562332638938,46.53199634935645,1.2017908149751428,15.639075554019655,21.589810521465168,15.639075554019655,0.9880421629742487
5,393,64.23761967574583,17.70562332638938,46.53199634935645,1.2017908149751428,15.639075554019655,21.589810521465168,15.639075554019655,0.9880421629742487
5,394,64.23761967574583,17.70562332638938,46.53199634935645,1.2017908149751428,15.639075554019655,21.589810521465168,15.639075554019655,0.9880421629742487
5,395,64.23761967574583,17.70562332638938,46.53199634935645,1.2017908149751428,15.639075554019655,21.589810521465168,15.639075554019655,0.9880421629742487
5,396,64.23761967574583,17.70562332638938,46.53199634935645,1.2017908149751428,15.639075554019655,21.589810521465168,15.639075554019655,0.9880421629742487
5,397,64.23761967574583,17.70562332638938,46.53199634935645,1.2017908149751428,15.639075554019655,21.589810521465168,15.639075554019655,0.9880421629742487
5,398,64.23761967574583,17.70562332638938,46.53199634935645,1.2017908149751428,15.639075554019655,21.589810521465168,15.639075554019655,0.9880421629742487
5,399,64.23761967574583,17.70562332638938,46.53199634935645,1.2017908149751428,15.639075554019655,21.589810521465168,15.639075554019655,0.9880421629742487
5,400,64.23761967574583,17.70562332638938,46.53199634935645,1.2017908149751428,15.639075554019655,21.589810521465168,15.639075554019655,0.9880421629742487
5,401,64.23761967574583,17.70562332638938,46.53199634935645,1.2017908149751428,15.639075554019655,21.589810521465168,15.639075554019655,0.9880421629742487
5,402,64.23761967574583,17.70562332638938,46.53199634935645,1.2017908149751428,15.639075554019655,21.589810521465168,15.639075554019655,0.9880421629742487
5,403,64.23761967574583,17.70562332638938,46.53199634935645,1.2017908149751428,15.639075554019655,21.589810521465168,15.639075554019655,0.9880421629742487
5,404,64.23761967574583,17.70562332638938,46.53199634935645,1.2017908149751428,15.639075554019655,21.589810521465168,15.639075554019655,0.9880421629742487
5,405,64.23761967574583,17.70562332638938,46.53199634935645,1.2017908149751428,15.639075554019655,21.589810521465168,15.639075554019655,0.9880421629742487
5,406,64.23761967574583,17.70562332638938,46.53199634935645,1.2017908149751428,15.639075554019655,21.589810521465168,15.639075554019655,0.9880421629742487
5,407,64.23761967574583,17.70562332638938,46.53199634935645,1.2017908149751428,15.639075554019655,21.589810521465168,15.639075554019655,0.9880421629742487
5,408,64.23761967574583,17.70562332638938,46.53199634935645,1.2017908149751428,15.639075554019655,21.589810521465168,15.639075554019655,0.9880421629742487
5,409,64.23761967574583,17.70562332638938,46.53199634935645,1.2017908149751428,15.639075554019655,21.589810521465168,15.639075554019655,0.9880421629742487
5,410,64.23761967574583,17.70562332638938,46.53199634935645,1.2017908149751428,15.639075554019655,21.589810521465168,15.639075554019655,0.9880421629742487
5,411,64.23761967574583,17.70562332638938,46.53199634935645,1.2017908149751428,15.639075554019655,21.589810521465168,15.639075554019655,0.9880421629742487
5,412,64.23761967574583,17.70562332638938,46.53199634935645,1.2017908149751428,15.639075554019655,21.589810521465168,15.639075554019655,0.9880421629742487
5,413,64.23761967574583,17.70562332638938,46.53199634935645,1.2017908149751428,15.639075554019655,21.589810521465168,15.639075554019655,0.9880421629742487
5,414,64.23761967574583,17.70562332638938,46.53199634935645,1.2017908149751428,15.639075554019655,21.589810521465168,15.639075554019655,0.9880421629742487
5,415,64.23761967574583,17.70562332638938,46.53199634935645,1.2017908149751428,15.639075554019655,21.589810521465168,15.639075554019655,0.9880421629742487
5,416,64.23761967574583,17.70562332638938,46.53199634935645,1.2017908149751428,15.639075554019655,21.589810521465168,15.639075554019655,0.9880421629742487
5,417,64.23761967574583,17.70562332638938,46.53199634935645,1.2017908149751428,15.639075554019655,21.589810521465168,15.639075554019655,0.9880421629742487
5,418,64.23761967574583,17.70562332638938,46.53199634935645,1.2017908149751428,15.639075554019655,21.589810521465168,15.639075554019655,0.9880421629742487
5,419,64.23761967574583,17.70562332638938,46.53199634935645,1.2017908149751428,15.639075554019655,21.589810521465168,15.639075554019655,0.9880421629742487
5,420,64.23761967574583,17.70562332638938,46.53199634935645,1.2017908149751428,15.639075554019655,21.589810521465168,15.639075554019655,0.9880421629742487
5,421,64.23761967574583,17.70562332638938,46.53199634935645,1.2017908149751428,15.639075554019655,21.589810521465168,15.639075554019655,0.9880421629742487
5,422,64.23761967574583,17.70562332638938,46.53199634935645,1.2017908149751428,15.639075554019655,21.589810521465168,15.639075554019655,0.9880421629742487
5,423,64.23761967574583,17.70562332638938,46.53199634935645,1.2017908149751428,15.639075554019655,21.589810521465168,15.639075554019655,0.9880421629742487
5,424,64.23761967574583,17.70562332638938,46.53199634935645,1.2017908149751428,15.639075554019655,21.589810521465168,15.639075554019655,0.9880421629742487
5,425,64.23761967574583,17.70562332638938,46.53199634935645,1.2017908149751428,15.639075554019655,21.589810521465168,15.639075554019655,0.9880421629742487
5,426,64.23761967574583,17.70562332638938,46.53199634935645,1.2017908149751428,15.639075554019655,21.589810521465168,15.639075554019655,0.9880421629742487
5,427,64.23761967574583,17.70562332638938,46.53199634935645,1.2017908149751428,15.639075554019655,21.589810521465168,15.639075554019655,0.9880421629742487
5,428,64.23761967574583,17.70562332638938,46.53199634935645,1.2017908149751428,15.639075554019655,21.589810521465168,15.639075554019655,0.9880421629742487
5,429,64.23761967574583,17.70562332638938,46.53199634935645,1.2017908149751428,15.639075554019655,21.589810521465168,15.639075554019655,0.9880421629742487
5,430,64.23761967574583,17.70562332638938,46.53199634935645,1.2017908149751428,15.639075554019655,21.589810521465168,15.639075554019655,0.9880421629742487
5,431,64.23761967574583,17.70562332638938,46.53199634935645,1.2017908149751428,15.639075554019655,21.589810521465168,15.639075554019655,0.9880421629742487
5,432,64.23761967574583,17.70562332638938,46.53199634935645,1.2017908149751428,15.639075554019655,21.589810521465168,15.639075554019655,0.9880421629742487
5,433,64.23761967574583,17.70562332638938,46.53199634935645,1.2017908149751428,15.639075554019655,21.589810521465168,15.639075554019655,0.9880421629742487
5,434,64.23761967574583,17.70562332638938,46.53199634935645,1.2017908149751428,15.639075554019655,21.589810521465168,15.639075554019655,0.9880421629742487
5,435,64.23761967574583,17.70562332638938,46.53199634935645,1.2017908149751428,15.639075554019655,21.589810521465168,15.639075554019655,0.9880421629742487
5,436,64.23761967574583,17.70562332638938,46.53199634935645,1.2017908149751428,15.639075554019655,21.589810521465168,15.639075554019655,0.9880421629742487
5,437,64.23761967574583,17.70562332638938,46.53199634935645,1.2017908149751428,15.639075554019655,21.589810521465168,15.639075554019655,0.9880421629742487
5,438,64.23761967574583,17.70562332638938,46.53199634935645,1.2017908149751428,15.639075554019655,21.589810521465168,15.639075554019655,0.9880421629742487
5,439,64.23761967574583,17.70562332638938,46.53199634935645,1.2017908149751428,15.639075554019655,21.589810521465168,15.639075554019655,0.9880421629742487
5,440,64.23761967574583,17.70562332638938,46.53199634935645,1.2017908149751428,15.639075554019655,21.589810521465168,15.639075554019655,0.9880421629742487
5,441,64.23761967574583,17.70562332638938,46.53199634935645,1.2017908149751428,15.639075554019655,21.589810521465168,15.639075554019655,0.9880421629742487
5,442,64.23761967574583,17.70562332638938,46.53199634935645,1.2017908149751428,15.639075554019655,21.589810521465168,15.639075554019655,0.9880421629742487
5,443,64.23761967574583,17.70562332638938,46.53199634935645,1.2017908149751428,15.639075554019655,21.589810521465168,15.639075554019655,0.9880421629742487
5,444,64.23761967574583,17.70562332638938,46.53199634935645,1.2017908149751428,15.639075554019655,21.589810521465168,15.639075554019655,0.9880421629742487
5,445,64.23761967574583,17.70562332638938,46.53199634935645,1.2017908149751428,15.639075554019655,21.589810521465168,15.639075554019655,0.9880421629742487
5,446,64.23761967574583,17.70562332638938,46.53199634935645,1.2017908149751428,15.639075554019655,21.589810521465168,15.639075554019655,0.9880421629742487
5,447,64.23761967574583,17.70562332638938,46.53199634935645,1.2017908149751428,15.639075554019655,21.589810521465168,15.639075554019655,0.9880421629742487
5,448,64.23761967574583,17.70562332638938,46.53199634935645,1.2017908149751428,15.639075554019655,21.589810521465168,15.639075554019655,0.9880421629742487
5,449,64.23761967574583,17.70562332638938,46.53199634935645,1.2017908149751428,15.639075554019655,21.589810521465168,15.639075554019655,0.9880421629742487
5,450,64.23761967574583,17.70562332638938,46.53199634935645,1.2017908149751428,15.639075554019655,21.589810521465168,15.639075554019655,0.9880421629742487
5,451,64.23761967574583,17.70562332638938,46.53199634935645,1.2017908149751428,15.639075554019655,21.589810521465168,15.639075554019655,0.9880421629742487
5,452,64.23761967574583,17.70562332638938,46.53199634935645,1.2017908149751428,15.639075554019655,21.589810521465168,15.639075554019655,0.9880421629742487
5,453,64.23761967574583,17.70562332638938,46.53199634935645,1.2017908149751428,15.639075554019655,21.589810521465168,15.639075554019655,0.9880421629742487
5,454,64.23761967574583,17.70562332638938,46.53199634935645,1.2017908149751428,15.639075554019655,21.589810521465168,15.639075554019655,0.9880421629742487
5,455,64.23761967574583,17.70562332638938,46.53199634935645,1.2017908149751428,15.639075554019655,21.589810521465168,15.639075554019655,0.9880421629742487
5,456,64.23761967574583,17.70562332638938,46.53199634935645,1.2017908149751428,15.639075554019655,21.589810521465168,15.639075554019655,0.9880421629742487
5,457,64.23761967574583,17.70562332638938,46.53199634935645,1.2017908149751428,15.639075554019655,21.589810521465168,15.639075554019655,0.9880421629742487
5,458,64.23761967574583,17.70562332638938,46.53199634935645,1.2017908149751428,15.639075554019655,21.589810521465168,15.639075554019655,0.9880421629742487
5,459,64.23761967574583,17.70562332638938,46.53199634935645,1.2017908149751428,15.639075554019655,21.589810521465168,15.639075554019655,0.9880421629742487
5,460,64.23761967574583,17.70562332638938,46.53199634935645,1.2017908149751428,15.639075554019655,21.589810521465168,15.639075554019655,0.9880421629742487
5,461,64.23761967574583,17.70562332638938,46.53199634935645,1.2017908149751428,15.639075554019655,21.589810521465168,15.639075554019655,0.9880421629742487
5,462,64.23761967574583,17.70562332638938,46.53199634935645,1.2017908149751428,15.639075554019655,21.589810521465168,15.639075554019655,0.9880421629742487
5,463,64.23761967574583,17.70562332638938,46.53199634935645,1.2017908149751428,15.639075554019655,21.589810521465168,15.639075554019655,0.9880421629742487
5,464,64.23761967574583,17.70562332638938,46.53199634935645,1.2017908149751428,15.639075554019655,21.589810521465168,15.639075554019655,0.9880421629742487
5,465,64.23761967574583,17.70562332638938,46.53199634935645,1.2017908149751428,15.639075554019655,21.589810521465168,15.639075554019655,0.9880421629742487
5,466,64.23761967574583,17.70562332638938,46.53199634935645,1.2017908149751428,15.639075554019655,21.589810521465168,15.639075554019655,0.9880421629742487
5,467,64.23761967574583,17.70562332638938,46.53199634935645,1.2017908149751428,15.639075554019655,21.589810521465168,15.639075554019655,0.9880421629742487
5,468,64.23761967574583,17.70562332638938,46.53199634935645,1.2017908149751428,15.639075554019655,21.589810521465168,15.639075554019655,0.9880421629742487
5,469,64.23761967574583,17.70562332638938,46.53199634935645,1.2017908149751428,15.639075554019655,21.589810521465168,15.639075554019655,0.9880421629742487
5,470,64.23761967574583,17.70562332638938,46.53199634935645,1.2017908149751428,15.639075554019655,21.589810521465168,15.639075554019655,0.9880421629742487
5,471,64.23761967574583,17.70562332638938,46.53199634935645,1.2017908149751428,15.639075554019655,21.589810521465168,15.639075554019655,0.9880421629742487
5,472,64.23761967574583,17.70562332638938,46.53199634935645,1.2017908149751428,15.639075554019655,21.589810521465168,15.639075554019655,0.9880421629742487
5,473,64.23761967574583,17.70562332638938,46.53199634935645,1.2017908149751428,15.639075554019655,21.589810521465168,15.639075554019655,0.9880421629742487
5,474,64.23761967574583,17.70562332638938,46.53199634935645,1.2017908149751428,15.639075554019655,21.589810521465168,15.639075554019655,0.9880421629742487
5,475,64.23761967574583,17.70562332638938,46.53199634935645,1.2017908149751428,15.639075554019655,21.589810521465168,15.639075554019655,0.9880421629742487
5,476,64.23761967574583,17.70562332638938,46.53199634935645,1.2017908149751428,15.639075554019655,21.589810521465168,15.639075554019655,0.9880421629742487
5,477,64.23761967574583,17.70562332638938,46.53199634935645,1.2017908149751428,15.639075554019655,21.589810521465168,15.639075554019655,0.9880421629742487
5,478,64.23761967574583,17.70562332638938,46.53199634935645,1.2017908149751428,15.639075554019655,21.589810521465168,15.639075554019655,0.9880421629742487
5,479,64.23761967574583,17.70562332638938,46.53199634935645,1.2017908149751428,15.639075554019655,21.589810521465168,15.639075554019655,0.9880421629742487
5,480,64.23761967574583,17.70562332638938,46.53199634935645,1.2017908149751428,15.639075554019655,21.589810521465168,15.639075554019655,0.9880421629742487
5,481,64.23761967574583,17.70562332638938,46.53199634935645,1.2017908149751428,15.639075554019655,21.589810521465168,15.639075554019655,0.9880421629742487
5,482,64.23761967574583,17.70562332638938,46.53199634935645,1.2017908149751428,15.639075554019655,21.589810521465168,15.639075554019655,0.9880421629742487
5,483,64.23761967574583,17.70562332638938,46.53199634935645,1.2017908149751428,15.639075554019655,21.589810521465168,15.639075554019655,0.9880421629742487
5,484,64.23761967574583,17.70562332638938,46.53199634935645,1.2017908149751428,15.639075554019655,21.589810521465168,15.639075554019655,0.9880421629742487
5,485,64.23761967574583,17.70562332638938,46.53199634935645,1.2017908149751428,15.639075554019655,21.589810521465168,15.639075554019655,0.9880421629742487
5,486,64.23761967574583,17.70562332638938,46.53199634935645,1.2017908149751428,15.639075554019655,21.589810521465168,15.639075554019655,0.9880421629742487
5,487,64.23761967574583,17.70562332638938,46.53199634935645,1.2017908149751428,15.639075554019655,21.589810521465168,15.639075554019655,0.9880421629742487
5,488,64.23761967574583,17.70562332638938,46.53199634935645,1.2017908149751428,15.639075554019655,21.589810521465168,15.639075554019655,0.9880421629742487
5,489,64.23761967574583,17.70562332638938,46.53199634935645,1.2017908149751428,15.639075554019655,21.589810521465168,15.639075554019655,0.9880421629742487
5,490,64.23761967574583,17.70562332638938,46.53199634935645,1.2017908149751428,15.639075554019655,21.589810521465168,15.639075554019655,0.9880421629742487
5,491,64.23761967574583,17.70562332638938,46.53199634935645,1.2017908149751428,15.639075554019655,21.589810521465168,15.639075554019655,0.9880421629742487
5,492,64.23761967574583,17.70562332638938,46.53199634935645,1.2017908149751428,15.639075554019655,21.589810521465168,15.639075554019655,0.9880421629742487
5,493,64.23761967574583,17.70562332638938,46.53199634935645,1.2017908149751428,15.639075554019655,21.589810521465168,15.639075554019655,0.9880421629742487
5,494,64.23761967574583,17.70562332638938,46.53199634935645,1.2017908149751428,15.639075554019655,21.589810521465168,15.639075554019655,0.9880421629742487
5,495,64.23761967574583,17.70562332638938,46.53199634935645,1.2017908149751428,15.639075554019655,21.589810521465168,15.639075554019655,0.9880421629742487
5,496,64.23761967574583,17.70562332638938,46.53199634935645,1.2017908149751428,15.639075554019655,21.589810521465168,15.639075554019655,0.9880421629742487
5,497,64.23761967574583,17.70562332638938,46.53199634935645,1.2017908149751428,15.639075554019655,21.589810521465168,15.639075554019655,0.9880421629742487
5,498,64.23761967574583,17.70562332638938,46.53199634935645,1.2017908149751428,15.639075554019655,21.589810521465168,15.639075554019655,0.9880421629742487
5,499,64.23761967574583,17.70562332638938,46.53199634935645,1.2017908149751428,15.639075554019655,21.589810521465168,15.639075554019655,0.9880421629742487
5,500,64.23761967574583,17.70562332638938,46.53199634935645,1.2017908149751428,15.639075554019655,21.589810521465168,15.639075554019655,0.9880421629742487
6,1,88.67468744557621,80.09640082321948,8.578286622356734,0.757274402025307,4.7449760272563,17.39884817795113,4.647245916114382,0.20496460503222355
6,2,54.92890068710741,24.799129720972758,30.12977096613465,1.0904017633226823,10.356972501399003,17.39884817795113,8.596821772604173,0.20496460503222355
6,3,33.9172446746409,7.430834691929841,26.486409982711056,0.7165064549842978,13.54915155315024,17.39884817795113,5.401123547765858,0.20496460503222355
6,4,35.549328509462,17.730895678466453,17.81843283099555,0.8747658158280486,11.444797269936089,17.39884817795113,7.1896527495983245,0.20496460503222355
6,5,21.768021305375925,7.036013588676503,14.732007716699423,0.7435018653043582,13.64819620105338,17.39884817795113,6.372570667000997,0.20496460503222355
6,6,90.09574147493232,7.221590872251927,82.8741506026804,1.918846473443922,13.598532931438596,17.39884817795113,14.405973419548136,0.20496460503222355
6,7,66.76533410216163,29.738680885543502,37.026653216618136,1.227727799660571,9.686796459039918,17.39884817795113,9.687250131657022,0.20496460503222355
6,8,66.75809484092318,29.321807220498673,37.43628762042451,1.2348607230955229,9.740959419881776,17.39884817795113,9.740460536919661,0.20496460503222355
6,9,66.7072884383475,28.53467156870759,38.17261686963991,1.24771965200237,9.845390351039331,17.39884817795113,9.832250435072345,0.20496460503222355
6,10,65.83786845505564,26.797425013515042,39.040443441540596,1.2625549891264576,10.08451684479762,17.39884817795113,9.906551753679755,0.20496460503222355
6,11,70.67152883354616,55.79079289538782,14.880735938158344,0.837924825077212,6.929931153672043,17.39884817795113,5.964478618031904,0.20496460503222355
6,12,153.93737290593586,152.9561825551167,0.9811903508191736,1.0326892638942107,1.5734964921080306,17.39884817795113,1.576389659908714,0.20496460503222355
6,13,71.23645999991263,35.20955193395057,36.02690806596205,1.2472053491921622,9.777202967710632,17.39884817795113,9.29389375285139,0.20496460503222355
6,14,42.00622800570726,27.316262671657526,14.68996533404973,0.7207938880145737,10.043220410674957,17.39884817795113,6.021937158958809,0.20496460503222355
6,15,26.97092649261501,6.339161616181536,20.631764876433476,0.669542790287597,14.355247196469815,17.39884817795113,5.498756495220567,0.20496460503222355
6,16,24.538023639401327,9.11846623619833,15.419557403202997,0.6853996706013447,13.134408475245607,17.39884817795113,5.855144498328886,0.20496460503222355
6,17,23.625361308040286,0.30528281671721286,23.320078491323073,0.7857819529824224,16.812358722794194,17.39884817795113,4.185626547082947,0.20496460503222355
6,18,16.550804113270047,0.7999689876765635,15.750835125593483,0.6139043909935378,16.158815318212707,17.39884817795113,2.102688535549181,0.20496460503222355
6,19,12.431332951481545,3.447688899475209,8.983644052006337,0.2492133070005282,14.837512219953634,17.39884817795113,0.8257272551727354,0.20496460503222355
6,20,31.65911184386876,3.2820693695791325,28.377042474289627,1.0842567346247922,14.839080448329733,17.39884817795113,8.651214851700038,0.20496460503222355
6,21,4.825770231432818,0.863983809246196,3.9617864221866226,0.11224216849748747,16.08747462519493,17.39884817795113,1.1246143049095707,0.20496460503222355
6,22,1.8124548836160401,0.36185563469824517,1.450599248917795,0.16652423863107305,16.55708255494388,17.39884817795113,1.6070359685604731,0.20496460503222355
6,23,0.7901664841518953,0.009104908277193303,0.7810615758747019,0.11577146854236707,17.35606912588646,17.39884817795113,1.135894673146493,0.20496460503222355
6,24,0.49128694021956093,0.007369324867462477,0.48391761535209843,0.053273603342809915,17.520197793420273,17.39884817795113,0.5855081894872726,0.20496460503222355
6,25,0.36623077622020084,0.0016263585394683182,0.36460441768073254,0.052860076211251224,17.406160807705163,17.39884817795113,0.3815430774106826,0.20496460503222355
6,26,0.24285891800768045,0.006363200381108983,0.23649571762657146,0.045937577687483716,17.286070054989754,17.39884817795113,0.547034863648888,0.20496460503222355
6,27,0.16536127035405884,0.004831476772319864,0.16052979358173897,0.04224152934600774,17.321057146821495,17.39884817795113,0.624037147114709,0.20496460503222355
6,28,0.11666792028469096,0.008600897138684702,0.10806702314600626,0.058828355636963175,17.317580584039355,17.39884817795113,0.45784192082764263,0.20496460503222355
6,29,0.06384784577471808,0.0023097549663280703,0.06153809080839002,0.034791002668148815,17.418415556147025,17.39884817795113,0.3728495981538466,0.20496460503222355
6,30,0.051308218319811943,0.0007534124979555492,0.0505548058218564,0.03271581836113156,17.385871465471926,17.39884817795113,0.27700174374145986,0.20496460503222355
6,31,0.03064915116983182,0.0014755337471941197,0.0291736174226377,0.02228315855086446,17.35224391509805,17.39884817795113,0.1700166044475601,0.20496460503222355
6,32,0.00596697428696464,0.0005900416351919645,0.005376932651772676,0.017720863504090207,17.36903918712228,17.39884817795113,0.2628293911280438,0.20496460503222355
6,33,0.0015189084739325536,5.7544263963165755e-05,0.0014613642099693877,0.013756800153982642,17.38900120147076,17.39884817795113,0.25058002691831194,0.20496460503222355
6,34,0.0009066704899305807,1.369148109625095e-05,0.0008929790088343298,0.01130035426039434,17.396843295773902,17.39884817795113,0.2136013408425823,0.20496460503222355
6,35,0.0008222023950390505,1.6998944652499367e-06,0.0008205025005738006,0.010551960856236407,17.397935555905683,17.39884817795113,0.21264838442321593,0.20496460503222355
6,36,0.0006672172919304149,2.966442667735136e-07,0.0006669206476636414,0.009495787330923473,17.39818595866733,17.39884817795113,0.21643711725283643,0.20496460503222355
6,37,0.0005309756022085611,3.099580275129444e-08,0.0005309446064058098,0.009047138508981438,17.3990190275649,17.39884817795113,0.2191745827342598,0.20496460503222355
6,38,0.0005076941663263406,8.231932521849986e-07,0.0005068709730741555,0.009324852390085864,17.397621969400305,17.39884817795113,0.21692339192034898,0.20496460503222355
6,39,0.0005031365259037054,1.0074566967604501e-07,0.0005030357802340294,0.009485156883250544,17.39849750149617,17.39884817795113,0.21719672451255087,0.20496460503222355
6,40,0.0004804564347817533,7.37586791906091e-07,0.0004797188479898472,0.009377818824225986,17.399837592913816,17.39884817795113,0.21777401738315072,0.20496460503222355
6,41,0.0003984817941420065,5.8485545041023965e-06,0.0003926332396379041,0.007304321775833495,17.396890075609324,17.39884817795113,0.21751533986770683,0.20496460503222355
6,42,0.000334424240254339,1.1821732513353426e-07,0.00033430602292920544,0.006110438642401183,17.398848482376657,17.39884817795113,0.21260879963761936,0.20496460503222355
6,43,0.00032578869111326626,8.949798894498125e-07,0.0003248937112238164,0.0055850318490395295,17.397510620919125,17.39884817795113,0.2126725173748868,0.20496460503222355
6,44,0.0003216457407375068,1.6668130638861748e-07,0.0003214790594311182,0.005236105333757985,17.398581895334612,17.39884817795113,0.21171026790743167,0.20496460503222355
6,45,0.00031984653745020043,1.616174974873337e-08,0.0003198303757004517,0.00493158928312422,17.398691132827082,17.39884817795113,0.21084624046299014,0.20496460503222355
6,46,0.0003150622318032321,5.476174230678754e-07,0.00031451461438016426,0.004673340501043408,17.398874644515516,17.39884817795113,0.2098733224449463,0.20496460503222355
6,47,0.0002868822167046096,6.139972256031478e-06,0.0002807422444485781,0.0040495928314364755,17.3993619850343,17.39884817795113,0.20683013936607617,0.20496460503222355
6,48,0.00020593401344888695,1.1731607143538656e-05,0.0001942024063053483,0.0054085887130940966,17.39500615495799,17.39884817795113,0.20643885022657218,0.20496460503222355
6,49,0.0002498953201391117,4.532673129022079e-06,0.0002453626470100896,0.006500664215261361,17.4017694856236,17.39884817795113,0.2093854577969806,0.20496460503222355
6,50,0.00018545477350877381,3.68136925788241e-07,0.00018508663658298557,0.006087808605798536,17.399659659306458,17.39884817795113,0.20805679865863688,0.20496460503222355
6,51,0.0001821486835463089,1.0963804584994627e-05,0.00017118487896131427,0.006358237084178901,17.394249877325326,17.39884817795113,0.20779804308774422,0.20496460503222355
6,52,0.00015315928759444635,7.986725773254051e-07,0.00015236061501712093,0.00672192766260446,17.397684925996387,17.39884817795113,0.20828715473550904,0.20496460503222355
6,53,0.00013947297839094446,8.199822986131492e-07,0.0001386529960923313,0.007420572049322551,17.397651559950187,17.39884817795113,0.20816246463839896,0.20496460503222355
6,54,0.00012506386281421116,5.272095042971583e-09,0.00012505859071916818,0.008200919899006065,17.398950192162836,17.39884817795113,0.20764455955721553,0.20496460503222355
6,55,0.0001147048160494315,1.0198812175722245e-06,0.00011368493483185928,0.008739854512037749,17.400263523194088,17.39884817795113,0.20565572356442877,0.20496460503222355
6,56,0.00010433523139765021,3.7330663265633037e-07,0.00010396192476499387,0.008922025716066515,17.39944615419213,17.39884817795113,0.20620978999780118,0.20496460503222355
6,57,9.584918893786572e-05,1.8746753871866027e-08,9.583044218399384e-05,0.008537735914941646,17.398941362563896,17.39884817795113,0.20544110808983654,0.20496460503222355
6,58,9.334846309787984e-05,2.389004905820047e-08,9.332457304882164e-05,0.00823750913457819,17.398667286825667,17.39884817795113,0.20439887815458638,0.20496460503222355
6,59,9.30042199598616e-05,3.956362010156496e-08,9.296465633976003e-05,0.00820963487300377,17.398566901566284,17.39884817795113,0.20454046501766307,0.20496460503222355
6,60,9.247249974536513e-05,9.352775962302449e-09,9.246314696940283e-05,0.008386723041032102,17.39877294394939,17.39884817795113,0.20430641662543145,0.20496460503222355
6,61,9.228851108236051e-05,6.045472590081829e-11,9.228845062763461e-05,0.008508574026323235,17.398838871535002,17.39884817795113,0.20403870589400716,0.20496460503222355
6,62,9.227885359760053e-05,4.992696622299812e-10,9.22783543279383e-05,0.008514090855451503,17.398828328824916,17.39884817795113,0.2040444889043797,0.20496460503222355
6,63,9.22291913388924e-05,4.674747297804747e-10,9.222872386416262e-05,0.00850975803614417,17.39886373348686,17.39884817795113,0.20416251248834869,0.20496460503222355
6,64,9.19218106058856e-05,2.743845864252669e-08,9.189437214724307e-05,0.00847733577108136,17.39895383836072,17.39884817795113,0.20440947824356717,0.20496460503222355
6,65,8.932999652940077e-05,3.5385708459421037e-07,8.897613944480656e-05,0.008169932679512897,17.39880881974356,17.39884817795113,0.20476808821695636,0.20496460503222355
6,66,9.022081036053821e-05,2.947977717169904e-06,8.72728326433683e-05,0.007350193644840409,17.397487792221384,17.39884817795113,0.20418104281811109,0.20496460503222355
6,67,7.89395075760286e-05,3.085064570068541e-07,7.863100111902175e-05,0.007091445848235295,17.39831589518892,17.39884817795113,0.20277280370091713,0.20496460503222355
6,68,7.342437921552566e-05,2.135935528368221e-08,7.340301986024198e-05,0.0071567232425589706,17.39897104123339,17.39884817795113,0.20253725668897832,0.20496460503222355
6,69,7.087531075281938e-05,8.530779016553821e-08,7.079000296265384e-05,0.006852654124508726,17.39873631590775,17.39884817795113,0.2021668157984687,0.20496460503222355
6,70,7.013411506428962e-05,4.9907849585323345e-08,7.008420721470429e-05,0.006607930348048456,17.39856532039627,17.39884817795113,0.20210853625714362,0.20496460503222355
6,71,6.981998956968346e-05,2.3739142644953607e-09,6.981761565541896e-05,0.006562898402240544,17.398785004448026,17.39884817795113,0.20226517759071766,0.20496460503222355
6,72,6.958475467207783e-05,1.1600560695915827e-08,6.957315411138192e-05,0.006365176871784397,17.398853162480822,17.39884817795113,0.20203703167225362,0.20496460503222355
6,73,6.888748610269223e-05,8.245694754605213e-08,6.880502915514618e-05,0.005866803978302389,17.399225989729846,17.39884817795113,0.201751036168884,0.20496460503222355
6,74,6.854551556398449e-05,7.374096429002649e-08,6.847177459969446e-05,0.00550380436135987,17.399195127894426,17.39884817795113,0.20140021556149254,0.20496460503222355
6,75,6.798236416762402e-05,6.173071055297149e-08,6.792063345707105e-05,0.005454217405219599,17.39917602596741,17.39884817795113,0.2019954658807381,0.20496460503222355
6,76,6.725383486489013e-05,8.559980841453507e-09,6.724527488404867e-05,0.00496633210922224,17.398775417968345,17.39884817795113,0.20224191361087257,0.20496460503222355
6,77,6.630006940625234e-05,1.6185199798504087e-07,6.61382174082673e-05,0.004588628310993366,17.399417089686594,17.39884817795113,0.2025610333761265,0.20496460503222355
6,78,6.602405222041704e-05,7.101674769125747e-09,6.601695054564792e-05,0.004372540540005411,17.398966786819376,17.39884817795113,0.20273494206892892,0.20496460503222355
6,79,6.57701992582224e-05,1.4299744051569477e-08,6.575589951417084e-05,0.004531887311680025,17.399010961391056,17.39884817795113,0.20264277301062938,0.20496460503222355
6,80,6.548614274773593e-05,7.964352935809458e-10,6.548534631244235e-05,0.004818879727010374,17.398808540708583,17.39884817795113,0.20281399223591992,0.20496460503222355
6,81,6.526997593397308e-05,1.1841384542634604e-09,6.526879179551881e-05,0.004961346134021921,17.398854013941683,17.39884817795113,0.20283492822723115,0.20496460503222355
6,82,6.516092154486812e-05,2.081480420526601e-08,6.514010674066285e-05,0.005242426358902384,17.39864416963979,17.39884817795113,0.20287851911795662,0.20496460503222355
6,83,6.507852095359881e-05,3.452825135482415e-10,6.507817567108527e-05,0.0052353167675141905,17.39887442008938,17.39884817795113,0.20285730707480748,0.20496460503222355
6,84,6.504491043311873e-05,7.64300435758199e-10,6.504414613268298e-05,0.005235525376013277,17.39888079538383,17.39884817795113,0.20299733022965635,0.20496460503222355
6,85,6.499650066816247e-05,2.8042300729370417e-09,6.499369643808954e-05,0.00518893526990711,17.398774301622886,17.39884817795113,0.20295372113004193,0.20496460503222355
6,86,6.486982197904815e-05,3.7937473895125406e-08,6.483188450515302e-05,0.005088575951683254,17.39857283590602,17.39884817795113,0.202748714102217,0.20496460503222355
6,87,6.431877676676578e-05,2.2985430033770655e-07,6.408892246642807e-05,0.004845679935616392,17.398170199970338,17.39884817795113,0.202432231742011,0.20496460503222355
6,88,6.260440293408743e-05,1.828716082389286e-07,6.24215313258485e-05,0.004580925462408065,17.398245698789857,17.39884817795113,0.20252589050152744,0.20496460503222355
6,89,6.12230095204695e-05,6.324621426110553e-09,6.12166848990434e-05,0.00439291373174251,17.398960640491445,17.39884817795113,0.20270746532956416,0.20496460503222355
6,90,6.174813010325273e-05,8.246277495629539e-07,6.092350235368979e-05,0.0037309848582541966,17.397564467987763,17.39884817795113,0.2027465521723825,0.20496460503222355
6,91,5.947296192167151e-05,2.0388687199172924e-09,5.947092305295159e-05,0.004101823322947204,17.39878543964166,17.39884817795113,0.20242255061540548,0.20496460503222355
6,92,5.8998516441823646e-05,1.0038049812635167e-08,5.898847839201101e-05,0.004043676607022738,17.398989788959167,17.39884817795113,0.20219667803427843,0.20496460503222355
6,93,5.787637887141608e-05,7.750300580962388e-08,5.7798875865606453e-05,0.0037571402530321724,17.398454614008454,17.39884817795113,0.20240977334131227,0.20496460503222355
6,94,5.729211350002199e-05,5.644002380237487e-10,5.7291549099783963e-05,0.003713833672242903,17.398865552849415,17.39884817795113,0.20194616694443535,0.20496460503222355
6,95,5.652958267221683e-05,3.708094630936373e-08,5.649250172590747e-05,0.003498775108028012,17.398575851280558,17.39884817795113,0.20254070269370766,0.20496460503222355
6,96,5.5736274400676805e-05,4.902406507229291e-10,5.5735784160026085e-05,0.0032879834378162645,17.398876524941258,17.39884817795113,0.20212682851093092,0.20496460503222355
6,97,5.530357916008962e-05,1.6588426642133002e-09,5.530192031742541e-05,0.0031502646478913975,17.39890441438783,17.39884817795113,0.20165426591298852,0.20496460503222355
6,98,5.5204135410946184e-05,3.2801402491749033e-09,5.520085527069701e-05,0.003161025439452144,17.398929160904455,17.39884817795113,0.2018232990425752,0.20496460503222355
6,99,5.502682977670117e-05,5.568804816878584e-09,5.5021260971884294e-05,0.00311182300120751,17.398743338561413,17.39884817795113,0.2018217926051124,0.20496460503222355
6,100,5.471245712833363e-05,4.161739683981959e-09,5.470829538864964e-05,0.0031134460424626837,17.398768748860395,17.39884817795113,0.20165644244448425,0.20496460503222355
6,101,5.5165231350443995e-05,4.969367225236336e-08,5.511553767819163e-05,0.0032292726169487126,17.398533360136053,17.39884817795113,0.20277054619543472,0.20496460503222355
6,102,5.432605838308066e-05,2.9030799739364197e-09,5.432315530310672e-05,0.003152887033679903,17.39877654901778,17.39884817795113,0.20171934631892638,0.20496460503222355
6,103,5.4235440016227933e-05,2.7840376707675177e-09,5.4232655978557164e-05,0.003153952747251094,17.39877863664101,17.39884817795113,0.20171891033373254,0.20496460503222355
6,104,0.00017357487255394716,3.7641340585471708e-06,0.00016981073849539998,0.004454865713389048,17.396106580022547,17.39884817795113,0.21443763921430745,0.20496460503222355
6,105,5.402712092751274e-05,2.6256082656047307e-09,5.4024495319247135e-05,0.003130308568398832,17.39877951226845,17.39884817795113,0.20177524914471143,0.20496460503222355
6,106,5.469216725616456e-05,2.038678044353336e-07,5.4488299451729225e-05,0.0029194273574815995,17.399153627422276,17.39884817795113,0.2036166135988646,0.20496460503222355
6,107,5.313506803668703e-05,1.6698949122035636e-08,5.311836908756499e-05,0.002898662359563944,17.398665933224123,17.39884817795113,0.20237711583054915,0.20496460503222355
6,108,5.254941251565874e-05,1.0264629612196218e-08,5.253914788604654e-05,0.0028651651521542144,17.398706385868913,17.39884817795113,0.20218914465381224,0.20496460503222355
6,109,5.3462037011500666e-05,4.1777082160006625e-08,5.342025992934066e-05,0.0028007103925182103,17.398561246132246,17.39884817795113,0.20420888983093446,0.20496460503222355
6,110,5.181598466906213e-05,5.225598648004366e-09,5.181075907041413e-05,0.0027521478380395305,17.39875760144846,17.39884817795113,0.20236672407371897,0.20496460503222355
6,111,5.149439049527982e-05,2.7128596011653866e-09,5.1491677635678654e-05,0.002695265679781021,17.398781387092104,17.39884817795113,0.20229813342636327,0.20496460503222355
6,112,9.323886211176603e-05,5.201468513830654e-07,9.271871526038296e-05,0.0029205634343911356,17.397830021775967,17.39884817795113,0.21252507175876362,0.20496460503222355
6,113,5.089503470523168e-05,2.2963536883869593e-09,5.08927383515433e-05,0.002586726146354927,17.398789438841412,17.39884817795113,0.20218348839921563,0.20496460503222355
6,114,4.953340949758352e-05,8.85313922014876e-09,4.952455635836337e-05,0.002423358385109062,17.398972404021652,17.39884817795113,0.20219300785341346,0.20496460503222355
6,115,5.118579301323363e-05,8.600727485213277e-08,5.10997857383815e-05,0.002371311291499952,17.398433481613544,17.39884817795113,0.2055279868638051,0.20496460503222355
6,116,4.820050705350618e-05,1.6300845843920118e-09,4.819887696892179e-05,0.0023540628495611776,17.39889108760639,17.39884817795113,0.20284134784962013,0.20496460503222355
6,117,4.717175146939442e-05,9.344710117653527e-09,4.716240675927677e-05,0.002310831101392833,17.398866747836767,17.39884817795113,0.20367737613037545,0.20496460503222355
6,118,4.433425946920421e-05,1.2579326565947545e-07,4.420846620354474e-05,0.0021179355059261925,17.39834667037629,17.39884817795113,0.20285030341808866,0.20496460503222355
6,119,4.6073905051353303e-05,3.995892995892397e-07,4.567431575176407e-05,0.002116090726914443,17.399730587596576,17.39884817795113,0.2001003855622892,0.20496460503222355
6,120,4.208447309003788e-05,1.606079404130144e-09,4.208286701063375e-05,0.002103732982223373,17.398797440078376,17.39884817795113,0.20198290070076158,0.20496460503222355
6,121,4.182851749322546e-05,1.584050766068344e-07,4.167011241661863e-05,0.0021799980187201277,17.399125995938512,17.39884817795113,0.20495018675659693,0.20496460503222355
6,122,3.8954170706472626e-05,1.9367206420034636e-08,3.893480350005259e-05,0.0020677633477875134,17.399004512064746,17.39884817795113,0.20242364646974134,0.20496460503222355
6,123,3.785530779894921e-05,1.4211723490175476e-08,3.784109607545903e-05,0.0020206096057252703,17.398714663810775,17.39884817795113,0.2021379392776722,0.20496460503222355
6,124,0.0002875051771359455,4.4708542790336826e-07,0.0002870580917080422,0.004176478196907856,17.397977001555958,17.39884817795113,0.22730877716694745,0.20496460503222355
6,125,3.6678992477909654e-05,8.40873278172381e-09,3.667058374512793e-05,0.001995994197917746,17.398851899247838,17.39884817795113,0.20203125272101677,0.20496460503222355
6,126,3.2757394711765204e-05,3.3135152175929796e-08,3.2724259559589276e-05,0.0018505273700513906,17.39893171683252,17.39884817795113,0.203428428321165,0.20496460503222355
6,127,4.516242237257199e-05,3.579533831879858e-08,4.512662703425319e-05,0.002023008774851477,17.398727342241312,17.39884817795113,0.20996047694844647,0.20496460503222355
6,128,2.946608171335562e-05,1.9105509050606802e-08,2.9446976204305013e-05,0.0017383927923645245,17.398934316598947,17.39884817795113,0.20239194895317145,0.20496460503222355
6,129,2.7848293630004685e-05,4.2134991683680936e-08,2.7806158638321003e-05,0.0017438535365973719,17.398883012439878,17.39884817795113,0.20324565882722892,0.20496460503222355
6,130,2.900449702341024e-05,3.3219685935188095e-07,2.867230016405836e-05,0.001757099881049933,17.39845874920035,17.39884817795113,0.2060963225430227,0.20496460503222355
6,131,2.5404747312366902e-05,9.134918519629987e-08,2.53133981271706e-05,0.0016060170820245128,17.39879345977004,17.39884817795113,0.20267169021472012,0.20496460503222355
6,132,2.5025948665407855e-05,5.394375728868551e-08,2.497200490811917e-05,0.0015979335194532865,17.398764222574354,17.39884817795113,0.20258922118225456,0.20496460503222355
6,133,2.3023868100485142e-05,2.761190049589316e-07,2.274774909552621e-05,0.0014545934061076197,17.39887356327029,17.39884817795113,0.20441411280849786,0.20496460503222355
6,134,2.1647317190101453e-05,7.123686589130432e-08,2.1576080324210148e-05,0.0014180516438804423,17.39885631758494,17.39884817795113,0.20327068209101587,0.20496460503222355
6,135,2.0814568633749348e-05,4.317680416494898e-09,2.0810250953332854e-05,0.0014068467651949983,17.39879497862513,17.39884817795113,0.20319614523467483,0.20496460503222355
6,136,2.3338033135073487e-05,8.895121293958302e-08,2.3249081922133906e-05,0.0014882485352280357,17.39879475215904,17.39884817795113,0.20757528234708886,0.20496460503222355
6,137,1.9259629445167954e-05,1.6326260036143402e-08,1.924330318513181e-05,0.0013625366964663327,17.398756778740577,17.39884817795113,0.2035050569241719,0.20496460503222355
6,138,1.8813062358582268e-05,1.3159818161522446e-08,1.8799902540420744e-05,0.0013439830986164032,17.398778664276527,17.39884817795113,0.20344859059132794,0.20496460503222355
6,139,2.7880404673104614e-05,1.554964234303403e-08,2.786485503076158e-05,0.0015293888663204065,17.399022878779572,17.39884817795113,0.20935934757210656,0.20496460503222355
6,140,1.773607739036833e-05,4.0690095727064615e-09,1.7732008380795622e-05,0.0013039075822641078,17.398791330574003,17.39884817795113,0.20341579692783873,0.20496460503222355
6,141,1.742185665751729e-05,1.0778107314524493e-09,1.7420778846785838e-05,0.0012861535704715447,17.398810585474923,17.39884817795113,0.20333191162718,0.20496460503222355
6,142,4.5646235396477345e-05,9.138333099468177e-08,4.555485206548266e-05,0.0017374986478459209,17.399137411669912,17.39884817795113,0.2129730082740087,0.20496460503222355
6,143,1.6789352499245252e-05,1.649677820483195e-09,1.678770282142477e-05,0.0012587518975717142,17.398791719271507,17.39884817795113,0.20325449936743856,0.20496460503222355
6,144,1.666808344589621e-05,1.1719313996349808e-09,1.6666911514496575e-05,0.0012532490671420902,17.398801549451026,17.39884817795113,0.2032127361782018,0.20496460503222355
6,145,0.00022911490037053295,1.9802662394003596e-07,0.00022891687374659292,0.003114966903073701,17.399311470744944,17.39884817795113,0.22879323894936657,0.20496460503222355
6,146,1.6411754715566365e-05,1.5385429943556252e-09,1.641021617257201e-05,0.0012429744120429373,17.39879278982106,17.39884817795113,0.20315676963358592,0.20496460503222355
6,147,1.6351407102339466e-05,7.231451815895855e-10,1.6350683957157875e-05,0.0012396286956618768,17.398810548089944,17.39884817795113,0.20316351529470292,0.20496460503222355
6,148,0.0007030829810910455,9.35262380975129e-06,0.0006937303572812942,0.005004489651620407,17.394534598644945,17.39884817795113,0.24607338570794401,0.20496460503222355
6,149,1.6174834180270406e-05,8.321911867161044e-10,1.617400198908369e-05,0.0012332069854452616,17.398807792083552,17.39884817795113,0.2031706687725588,0.20496460503222355
6,150,1.6150852390140482e-05,1.1755512168192974e-09,1.6149676838923664e-05,0.0012320662515041773,17.39880103244765,17.39884817795113,0.203191150821438,0.20496460503222355
6,151,1.5471079888571193e-05,1.1924537884897172e-08,1.5459155350686297e-05,0.0012427845915778948,17.398711394011393,17.39884817795113,0.2044436527671685,0.20496460503222355
6,152,1.4835562362445349e-05,2.8482226789140577e-08,1.4807080135656209e-05,0.001210633679274288,17.399073215190768,17.39884817795113,0.20396590339285842,0.20496460503222355
6,153,1.6013519927944405e-05,7.324219040160619e-07,1.528109802392834e-05,0.0010190692310953692,17.39779474374439,17.39884817795113,0.2072484360339155,0.20496460503222355
6,154,1.1693172652696732e-05,2.168557919283788e-08,1.1671487073503894e-05,0.0010515218391102192,17.398891978605064,17.39884817795113,0.20351836393334424,0.20496460503222355
6,155,1.1591053330367682e-05,1.1366889791622159e-08,1.157968644057606e-05,0.001046503619214212,17.398920640878615,17.39884817795113,0.20343925454697112,0.20496460503222355
6,156,1.0690830698312598e-05,5.034201816779672e-07,1.0187410516634631e-05,0.0009540302641123927,17.398184213472167,17.39884817795113,0.20469249624089916,0.20496460503222355
6,157,9.804684383995576e-06,8.350774702075726e-08,9.721176636974818e-06,0.0009464759307264049,17.398537037039148,17.39884817795113,0.20405648339031793,0.20496460503222355
6,158,8.99340987533805e-06,2.602015034236981e-08,8.967389724995679e-06,0.0009301958722552827,17.39862056883835,17.39884817795113,0.20458249263803718,0.20496460503222355
6,159,8.297617689641772e-06,2.1445596577996928e-07,8.083161723861803e-06,0.0008721565706490408,17.398533026879182,17.39884817795113,0.20595226116509746,0.20496460503222355
6,160,7.644826020891486e-06,1.1573498810861067e-07,7.529091032782875e-06,0.0008535724282098876,17.398738755299206,17.39884817795113,0.2047513813477377,0.20496460503222355
6,161,6.824120498496837e-06,7.410980525235257e-08,6.7500106932444845e-06,0.0007794133152701947,17.398538001855243,17.39884817795113,0.20544829203260045,0.20496460503222355
6,162,6.1455551162117365e-06,8.527886407930185e-08,6.0602762521324345e-06,0.0007730363981728998,17.39872564729428,17.39884817795113,0.20548695916336404,0.20496460503222355
6,163,5.628209546213594e-06,7.755600585168651e-08,5.550653540361907e-06,0.0008393167644558183,17.398843226214503,17.39884817795113,0.2056986212589941,0.20496460503222355
6,164,5.238986035655242e-06,5.440851902046841e-09,5.233545183753195e-06,0.000871590305564756,17.39878749034084,17.39884817795113,0.2048371659194617,0.20496460503222355
6,165,5.126884269106716e-06,2.76367058081501e-09,5.124120598525902e-06,0.0008719775637337368,17.398834171141562,17.39884817795113,0.20473997301834274,0.20496460503222355
6,166,4.681181744377813e-06,8.551355474312325e-09,4.672630388903501e-06,0.0008492861057152877,17.398718378108185,17.39884817795113,0.20463426558847653,0.20496460503222355
6,167,4.184186877557293e-06,1.4415419697532823e-08,4.16977145785976e-06,0.0008358564776024888,17.3986840790505,17.39884817795113,0.2047154056448623,0.20496460503222355
6,168,4.046821472933687e-06,2.354038208317774e-09,4.044467434725369e-06,0.0008435686398548744,17.398806167567116,17.39884817795113,0.20454140280906835,0.20496460503222355
6,169,3.917239103335744e-06,2.4167760185866615e-08,3.893071343149877e-06,0.0008485298646491038,17.39888503966614,17.39884817795113,0.20452696339447873,0.20496460503222355
6,170,3.4665808025091413e-06,7.470902753834402e-08,3.391871774970797e-06,0.0008101058064393728,17.398864451708558,17.39884817795113,0.2047169602139537,0.20496460503222355
6,171,2.939606419931694e-06,1.0846773538740253e-08,2.928759646392954e-06,0.0007022715397708973,17.39884069387586,17.39884817795113,0.20444983602785785,0.20496460503222355
6,172,2.451158723761196e-06,6.047549561509906e-09,2.445111174199686e-06,0.0006791854852951433,17.398769083623698,17.39884817795113,0.20545845605863108,0.20496460503222355
6,173,2.045491252127623e-06,1.852485799379578e-08,2.026966394133827e-06,0.0006529101260229792,17.398854521452087,17.39884817795113,0.20527331803294582,0.20496460503222355
6,174,1.6288087796362615e-06,2.471815537007425e-08,1.6040906242661872e-06,0.0005603279222759327,17.39862856780264,17.39884817795113,0.20539876823344752,0.20496460503222355
6,175,1.4501852728540494e-06,4.880982023936263e-09,1.445304290830113e-06,0.0005594608181902955,17.398781844192946,17.39884817795113,0.2053553182163549,0.20496460503222355
6,176,1.4166732845990192e-06,8.785776624380912e-10,1.415794706936581e-06,0.000541600578275363,17.39889009625543,17.39884817795113,0.20521874908138477,0.20496460503222355
6,177,1.4009370796857758e-06,3.3931088287454086e-09,1.3975439708570305e-06,0.0005358662709009579,17.39887164731583,17.39884817795113,0.20522835430897227,0.20496460503222355
6,178,1.3416824014554608e-06,1.4179982283107117e-08,1.3275024191723538e-06,0.0005189886907985016,17.398808198261225,17.39884817795113,0.20523466363866663,0.20496460503222355
6,179,1.285396281798452e-06,9.432844844227639e-10,1.2844529973140292e-06,0.0005086793731070809,17.39883128041441,17.39884817795113,0.20510760547202694,0.20496460503222355
6,180,1.279063139049953e-06,2.34997387775812e-10,1.2788281416621774e-06,0.0005115378294549524,17.398865641524072,17.39884817795113,0.205095282863652,0.20496460503222355
6,181,1.2756521520088271e-06,4.970211489792715e-10,1.2751551308598479e-06,0.0005063034859324947,17.398862167783673,17.39884817795113,0.20510532131052397,0.20496460503222355
6,182,1.2652831345044032e-06,8.714418010576172e-10,1.2644116927033456e-06,0.0004983302225902726,17.39885387519779,17.39884817795113,0.20511136552128234,0.20496460503222355
6,183,1.239487539183717e-06,3.190938820286203e-10,1.2391684453016883e-06,0.000496494635746732,17.398842593437738,17.39884817795113,0.20510561811749684,0.20496460503222355
6,184,1.227776762578406e-06,1.9890264572226832e-11,1.227756872313834e-06,0.0005104875978084161,17.39884914062413,17.39884817795113,0.2050737298965484,0.20496460503222355
6,185,1.227776762578406e-06,1.9890264572226832e-11,1.227756872313834e-06,0.0005104875978084161,17.39884914062413,17.39884817795113,0.2050737298965484,0.20496460503222355
6,186,1.227776762578406e-06,1.9890264572226832e-11,1.227756872313834e-06,0.0005104875978084161,17.39884914062413,17.39884817795113,0.2050737298965484,0.20496460503222355
6,187,1.227776762578406e-06,1.9890264572226832e-11,1.227756872313834e-06,0.0005104875978084161,17.39884914062413,17.39884817795113,0.2050737298965484,0.20496460503222355
6,188,1.227776762578406e-06,1.9890264572226832e-11,1.227756872313834e-06,0.0005104875978084161,17.39884914062413,17.39884817795113,0.2050737298965484,0.20496460503222355
6,189,1.227776762578406e-06,1.9890264572226832e-11,1.227756872313834e-06,0.0005104875978084161,17.39884914062413,17.39884817795113,0.2050737298965484,0.20496460503222355
6,190,1.227776762578406e-06,1.9890264572226832e-11,1.227756872313834e-06,0.0005104875978084161,17.39884914062413,17.39884817795113,0.2050737298965484,0.20496460503222355
6,191,1.227776762578406e-06,1.9890264572226832e-11,1.227756872313834e-06,0.0005104875978084161,17.39884914062413,17.39884817795113,0.2050737298965484,0.20496460503222355
6,192,1.227776762578406e-06,1.9890264572226832e-11,1.227756872313834e-06,0.0005104875978084161,17.39884914062413,17.39884817795113,0.2050737298965484,0.20496460503222355
6,193,1.227776762578406e-06,1.9890264572226832e-11,1.227756872313834e-06,0.0005104875978084161,17.39884914062413,17.39884817795113,0.2050737298965484,0.20496460503222355
6,194,1.227776762578406e-06,1.9890264572226832e-11,1.227756872313834e-06,0.0005104875978084161,17.39884914062413,17.39884817795113,0.2050737298965484,0.20496460503222355
6,195,1.227776762578406e-06,1.9890264572226832e-11,1.227756872313834e-06,0.0005104875978084161,17.39884914062413,17.39884817795113,0.2050737298965484,0.20496460503222355
6,196,1.227776762578406e-06,1.9890264572226832e-11,1.227756872313834e-06,0.0005104875978084161,17.39884914062413,17.39884817795113,0.2050737298965484,0.20496460503222355
6,197,1.227776762578406e-06,1.9890264572226832e-11,1.227756872313834e-06,0.0005104875978084161,17.39884914062413,17.39884817795113,0.2050737298965484,0.20496460503222355
6,198,1.227776762578406e-06,1.9890264572226832e-11,1.227756872313834e-06,0.0005104875978084161,17.39884914062413,17.39884817795113,0.2050737298965484,0.20496460503222355
6,199,1.227776762578406e-06,1.9890264572226832e-11,1.227756872313834e-06,0.0005104875978084161,17.39884914062413,17.39884817795113,0.2050737298965484,0.20496460503222355
6,200,1.227776762578406e-06,1.9890264572226832e-11,1.227756872313834e-06,0.0005104875978084161,17.39884914062413,17.39884817795113,0.2050737298965484,0.20496460503222355
6,201,1.227776762578406e-06,1.9890264572226832e-11,1.227756872313834e-06,0.0005104875978084161,17.39884914062413,17.39884817795113,0.2050737298965484,0.20496460503222355
6,202,1.227776762578406e-06,1.9890264572226832e-11,1.227756872313834e-06,0.0005104875978084161,17.39884914062413,17.39884817795113,0.2050737298965484,0.20496460503222355
6,203,1.227776762578406e-06,1.9890264572226832e-11,1.227756872313834e-06,0.0005104875978084161,17.39884914062413,17.39884817795113,0.2050737298965484,0.20496460503222355
6,204,1.227776762578406e-06,1.9890264572226832e-11,1.227756872313834e-06,0.0005104875978084161,17.39884914062413,17.39884817795113,0.2050737298965484,0.20496460503222355
6,205,1.227776762578406e-06,1.9890264572226832e-11,1.227756872313834e-06,0.0005104875978084161,17.39884914062413,17.39884817795113,0.2050737298965484,0.20496460503222355
6,206,1.227776762578406e-06,1.9890264572226832e-11,1.227756872313834e-06,0.0005104875978084161,17.39884914062413,17.39884817795113,0.2050737298965484,0.20496460503222355
6,207,1.227776762578406e-06,1.9890264572226832e-11,1.227756872313834e-06,0.0005104875978084161,17.39884914062413,17.39884817795113,0.2050737298965484,0.20496460503222355
6,208,1.227776762578406e-06,1.9890264572226832e-11,1.227756872313834e-06,0.0005104875978084161,17.39884914062413,17.39884817795113,0.2050737298965484,0.20496460503222355
6,209,1.227776762578406e-06,1.9890264572226832e-11,1.227756872313834e-06,0.0005104875978084161,17.39884914062413,17.39884817795113,0.2050737298965484,0.20496460503222355
6,210,1.227776762578406e-06,1.9890264572226832e-11,1.227756872313834e-06,0.0005104875978084161,17.39884914062413,17.39884817795113,0.2050737298965484,0.20496460503222355
6,211,1.227776762578406e-06,1.9890264572226832e-11,1.227756872313834e-06,0.0005104875978084161,17.39884914062413,17.39884817795113,0.2050737298965484,0.20496460503222355
6,212,1.227776762578406e-06,1.9890264572226832e-11,1.227756872313834e-06,0.0005104875978084161,17.39884914062413,17.39884817795113,0.2050737298965484,0.20496460503222355
6,213,1.227776762578406e-06,1.9890264572226832e-11,1.227756872313834e-06,0.0005104875978084161,17.39884914062413,17.39884817795113,0.2050737298965484,0.20496460503222355
6,214,1.227776762578406e-06,1.9890264572226832e-11,1.227756872313834e-06,0.0005104875978084161,17.39884914062413,17.39884817795113,0.2050737298965484,0.20496460503222355
6,215,1.227776762578406e-06,1.9890264572226832e-11,1.227756872313834e-06,0.0005104875978084161,17.39884914062413,17.39884817795113,0.2050737298965484,0.20496460503222355
6,216,1.227776762578406e-06,1.9890264572226832e-11,1.227756872313834e-06,0.0005104875978084161,17.39884914062413,17.39884817795113,0.2050737298965484,0.20496460503222355
6,217,1.227776762578406e-06,1.9890264572226832e-11,1.227756872313834e-06,0.0005104875978084161,17.39884914062413,17.39884817795113,0.2050737298965484,0.20496460503222355
6,218,1.227776762578406e-06,1.9890264572226832e-11,1.227756872313834e-06,0.0005104875978084161,17.39884914062413,17.39884817795113,0.2050737298965484,0.20496460503222355
6,219,1.227776762578406e-06,1.9890264572226832e-11,1.227756872313834e-06,0.0005104875978084161,17.39884914062413,17.39884817795113,0.2050737298965484,0.20496460503222355
6,220,1.227776762578406e-06,1.9890264572226832e-11,1.227756872313834e-06,0.0005104875978084161,17.39884914062413,17.39884817795113,0.2050737298965484,0.20496460503222355
6,221,1.227776762578406e-06,1.9890264572226832e-11,1.227756872313834e-06,0.0005104875978084161,17.39884914062413,17.39884817795113,0.2050737298965484,0.20496460503222355
6,222,1.227776762578406e-06,1.9890264572226832e-11,1.227756872313834e-06,0.0005104875978084161,17.39884914062413,17.39884817795113,0.2050737298965484,0.20496460503222355
6,223,1.227776762578406e-06,1.9890264572226832e-11,1.227756872313834e-06,0.0005104875978084161,17.39884914062413,17.39884817795113,0.2050737298965484,0.20496460503222355
6,224,1.227776762578406e-06,1.9890264572226832e-11,1.227756872313834e-06,0.0005104875978084161,17.39884914062413,17.39884817795113,0.2050737298965484,0.20496460503222355
6,225,1.227776762578406e-06,1.9890264572226832e-11,1.227756872313834e-06,0.0005104875978084161,17.39884914062413,17.39884817795113,0.2050737298965484,0.20496460503222355
6,226,1.227776762578406e-06,1.9890264572226832e-11,1.227756872313834e-06,0.0005104875978084161,17.39884914062413,17.39884817795113,0.2050737298965484,0.20496460503222355
6,227,1.227776762578406e-06,1.9890264572226832e-11,1.227756872313834e-06,0.0005104875978084161,17.39884914062413,17.39884817795113,0.2050737298965484,0.20496460503222355
6,228,1.227776762578406e-06,1.9890264572226832e-11,1.227756872313834e-06,0.0005104875978084161,17.39884914062413,17.39884817795113,0.2050737298965484,0.20496460503222355
6,229,1.227776762578406e-06,1.9890264572226832e-11,1.227756872313834e-06,0.0005104875978084161,17.39884914062413,17.39884817795113,0.2050737298965484,0.20496460503222355
6,230,1.227776762578406e-06,1.9890264572226832e-11,1.227756872313834e-06,0.0005104875978084161,17.39884914062413,17.39884817795113,0.2050737298965484,0.20496460503222355
6,231,1.227776762578406e-06,1.9890264572226832e-11,1.227756872313834e-06,0.0005104875978084161,17.39884914062413,17.39884817795113,0.2050737298965484,0.20496460503222355
6,232,1.227776762578406e-06,1.9890264572226832e-11,1.227756872313834e-06,0.0005104875978084161,17.39884914062413,17.39884817795113,0.2050737298965484,0.20496460503222355
6,233,1.227776762578406e-06,1.9890264572226832e-11,1.227756872313834e-06,0.0005104875978084161,17.39884914062413,17.39884817795113,0.2050737298965484,0.20496460503222355
6,234,1.227776762578406e-06,1.9890264572226832e-11,1.227756872313834e-06,0.0005104875978084161,17.39884914062413,17.39884817795113,0.2050737298965484,0.20496460503222355
6,235,1.227776762578406e-06,1.9890264572226832e-11,1.227756872313834e-06,0.0005104875978084161,17.39884914062413,17.39884817795113,0.2050737298965484,0.20496460503222355
6,236,1.227776762578406e-06,1.9890264572226832e-11,1.227756872313834e-06,0.0005104875978084161,17.39884914062413,17.39884817795113,0.2050737298965484,0.20496460503222355
6,237,1.227776762578406e-06,1.9890264572226832e-11,1.227756872313834e-06,0.0005104875978084161,17.39884914062413,17.39884817795113,0.2050737298965484,0.20496460503222355
6,238,1.227776762578406e-06,1.9890264572226832e-11,1.227756872313834e-06,0.0005104875978084161,17.39884914062413,17.39884817795113,0.2050737298965484,0.20496460503222355
6,239,1.227776762578406e-06,1.9890264572226832e-11,1.227756872313834e-06,0.0005104875978084161,17.39884914062413,17.39884817795113,0.2050737298965484,0.20496460503222355
6,240,1.227776762578406e-06,1.9890264572226832e-11,1.227756872313834e-06,0.0005104875978084161,17.39884914062413,17.39884817795113,0.2050737298965484,0.20496460503222355
6,241,1.227776762578406e-06,1.9890264572226832e-11,1.227756872313834e-06,0.0005104875978084161,17.39884914062413,17.39884817795113,0.2050737298965484,0.20496460503222355
6,242,1.227776762578406e-06,1.9890264572226832e-11,1.227756872313834e-06,0.0005104875978084161,17.39884914062413,17.39884817795113,0.2050737298965484,0.20496460503222355
6,243,1.227776762578406e-06,1.9890264572226832e-11,1.227756872313834e-06,0.0005104875978084161,17.39884914062413,17.39884817795113,0.2050737298965484,0.20496460503222355
6,244,1.227776762578406e-06,1.9890264572226832e-11,1.227756872313834e-06,0.0005104875978084161,17.39884914062413,17.39884817795113,0.2050737298965484,0.20496460503222355
6,245,1.227776762578406e-06,1.9890264572226832e-11,1.227756872313834e-06,0.0005104875978084161,17.39884914062413,17.39884817795113,0.2050737298965484,0.20496460503222355
6,246,1.227776762578406e-06,1.9890264572226832e-11,1.227756872313834e-06,0.0005104875978084161,17.39884914062413,17.39884817795113,0.2050737298965484,0.20496460503222355
6,247,1.227776762578406e-06,1.9890264572226832e-11,1.227756872313834e-06,0.0005104875978084161,17.39884914062413,17.39884817795113,0.2050737298965484,0.20496460503222355
6,248,1.227776762578406e-06,1.9890264572226832e-11,1.227756872313834e-06,0.0005104875978084161,17.39884914062413,17.39884817795113,0.2050737298965484,0.20496460503222355
6,249,1.227776762578406e-06,1.9890264572226832e-11,1.227756872313834e-06,0.0005104875978084161,17.39884914062413,17.39884817795113,0.2050737298965484,0.20496460503222355
6,250,1.227776762578406e-06,1.9890264572226832e-11,1.227756872313834e-06,0.0005104875978084161,17.39884914062413,17.39884817795113,0.2050737298965484,0.20496460503222355
6,251,1.227776762578406e-06,1.9890264572226832e-11,1.227756872313834e-06,0.0005104875978084161,17.39884914062413,17.39884817795113,0.2050737298965484,0.20496460503222355
6,252,1.227776762578406e-06,1.9890264572226832e-11,1.227756872313834e-06,0.0005104875978084161,17.39884914062413,17.39884817795113,0.2050737298965484,0.20496460503222355
6,253,1.227776762578406e-06,1.9890264572226832e-11,1.227756872313834e-06,0.0005104875978084161,17.39884914062413,17.39884817795113,0.2050737298965484,0.20496460503222355
6,254,1.227776762578406e-06,1.9890264572226832e-11,1.227756872313834e-06,0.0005104875978084161,17.39884914062413,17.39884817795113,0.2050737298965484,0.20496460503222355
6,255,1.227776762578406e-06,1.9890264572226832e-11,1.227756872313834e-06,0.0005104875978084161,17.39884914062413,17.39884817795113,0.2050737298965484,0.20496460503222355
6,256,1.227776762578406e-06,1.9890264572226832e-11,1.227756872313834e-06,0.0005104875978084161,17.39884914062413,17.39884817795113,0.2050737298965484,0.20496460503222355
6,257,1.227776762578406e-06,1.9890264572226832e-11,1.227756872313834e-06,0.0005104875978084161,17.39884914062413,17.39884817795113,0.2050737298965484,0.20496460503222355
6,258,1.227776762578406e-06,1.9890264572226832e-11,1.227756872313834e-06,0.0005104875978084161,17.39884914062413,17.39884817795113,0.2050737298965484,0.20496460503222355
6,259,1.227776762578406e-06,1.9890264572226832e-11,1.227756872313834e-06,0.0005104875978084161,17.39884914062413,17.39884817795113,0.2050737298965484,0.20496460503222355
6,260,1.227776762578406e-06,1.9890264572226832e-11,1.227756872313834e-06,0.0005104875978084161,17.39884914062413,17.39884817795113,0.2050737298965484,0.20496460503222355
6,261,1.227776762578406e-06,1.9890264572226832e-11,1.227756872313834e-06,0.0005104875978084161,17.39884914062413,17.39884817795113,0.2050737298965484,0.20496460503222355
6,262,1.227776762578406e-06,1.9890264572226832e-11,1.227756872313834e-06,0.0005104875978084161,17.39884914062413,17.39884817795113,0.2050737298965484,0.20496460503222355
6,263,1.227776762578406e-06,1.9890264572226832e-11,1.227756872313834e-06,0.0005104875978084161,17.39884914062413,17.39884817795113,0.2050737298965484,0.20496460503222355
6,264,1.227776762578406e-06,1.9890264572226832e-11,1.227756872313834e-06,0.0005104875978084161,17.39884914062413,17.39884817795113,0.2050737298965484,0.20496460503222355
6,265,1.227776762578406e-06,1.9890264572226832e-11,1.227756872313834e-06,0.0005104875978084161,17.39884914062413,17.39884817795113,0.2050737298965484,0.20496460503222355
6,266,1.227776762578406e-06,1.9890264572226832e-11,1.227756872313834e-06,0.0005104875978084161,17.39884914062413,17.39884817795113,0.2050737298965484,0.20496460503222355
6,267,1.227776762578406e-06,1.9890264572226832e-11,1.227756872313834e-06,0.0005104875978084161,17.39884914062413,17.39884817795113,0.2050737298965484,0.20496460503222355
6,268,1.227776762578406e-06,1.9890264572226832e-11,1.227756872313834e-06,0.0005104875978084161,17.39884914062413,17.39884817795113,0.2050737298965484,0.20496460503222355
6,269,1.227776762578406e-06,1.9890264572226832e-11,1.227756872313834e-06,0.0005104875978084161,17.39884914062413,17.39884817795113,0.2050737298965484,0.20496460503222355
6,270,1.227776762578406e-06,1.9890264572226832e-11,1.227756872313834e-06,0.0005104875978084161,17.39884914062413,17.39884817795113,0.2050737298965484,0.20496460503222355
6,271,1.227776762578406e-06,1.9890264572226832e-11,1.227756872313834e-06,0.0005104875978084161,17.39884914062413,17.39884817795113,0.2050737298965484,0.20496460503222355
6,272,1.227776762578406e-06,1.9890264572226832e-11,1.227756872313834e-06,0.0005104875978084161,17.39884914062413,17.39884817795113,0.2050737298965484,0.20496460503222355
6,273,1.227776762578406e-06,1.9890264572226832e-11,1.227756872313834e-06,0.0005104875978084161,17.39884914062413,17.39884817795113,0.2050737298965484,0.20496460503222355
6,274,1.227776762578406e-06,1.9890264572226832e-11,1.227756872313834e-06,0.0005104875978084161,17.39884914062413,17.39884817795113,0.2050737298965484,0.20496460503222355
6,275,1.227776762578406e-06,1.9890264572226832e-11,1.227756872313834e-06,0.0005104875978084161,17.39884914062413,17.39884817795113,0.2050737298965484,0.20496460503222355
6,276,1.227776762578406e-06,1.9890264572226832e-11,1.227756872313834e-06,0.0005104875978084161,17.39884914062413,17.39884817795113,0.2050737298965484,0.20496460503222355
6,277,1.227776762578406e-06,1.9890264572226832e-11,1.227756872313834e-06,0.0005104875978084161,17.39884914062413,17.39884817795113,0.2050737298965484,0.20496460503222355
6,278,1.227776762578406e-06,1.9890264572226832e-11,1.227756872313834e-06,0.0005104875978084161,17.39884914062413,17.39884817795113,0.2050737298965484,0.20496460503222355
6,279,1.227776762578406e-06,1.9890264572226832e-11,1.227756872313834e-06,0.0005104875978084161,17.39884914062413,17.39884817795113,0.2050737298965484,0.20496460503222355
6,280,1.227776762578406e-06,1.9890264572226832e-11,1.227756872313834e-06,0.0005104875978084161,17.39884914062413,17.39884817795113,0.2050737298965484,0.20496460503222355
6,281,1.227776762578406e-06,1.9890264572226832e-11,1.227756872313834e-06,0.0005104875978084161,17.39884914062413,17.39884817795113,0.2050737298965484,0.20496460503222355
6,282,1.227776762578406e-06,1.9890264572226832e-11,1.227756872313834e-06,0.0005104875978084161,17.39884914062413,17.39884817795113,0.2050737298965484,0.20496460503222355
6,283,1.227776762578406e-06,1.9890264572226832e-11,1.227756872313834e-06,0.0005104875978084161,17.39884914062413,17.39884817795113,0.2050737298965484,0.20496460503222355
6,284,1.227776762578406e-06,1.9890264572226832e-11,1.227756872313834e-06,0.0005104875978084161,17.39884914062413,17.39884817795113,0.2050737298965484,0.20496460503222355
6,285,1.227776762578406e-06,1.9890264572226832e-11,1.227756872313834e-06,0.0005104875978084161,17.39884914062413,17.39884817795113,0.2050737298965484,0.20496460503222355
6,286,1.227776762578406e-06,1.9890264572226832e-11,1.227756872313834e-06,0.0005104875978084161,17.39884914062413,17.39884817795113,0.2050737298965484,0.20496460503222355
6,287,1.227776762578406e-06,1.9890264572226832e-11,1.227756872313834e-06,0.0005104875978084161,17.39884914062413,17.39884817795113,0.2050737298965484,0.20496460503222355
6,288,1.227776762578406e-06,1.9890264572226832e-11,1.227756872313834e-06,0.0005104875978084161,17.39884914062413,17.39884817795113,0.2050737298965484,0.20496460503222355
6,289,1.227776762578406e-06,1.9890264572226832e-11,1.227756872313834e-06,0.0005104875978084161,17.39884914062413,17.39884817795113,0.2050737298965484,0.20496460503222355
6,290,1.227776762578406e-06,1.9890264572226832e-11,1.227756872313834e-06,0.0005104875978084161,17.39884914062413,17.39884817795113,0.2050737298965484,0.20496460503222355
6,291,1.227776762578406e-06,1.9890264572226832e-11,1.227756872313834e-06,0.0005104875978084161,17.39884914062413,17.39884817795113,0.2050737298965484,0.20496460503222355
6,292,1.227776762578406e-06,1.9890264572226832e-11,1.227756872313834e-06,0.0005104875978084161,17.39884914062413,17.39884817795113,0.2050737298965484,0.20496460503222355
6,293,1.227776762578406e-06,1.9890264572226832e-11,1.227756872313834e-06,0.0005104875978084161,17.39884914062413,17.39884817795113,0.2050737298965484,0.20496460503222355
6,294,1.227776762578406e-06,1.9890264572226832e-11,1.227756872313834e-06,0.0005104875978084161,17.39884914062413,17.39884817795113,0.2050737298965484,0.20496460503222355
6,295,1.227776762578406e-06,1.9890264572226832e-11,1.227756872313834e-06,0.0005104875978084161,17.39884914062413,17.39884817795113,0.2050737298965484,0.20496460503222355
6,296,1.227776762578406e-06,1.9890264572226832e-11,1.227756872313834e-06,0.0005104875978084161,17.39884914062413,17.39884817795113,0.2050737298965484,0.20496460503222355
6,297,1.227776762578406e-06,1.9890264572226832e-11,1.227756872313834e-06,0.0005104875978084161,17.39884914062413,17.39884817795113,0.2050737298965484,0.20496460503222355
6,298,1.227776762578406e-06,1.9890264572226832e-11,1.227756872313834e-06,0.0005104875978084161,17.39884914062413,17.39884817795113,0.2050737298965484,0.20496460503222355
6,299,1.227776762578406e-06,1.9890264572226832e-11,1.227756872313834e-06,0.0005104875978084161,17.39884914062413,17.39884817795113,0.2050737298965484,0.20496460503222355
6,300,1.227776762578406e-06,1.9890264572226832e-11,1.227756872313834e-06,0.0005104875978084161,17.39884914062413,17.39884817795113,0.2050737298965484,0.20496460503222355
6,301,1.227776762578406e-06,1.9890264572226832e-11,1.227756872313834e-06,0.0005104875978084161,17.39884914062413,17.39884817795113,0.2050737298965484,0.20496460503222355
6,302,1.227776762578406e-06,1.9890264572226832e-11,1.227756872313834e-06,0.0005104875978084161,17.39884914062413,17.39884817795113,0.2050737298965484,0.20496460503222355
6,303,1.227776762578406e-06,1.9890264572226832e-11,1.227756872313834e-06,0.0005104875978084161,17.39884914062413,17.39884817795113,0.2050737298965484,0.20496460503222355
6,304,1.227776762578406e-06,1.9890264572226832e-11,1.227756872313834e-06,0.0005104875978084161,17.39884914062413,17.39884817795113,0.2050737298965484,0.20496460503222355
6,305,1.227776762578406e-06,1.9890264572226832e-11,1.227756872313834e-06,0.0005104875978084161,17.39884914062413,17.39884817795113,0.2050737298965484,0.20496460503222355
6,306,1.227776762578406e-06,1.9890264572226832e-11,1.227756872313834e-06,0.0005104875978084161,17.39884914062413,17.39884817795113,0.2050737298965484,0.20496460503222355
6,307,1.227776762578406e-06,1.9890264572226832e-11,1.227756872313834e-06,0.0005104875978084161,17.39884914062413,17.39884817795113,0.2050737298965484,0.20496460503222355
6,308,1.227776762578406e-06,1.9890264572226832e-11,1.227756872313834e-06,0.0005104875978084161,17.39884914062413,17.39884817795113,0.2050737298965484,0.20496460503222355
6,309,1.227776762578406e-06,1.9890264572226832e-11,1.227756872313834e-06,0.0005104875978084161,17.39884914062413,17.39884817795113,0.2050737298965484,0.20496460503222355
6,310,1.227776762578406e-06,1.9890264572226832e-11,1.227756872313834e-06,0.0005104875978084161,17.39884914062413,17.39884817795113,0.2050737298965484,0.20496460503222355
6,311,1.227776762578406e-06,1.9890264572226832e-11,1.227756872313834e-06,0.0005104875978084161,17.39884914062413,17.39884817795113,0.2050737298965484,0.20496460503222355
6,312,1.227776762578406e-06,1.9890264572226832e-11,1.227756872313834e-06,0.0005104875978084161,17.39884914062413,17.39884817795113,0.2050737298965484,0.20496460503222355
6,313,1.227776762578406e-06,1.9890264572226832e-11,1.227756872313834e-06,0.0005104875978084161,17.39884914062413,17.39884817795113,0.2050737298965484,0.20496460503222355
6,314,1.227776762578406e-06,1.9890264572226832e-11,1.227756872313834e-06,0.0005104875978084161,17.39884914062413,17.39884817795113,0.2050737298965484,0.20496460503222355
6,315,1.227776762578406e-06,1.9890264572226832e-11,1.227756872313834e-06,0.0005104875978084161,17.39884914062413,17.39884817795113,0.2050737298965484,0.20496460503222355
6,316,1.227776762578406e-06,1.9890264572226832e-11,1.227756872313834e-06,0.0005104875978084161,17.39884914062413,17.39884817795113,0.2050737298965484,0.20496460503222355
6,317,1.227776762578406e-06,1.9890264572226832e-11,1.227756872313834e-06,0.0005104875978084161,17.39884914062413,17.39884817795113,0.2050737298965484,0.20496460503222355
6,318,1.227776762578406e-06,1.9890264572226832e-11,1.227756872313834e-06,0.0005104875978084161,17.39884914062413,17.39884817795113,0.2050737298965484,0.20496460503222355
6,319,1.227776762578406e-06,1.9890264572226832e-11,1.227756872313834e-06,0.0005104875978084161,17.39884914062413,17.39884817795113,0.2050737298965484,0.20496460503222355
6,320,1.227776762578406e-06,1.9890264572226832e-11,1.227756872313834e-06,0.0005104875978084161,17.39884914062413,17.39884817795113,0.2050737298965484,0.20496460503222355
6,321,1.227776762578406e-06,1.9890264572226832e-11,1.227756872313834e-06,0.0005104875978084161,17.39884914062413,17.39884817795113,0.2050737298965484,0.20496460503222355
6,322,1.227776762578406e-06,1.9890264572226832e-11,1.227756872313834e-06,0.0005104875978084161,17.39884914062413,17.39884817795113,0.2050737298965484,0.20496460503222355
6,323,1.227776762578406e-06,1.9890264572226832e-11,1.227756872313834e-06,0.0005104875978084161,17.39884914062413,17.39884817795113,0.2050737298965484,0.20496460503222355
6,324,1.227776762578406e-06,1.9890264572226832e-11,1.227756872313834e-06,0.0005104875978084161,17.39884914062413,17.39884817795113,0.2050737298965484,0.20496460503222355
6,325,1.227776762578406e-06,1.9890264572226832e-11,1.227756872313834e-06,0.0005104875978084161,17.39884914062413,17.39884817795113,0.2050737298965484,0.20496460503222355
6,326,1.227776762578406e-06,1.9890264572226832e-11,1.227756872313834e-06,0.0005104875978084161,17.39884914062413,17.39884817795113,0.2050737298965484,0.20496460503222355
6,327,1.227776762578406e-06,1.9890264572226832e-11,1.227756872313834e-06,0.0005104875978084161,17.39884914062413,17.39884817795113,0.2050737298965484,0.20496460503222355
6,328,1.227776762578406e-06,1.9890264572226832e-11,1.227756872313834e-06,0.0005104875978084161,17.39884914062413,17.39884817795113,0.2050737298965484,0.20496460503222355
6,329,1.227776762578406e-06,1.9890264572226832e-11,1.227756872313834e-06,0.0005104875978084161,17.39884914062413,17.39884817795113,0.2050737298965484,0.20496460503222355
6,330,1.227776762578406e-06,1.9890264572226832e-11,1.227756872313834e-06,0.0005104875978084161,17.39884914062413,17.39884817795113,0.2050737298965484,0.20496460503222355
6,331,1.227776762578406e-06,1.9890264572226832e-11,1.227756872313834e-06,0.0005104875978084161,17.39884914062413,17.39884817795113,0.2050737298965484,0.20496460503222355
6,332,1.227776762578406e-06,1.9890264572226832e-11,1.227756872313834e-06,0.0005104875978084161,17.39884914062413,17.39884817795113,0.2050737298965484,0.20496460503222355
6,333,1.227776762578406e-06,1.9890264572226832e-11,1.227756872313834e-06,0.0005104875978084161,17.39884914062413,17.39884817795113,0.2050737298965484,0.20496460503222355
6,334,1.227776762578406e-06,1.9890264572226832e-11,1.227756872313834e-06,0.0005104875978084161,17.39884914062413,17.39884817795113,0.2050737298965484,0.20496460503222355
6,335,1.227776762578406e-06,1.9890264572226832e-11,1.227756872313834e-06,0.0005104875978084161,17.39884914062413,17.39884817795113,0.2050737298965484,0.20496460503222355
6,336,1.227776762578406e-06,1.9890264572226832e-11,1.227756872313834e-06,0.0005104875978084161,17.39884914062413,17.39884817795113,0.2050737298965484,0.20496460503222355
6,337,1.227776762578406e-06,1.9890264572226832e-11,1.227756872313834e-06,0.0005104875978084161,17.39884914062413,17.39884817795113,0.2050737298965484,0.20496460503222355
6,338,1.227776762578406e-06,1.9890264572226832e-11,1.227756872313834e-06,0.0005104875978084161,17.39884914062413,17.39884817795113,0.2050737298965484,0.20496460503222355
6,339,1.227776762578406e-06,1.9890264572226832e-11,1.227756872313834e-06,0.0005104875978084161,17.39884914062413,17.39884817795113,0.2050737298965484,0.20496460503222355
6,340,1.227776762578406e-06,1.9890264572226832e-11,1.227756872313834e-06,0.0005104875978084161,17.39884914062413,17.39884817795113,0.2050737298965484,0.20496460503222355
6,341,1.227776762578406e-06,1.9890264572226832e-11,1.227756872313834e-06,0.0005104875978084161,17.39884914062413,17.39884817795113,0.2050737298965484,0.20496460503222355
6,342,1.227776762578406e-06,1.9890264572226832e-11,1.227756872313834e-06,0.0005104875978084161,17.39884914062413,17.39884817795113,0.2050737298965484,0.20496460503222355
6,343,1.227776762578406e-06,1.9890264572226832e-11,1.227756872313834e-06,0.0005104875978084161,17.39884914062413,17.39884817795113,0.2050737298965484,0.20496460503222355
6,344,1.227776762578406e-06,1.9890264572226832e-11,1.227756872313834e-06,0.0005104875978084161,17.39884914062413,17.39884817795113,0.2050737298965484,0.20496460503222355
6,345,1.227776762578406e-06,1.9890264572226832e-11,1.227756872313834e-06,0.0005104875978084161,17.39884914062413,17.39884817795113,0.2050737298965484,0.20496460503222355
6,346,1.227776762578406e-06,1.9890264572226832e-11,1.227756872313834e-06,0.0005104875978084161,17.39884914062413,17.39884817795113,0.2050737298965484,0.20496460503222355
6,347,1.227776762578406e-06,1.9890264572226832e-11,1.227756872313834e-06,0.0005104875978084161,17.39884914062413,17.39884817795113,0.2050737298965484,0.20496460503222355
6,348,1.227776762578406e-06,1.9890264572226832e-11,1.227756872313834e-06,0.0005104875978084161,17.39884914062413,17.39884817795113,0.2050737298965484,0.20496460503222355
6,349,1.227776762578406e-06,1.9890264572226832e-11,1.227756872313834e-06,0.0005104875978084161,17.39884914062413,17.39884817795113,0.2050737298965484,0.20496460503222355
6,350,1.227776762578406e-06,1.9890264572226832e-11,1.227756872313834e-06,0.0005104875978084161,17.39884914062413,17.39884817795113,0.2050737298965484,0.20496460503222355
6,351,1.227776762578406e-06,1.9890264572226832e-11,1.227756872313834e-06,0.0005104875978084161,17.39884914062413,17.39884817795113,0.2050737298965484,0.20496460503222355
6,352,1.227776762578406e-06,1.9890264572226832e-11,1.227756872313834e-06,0.0005104875978084161,17.39884914062413,17.39884817795113,0.2050737298965484,0.20496460503222355
6,353,1.227776762578406e-06,1.9890264572226832e-11,1.227756872313834e-06,0.0005104875978084161,17.39884914062413,17.39884817795113,0.2050737298965484,0.20496460503222355
6,354,1.227776762578406e-06,1.9890264572226832e-11,1.227756872313834e-06,0.0005104875978084161,17.39884914062413,17.39884817795113,0.2050737298965484,0.20496460503222355
6,355,1.227776762578406e-06,1.9890264572226832e-11,1.227756872313834e-06,0.0005104875978084161,17.39884914062413,17.39884817795113,0.2050737298965484,0.20496460503222355
6,356,1.227776762578406e-06,1.9890264572226832e-11,1.227756872313834e-06,0.0005104875978084161,17.39884914062413,17.39884817795113,0.2050737298965484,0.20496460503222355
6,357,1.227776762578406e-06,1.9890264572226832e-11,1.227756872313834e-06,0.0005104875978084161,17.39884914062413,17.39884817795113,0.2050737298965484,0.20496460503222355
6,358,1.227776762578406e-06,1.9890264572226832e-11,1.227756872313834e-06,0.0005104875978084161,17.39884914062413,17.39884817795113,0.2050737298965484,0.20496460503222355
6,359,1.227776762578406e-06,1.9890264572226832e-11,1.227756872313834e-06,0.0005104875978084161,17.39884914062413,17.39884817795113,0.2050737298965484,0.20496460503222355
6,360,1.227776762578406e-06,1.9890264572226832e-11,1.227756872313834e-06,0.0005104875978084161,17.39884914062413,17.39884817795113,0.2050737298965484,0.20496460503222355
6,361,1.227776762578406e-06,1.9890264572226832e-11,1.227756872313834e-06,0.0005104875978084161,17.39884914062413,17.39884817795113,0.2050737298965484,0.20496460503222355
6,362,1.227776762578406e-06,1.9890264572226832e-11,1.227756872313834e-06,0.0005104875978084161,17.39884914062413,17.39884817795113,0.2050737298965484,0.20496460503222355
6,363,1.227776762578406e-06,1.9890264572226832e-11,1.227756872313834e-06,0.0005104875978084161,17.39884914062413,17.39884817795113,0.2050737298965484,0.20496460503222355
6,364,1.227776762578406e-06,1.9890264572226832e-11,1.227756872313834e-06,0.0005104875978084161,17.39884914062413,17.39884817795113,0.2050737298965484,0.20496460503222355
6,365,1.227776762578406e-06,1.9890264572226832e-11,1.227756872313834e-06,0.0005104875978084161,17.39884914062413,17.39884817795113,0.2050737298965484,0.20496460503222355
6,366,1.227776762578406e-06,1.9890264572226832e-11,1.227756872313834e-06,0.0005104875978084161,17.39884914062413,17.39884817795113,0.2050737298965484,0.20496460503222355
6,367,1.227776762578406e-06,1.9890264572226832e-11,1.227756872313834e-06,0.0005104875978084161,17.39884914062413,17.39884817795113,0.2050737298965484,0.20496460503222355
6,368,1.227776762578406e-06,1.9890264572226832e-11,1.227756872313834e-06,0.0005104875978084161,17.39884914062413,17.39884817795113,0.2050737298965484,0.20496460503222355
6,369,1.227776762578406e-06,1.9890264572226832e-11,1.227756872313834e-06,0.0005104875978084161,17.39884914062413,17.39884817795113,0.2050737298965484,0.20496460503222355
6,370,1.227776762578406e-06,1.9890264572226832e-11,1.227756872313834e-06,0.0005104875978084161,17.39884914062413,17.39884817795113,0.2050737298965484,0.20496460503222355
6,371,1.227776762578406e-06,1.9890264572226832e-11,1.227756872313834e-06,0.0005104875978084161,17.39884914062413,17.39884817795113,0.2050737298965484,0.20496460503222355
6,372,1.227776762578406e-06,1.9890264572226832e-11,1.227756872313834e-06,0.0005104875978084161,17.39884914062413,17.39884817795113,0.2050737298965484,0.20496460503222355
6,373,1.227776762578406e-06,1.9890264572226832e-11,1.227756872313834e-06,0.0005104875978084161,17.39884914062413,17.39884817795113,0.2050737298965484,0.20496460503222355
6,374,1.227776762578406e-06,1.9890264572226832e-11,1.227756872313834e-06,0.0005104875978084161,17.39884914062413,17.39884817795113,0.2050737298965484,0.20496460503222355
6,375,1.227776762578406e-06,1.9890264572226832e-11,1.227756872313834e-06,0.0005104875978084161,17.39884914062413,17.39884817795113,0.2050737298965484,0.20496460503222355
6,376,1.227776762578406e-06,1.9890264572226832e-11,1.227756872313834e-06,0.0005104875978084161,17.39884914062413,17.39884817795113,0.2050737298965484,0.20496460503222355
6,377,1.227776762578406e-06,1.9890264572226832e-11,1.227756872313834e-06,0.0005104875978084161,17.39884914062413,17.39884817795113,0.2050737298965484,0.20496460503222355
6,378,1.227776762578406e-06,1.9890264572226832e-11,1.227756872313834e-06,0.0005104875978084161,17.39884914062413,17.39884817795113,0.2050737298965484,0.20496460503222355
6,379,1.227776762578406e-06,1.9890264572226832e-11,1.227756872313834e-06,0.0005104875978084161,17.39884914062413,17.39884817795113,0.2050737298965484,0.20496460503222355
6,380,1.227776762578406e-06,1.9890264572226832e-11,1.227756872313834e-06,0.0005104875978084161,17.39884914062413,17.39884817795113,0.2050737298965484,0.20496460503222355
6,381,1.227776762578406e-06,1.9890264572226832e-11,1.227756872313834e-06,0.0005104875978084161,17.39884914062413,17.39884817795113,0.2050737298965484,0.20496460503222355
6,382,1.227776762578406e-06,1.9890264572226832e-11,1.227756872313834e-06,0.0005104875978084161,17.39884914062413,17.39884817795113,0.2050737298965484,0.20496460503222355
6,383,1.227776762578406e-06,1.9890264572226832e-11,1.227756872313834e-06,0.0005104875978084161,17.39884914062413,17.39884817795113,0.2050737298965484,0.20496460503222355
6,384,1.227776762578406e-06,1.9890264572226832e-11,1.227756872313834e-06,0.0005104875978084161,17.39884914062413,17.39884817795113,0.2050737298965484,0.20496460503222355
6,385,1.227776762578406e-06,1.9890264572226832e-11,1.227756872313834e-06,0.0005104875978084161,17.39884914062413,17.39884817795113,0.2050737298965484,0.20496460503222355
6,386,1.227776762578406e-06,1.9890264572226832e-11,1.227756872313834e-06,0.0005104875978084161,17.39884914062413,17.39884817795113,0.2050737298965484,0.20496460503222355
6,387,1.227776762578406e-06,1.9890264572226832e-11,1.227756872313834e-06,0.0005104875978084161,17.39884914062413,17.39884817795113,0.2050737298965484,0.20496460503222355
6,388,1.227776762578406e-06,1.9890264572226832e-11,1.227756872313834e-06,0.0005104875978084161,17.39884914062413,17.39884817795113,0.2050737298965484,0.20496460503222355
6,389,1.227776762578406e-06,1.9890264572226832e-11,1.227756872313834e-06,0.0005104875978084161,17.39884914062413,17.39884817795113,0.2050737298965484,0.20496460503222355
6,390,1.227776762578406e-06,1.9890264572226832e-11,1.227756872313834e-06,0.0005104875978084161,17.39884914062413,17.39884817795113,0.2050737298965484,0.20496460503222355
6,391,1.227776762578406e-06,1.9890264572226832e-11,1.227756872313834e-06,0.0005104875978084161,17.39884914062413,17.39884817795113,0.2050737298965484,0.20496460503222355
6,392,1.227776762578406e-06,1.9890264572226832e-11,1.227756872313834e-06,0.0005104875978084161,17.39884914062413,17.39884817795113,0.2050737298965484,0.20496460503222355
6,393,1.227776762578406e-06,1.9890264572226832e-11,1.227756872313834e-06,0.0005104875978084161,17.39884914062413,17.39884817795113,0.2050737298965484,0.20496460503222355
6,394,1.227776762578406e-06,1.9890264572226832e-11,1.227756872313834e-06,0.0005104875978084161,17.39884914062413,17.39884817795113,0.2050737298965484,0.20496460503222355
6,395,1.227776762578406e-06,1.9890264572226832e-11,1.227756872313834e-06,0.0005104875978084161,17.39884914062413,17.39884817795113,0.2050737298965484,0.20496460503222355
6,396,1.227776762578406e-06,1.9890264572226832e-11,1.227756872313834e-06,0.0005104875978084161,17.39884914062413,17.39884817795113,0.2050737298965484,0.20496460503222355
6,397,1.227776762578406e-06,1.9890264572226832e-11,1.227756872313834e-06,0.0005104875978084161,17.39884914062413,17.39884817795113,0.2050737298965484,0.20496460503222355
6,398,1.227776762578406e-06,1.9890264572226832e-11,1.227756872313834e-06,0.0005104875978084161,17.39884914062413,17.39884817795113,0.2050737298965484,0.20496460503222355
6,399,1.227776762578406e-06,1.9890264572226832e-11,1.227756872313834e-06,0.0005104875978084161,17.39884914062413,17.39884817795113,0.2050737298965484,0.20496460503222355
6,400,1.227776762578406e-06,1.9890264572226832e-11,1.227756872313834e-06,0.0005104875978084161,17.39884914062413,17.39884817795113,0.2050737298965484,0.20496460503222355
6,401,1.227776762578406e-06,1.9890264572226832e-11,1.227756872313834e-06,0.0005104875978084161,17.39884914062413,17.39884817795113,0.2050737298965484,0.20496460503222355
6,402,1.227776762578406e-06,1.9890264572226832e-11,1.227756872313834e-06,0.0005104875978084161,17.39884914062413,17.39884817795113,0.2050737298965484,0.20496460503222355
6,403,1.227776762578406e-06,1.9890264572226832e-11,1.227756872313834e-06,0.0005104875978084161,17.39884914062413,17.39884817795113,0.2050737298965484,0.20496460503222355
6,404,1.227776762578406e-06,1.9890264572226832e-11,1.227756872313834e-06,0.0005104875978084161,17.39884914062413,17.39884817795113,0.2050737298965484,0.20496460503222355
6,405,1.227776762578406e-06,1.9890264572226832e-11,1.227756872313834e-06,0.0005104875978084161,17.39884914062413,17.39884817795113,0.2050737298965484,0.20496460503222355
6,406,1.227776762578406e-06,1.9890264572226832e-11,1.227756872313834e-06,0.0005104875978084161,17.39884914062413,17.39884817795113,0.2050737298965484,0.20496460503222355
6,407,1.227776762578406e-06,1.9890264572226832e-11,1.227756872313834e-06,0.0005104875978084161,17.39884914062413,17.39884817795113,0.2050737298965484,0.20496460503222355
6,408,1.227776762578406e-06,1.9890264572226832e-11,1.227756872313834e-06,0.0005104875978084161,17.39884914062413,17.39884817795113,0.2050737298965484,0.20496460503222355
6,409,1.227776762578406e-06,1.9890264572226832e-11,1.227756872313834e-06,0.0005104875978084161,17.39884914062413,17.39884817795113,0.2050737298965484,0.20496460503222355
6,410,1.227776762578406e-06,1.9890264572226832e-11,1.227756872313834e-06,0.0005104875978084161,17.39884914062413,17.39884817795113,0.2050737298965484,0.20496460503222355
6,411,1.227776762578406e-06,1.9890264572226832e-11,1.227756872313834e-06,0.0005104875978084161,17.39884914062413,17.39884817795113,0.2050737298965484,0.20496460503222355
6,412,1.227776762578406e-06,1.9890264572226832e-11,1.227756872313834e-06,0.0005104875978084161,17.39884914062413,17.39884817795113,0.2050737298965484,0.20496460503222355
6,413,1.227776762578406e-06,1.9890264572226832e-11,1.227756872313834e-06,0.0005104875978084161,17.39884914062413,17.39884817795113,0.2050737298965484,0.20496460503222355
6,414,1.227776762578406e-06,1.9890264572226832e-11,1.227756872313834e-06,0.0005104875978084161,17.39884914062413,17.39884817795113,0.2050737298965484,0.20496460503222355
6,415,1.227776762578406e-06,1.9890264572226832e-11,1.227756872313834e-06,0.0005104875978084161,17.39884914062413,17.39884817795113,0.2050737298965484,0.20496460503222355
6,416,1.227776762578406e-06,1.9890264572226832e-11,1.227756872313834e-06,0.0005104875978084161,17.39884914062413,17.39884817795113,0.2050737298965484,0.20496460503222355
6,417,1.227776762578406e-06,1.9890264572226832e-11,1.227756872313834e-06,0.0005104875978084161,17.39884914062413,17.39884817795113,0.2050737298965484,0.20496460503222355
6,418,1.227776762578406e-06,1.9890264572226832e-11,1.227756872313834e-06,0.0005104875978084161,17.39884914062413,17.39884817795113,0.2050737298965484,0.20496460503222355
6,419,1.227776762578406e-06,1.9890264572226832e-11,1.227756872313834e-06,0.0005104875978084161,17.39884914062413,17.39884817795113,0.2050737298965484,0.20496460503222355
6,420,1.227776762578406e-06,1.9890264572226832e-11,1.227756872313834e-06,0.0005104875978084161,17.39884914062413,17.39884817795113,0.2050737298965484,0.20496460503222355
6,421,1.227776762578406e-06,1.9890264572226832e-11,1.227756872313834e-06,0.0005104875978084161,17.39884914062413,17.39884817795113,0.2050737298965484,0.20496460503222355
6,422,1.227776762578406e-06,1.9890264572226832e-11,1.227756872313834e-06,0.0005104875978084161,17.39884914062413,17.39884817795113,0.2050737298965484,0.20496460503222355
6,423,1.227776762578406e-06,1.9890264572226832e-11,1.227756872313834e-06,0.0005104875978084161,17.39884914062413,17.39884817795113,0.2050737298965484,0.20496460503222355
6,424,1.227776762578406e-06,1.9890264572226832e-11,1.227756872313834e-06,0.0005104875978084161,17.39884914062413,17.39884817795113,0.2050737298965484,0.20496460503222355
6,425,1.227776762578406e-06,1.9890264572226832e-11,1.227756872313834e-06,0.0005104875978084161,17.39884914062413,17.39884817795113,0.2050737298965484,0.20496460503222355
6,426,1.227776762578406e-06,1.9890264572226832e-11,1.227756872313834e-06,0.0005104875978084161,17.39884914062413,17.39884817795113,0.2050737298965484,0.20496460503222355
6,427,1.227776762578406e-06,1.9890264572226832e-11,1.227756872313834e-06,0.0005104875978084161,17.39884914062413,17.39884817795113,0.2050737298965484,0.20496460503222355
6,428,1.227776762578406e-06,1.9890264572226832e-11,1.227756872313834e-06,0.0005104875978084161,17.39884914062413,17.39884817795113,0.2050737298965484,0.20496460503222355
6,429,1.227776762578406e-06,1.9890264572226832e-11,1.227756872313834e-06,0.0005104875978084161,17.39884914062413,17.39884817795113,0.2050737298965484,0.20496460503222355
6,430,1.227776762578406e-06,1.9890264572226832e-11,1.227756872313834e-06,0.0005104875978084161,17.39884914062413,17.39884817795113,0.2050737298965484,0.20496460503222355
6,431,1.227776762578406e-06,1.9890264572226832e-11,1.227756872313834e-06,0.0005104875978084161,17.39884914062413,17.39884817795113,0.2050737298965484,0.20496460503222355
6,432,1.227776762578406e-06,1.9890264572226832e-11,1.227756872313834e-06,0.0005104875978084161,17.39884914062413,17.39884817795113,0.2050737298965484,0.20496460503222355
6,433,1.227776762578406e-06,1.9890264572226832e-11,1.227756872313834e-06,0.0005104875978084161,17.39884914062413,17.39884817795113,0.2050737298965484,0.20496460503222355
6,434,1.227776762578406e-06,1.9890264572226832e-11,1.227756872313834e-06,0.0005104875978084161,17.39884914062413,17.39884817795113,0.2050737298965484,0.20496460503222355
6,435,1.227776762578406e-06,1.9890264572226832e-11,1.227756872313834e-06,0.0005104875978084161,17.39884914062413,17.39884817795113,0.2050737298965484,0.20496460503222355
6,436,1.227776762578406e-06,1.9890264572226832e-11,1.227756872313834e-06,0.0005104875978084161,17.39884914062413,17.39884817795113,0.2050737298965484,0.20496460503222355
6,437,1.227776762578406e-06,1.9890264572226832e-11,1.227756872313834e-06,0.0005104875978084161,17.39884914062413,17.39884817795113,0.2050737298965484,0.20496460503222355
6,438,1.227776762578406e-06,1.9890264572226832e-11,1.227756872313834e-06,0.0005104875978084161,17.39884914062413,17.39884817795113,0.2050737298965484,0.20496460503222355
6,439,1.227776762578406e-06,1.9890264572226832e-11,1.227756872313834e-06,0.0005104875978084161,17.39884914062413,17.39884817795113,0.2050737298965484,0.20496460503222355
6,440,1.227776762578406e-06,1.9890264572226832e-11,1.227756872313834e-06,0.0005104875978084161,17.39884914062413,17.39884817795113,0.2050737298965484,0.20496460503222355
6,441,1.227776762578406e-06,1.9890264572226832e-11,1.227756872313834e-06,0.0005104875978084161,17.39884914062413,17.39884817795113,0.2050737298965484,0.20496460503222355
6,442,1.227776762578406e-06,1.9890264572226832e-11,1.227756872313834e-06,0.0005104875978084161,17.39884914062413,17.39884817795113,0.2050737298965484,0.20496460503222355
6,443,1.227776762578406e-06,1.9890264572226832e-11,1.227756872313834e-06,0.0005104875978084161,17.39884914062413,17.39884817795113,0.2050737298965484,0.20496460503222355
6,444,1.227776762578406e-06,1.9890264572226832e-11,1.227756872313834e-06,0.0005104875978084161,17.39884914062413,17.39884817795113,0.2050737298965484,0.20496460503222355
6,445,1.227776762578406e-06,1.9890264572226832e-11,1.227756872313834e-06,0.0005104875978084161,17.39884914062413,17.39884817795113,0.2050737298965484,0.20496460503222355
6,446,1.227776762578406e-06,1.9890264572226832e-11,1.227756872313834e-06,0.0005104875978084161,17.39884914062413,17.39884817795113,0.2050737298965484,0.20496460503222355
6,447,1.227776762578406e-06,1.9890264572226832e-11,1.227756872313834e-06,0.0005104875978084161,17.39884914062413,17.39884817795113,0.2050737298965484,0.20496460503222355
6,448,1.227776762578406e-06,1.9890264572226832e-11,1.227756872313834e-06,0.0005104875978084161,17.39884914062413,17.39884817795113,0.2050737298965484,0.20496460503222355
6,449,1.227776762578406e-06,1.9890264572226832e-11,1.227756872313834e-06,0.0005104875978084161,17.39884914062413,17.39884817795113,0.2050737298965484,0.20496460503222355
6,450,1.227776762578406e-06,1.9890264572226832e-11,1.227756872313834e-06,0.0005104875978084161,17.39884914062413,17.39884817795113,0.2050737298965484,0.20496460503222355
6,451,1.227776762578406e-06,1.9890264572226832e-11,1.227756872313834e-06,0.0005104875978084161,17.39884914062413,17.39884817795113,0.2050737298965484,0.20496460503222355
6,452,1.227776762578406e-06,1.9890264572226832e-11,1.227756872313834e-06,0.0005104875978084161,17.39884914062413,17.39884817795113,0.2050737298965484,0.20496460503222355
6,453,1.227776762578406e-06,1.9890264572226832e-11,1.227756872313834e-06,0.0005104875978084161,17.39884914062413,17.39884817795113,0.2050737298965484,0.20496460503222355
6,454,1.227776762578406e-06,1.9890264572226832e-11,1.227756872313834e-06,0.0005104875978084161,17.39884914062413,17.39884817795113,0.2050737298965484,0.20496460503222355
6,455,1.227776762578406e-06,1.9890264572226832e-11,1.227756872313834e-06,0.0005104875978084161,17.39884914062413,17.39884817795113,0.2050737298965484,0.20496460503222355
6,456,1.227776762578406e-06,1.9890264572226832e-11,1.227756872313834e-06,0.0005104875978084161,17.39884914062413,17.39884817795113,0.2050737298965484,0.20496460503222355
6,457,1.227776762578406e-06,1.9890264572226832e-11,1.227756872313834e-06,0.0005104875978084161,17.39884914062413,17.39884817795113,0.2050737298965484,0.20496460503222355
6,458,1.227776762578406e-06,1.9890264572226832e-11,1.227756872313834e-06,0.0005104875978084161,17.39884914062413,17.39884817795113,0.2050737298965484,0.20496460503222355
6,459,1.227776762578406e-06,1.9890264572226832e-11,1.227756872313834e-06,0.0005104875978084161,17.39884914062413,17.39884817795113,0.2050737298965484,0.20496460503222355
6,460,1.227776762578406e-06,1.9890264572226832e-11,1.227756872313834e-06,0.0005104875978084161,17.39884914062413,17.39884817795113,0.2050737298965484,0.20496460503222355
6,461,1.227776762578406e-06,1.9890264572226832e-11,1.227756872313834e-06,0.0005104875978084161,17.39884914062413,17.39884817795113,0.2050737298965484,0.20496460503222355
6,462,1.227776762578406e-06,1.9890264572226832e-11,1.227756872313834e-06,0.0005104875978084161,17.39884914062413,17.39884817795113,0.2050737298965484,0.20496460503222355
6,463,1.227776762578406e-06,1.9890264572226832e-11,1.227756872313834e-06,0.0005104875978084161,17.39884914062413,17.39884817795113,0.2050737298965484,0.20496460503222355
6,464,1.227776762578406e-06,1.9890264572226832e-11,1.227756872313834e-06,0.0005104875978084161,17.39884914062413,17.39884817795113,0.2050737298965484,0.20496460503222355
6,465,1.227776762578406e-06,1.9890264572226832e-11,1.227756872313834e-06,0.0005104875978084161,17.39884914062413,17.39884817795113,0.2050737298965484,0.20496460503222355
6,466,1.227776762578406e-06,1.9890264572226832e-11,1.227756872313834e-06,0.0005104875978084161,17.39884914062413,17.39884817795113,0.2050737298965484,0.20496460503222355
6,467,1.227776762578406e-06,1.9890264572226832e-11,1.227756872313834e-06,0.0005104875978084161,17.39884914062413,17.39884817795113,0.2050737298965484,0.20496460503222355
6,468,1.227776762578406e-06,1.9890264572226832e-11,1.227756872313834e-06,0.0005104875978084161,17.39884914062413,17.39884817795113,0.2050737298965484,0.20496460503222355
6,469,1.227776762578406e-06,1.9890264572226832e-11,1.227756872313834e-06,0.0005104875978084161,17.39884914062413,17.39884817795113,0.2050737298965484,0.20496460503222355
6,470,1.227776762578406e-06,1.9890264572226832e-11,1.227756872313834e-06,0.0005104875978084161,17.39884914062413,17.39884817795113,0.2050737298965484,0.20496460503222355
6,471,1.227776762578406e-06,1.9890264572226832e-11,1.227756872313834e-06,0.0005104875978084161,17.39884914062413,17.39884817795113,0.2050737298965484,0.20496460503222355
6,472,1.227776762578406e-06,1.9890264572226832e-11,1.227756872313834e-06,0.0005104875978084161,17.39884914062413,17.39884817795113,0.2050737298965484,0.20496460503222355
6,473,1.227776762578406e-06,1.9890264572226832e-11,1.227756872313834e-06,0.0005104875978084161,17.39884914062413,17.39884817795113,0.2050737298965484,0.20496460503222355
6,474,1.227776762578406e-06,1.9890264572226832e-11,1.227756872313834e-06,0.0005104875978084161,17.39884914062413,17.39884817795113,0.2050737298965484,0.20496460503222355
6,475,1.227776762578406e-06,1.9890264572226832e-11,1.227756872313834e-06,0.0005104875978084161,17.39884914062413,17.39884817795113,0.2050737298965484,0.20496460503222355
6,476,1.227776762578406e-06,1.9890264572226832e-11,1.227756872313834e-06,0.0005104875978084161,17.39884914062413,17.39884817795113,0.2050737298965484,0.20496460503222355
6,477,1.227776762578406e-06,1.9890264572226832e-11,1.227756872313834e-06,0.0005104875978084161,17.39884914062413,17.39884817795113,0.2050737298965484,0.20496460503222355
6,478,1.227776762578406e-06,1.9890264572226832e-11,1.227756872313834e-06,0.0005104875978084161,17.39884914062413,17.39884817795113,0.2050737298965484,0.20496460503222355
6,479,1.227776762578406e-06,1.9890264572226832e-11,1.227756872313834e-06,0.0005104875978084161,17.39884914062413,17.39884817795113,0.2050737298965484,0.20496460503222355
6,480,1.227776762578406e-06,1.9890264572226832e-11,1.227756872313834e-06,0.0005104875978084161,17.39884914062413,17.39884817795113,0.2050737298965484,0.20496460503222355
6,481,1.227776762578406e-06,1.9890264572226832e-11,1.227756872313834e-06,0.0005104875978084161,17.39884914062413,17.39884817795113,0.2050737298965484,0.20496460503222355
6,482,1.227776762578406e-06,1.9890264572226832e-11,1.227756872313834e-06,0.0005104875978084161,17.39884914062413,17.39884817795113,0.2050737298965484,0.20496460503222355
6,483,1.227776762578406e-06,1.9890264572226832e-11,1.227756872313834e-06,0.0005104875978084161,17.39884914062413,17.39884817795113,0.2050737298965484,0.20496460503222355
6,484,1.227776762578406e-06,1.9890264572226832e-11,1.227756872313834e-06,0.0005104875978084161,17.39884914062413,17.39884817795113,0.2050737298965484,0.20496460503222355
6,485,1.227776762578406e-06,1.9890264572226832e-11,1.227756872313834e-06,0.0005104875978084161,17.39884914062413,17.39884817795113,0.2050737298965484,0.20496460503222355
6,486,1.227776762578406e-06,1.9890264572226832e-11,1.227756872313834e-06,0.0005104875978084161,17.39884914062413,17.39884817795113,0.2050737298965484,0.20496460503222355
6,487,1.227776762578406e-06,1.9890264572226832e-11,1.227756872313834e-06,0.0005104875978084161,17.39884914062413,17.39884817795113,0.2050737298965484,0.20496460503222355
6,488,1.227776762578406e-06,1.9890264572226832e-11,1.227756872313834e-06,0.0005104875978084161,17.39884914062413,17.39884817795113,0.2050737298965484,0.20496460503222355
6,489,1.227776762578406e-06,1.9890264572226832e-11,1.227756872313834e-06,0.0005104875978084161,17.39884914062413,17.39884817795113,0.2050737298965484,0.20496460503222355
6,490,1.227776762578406e-06,1.9890264572226832e-11,1.227756872313834e-06,0.0005104875978084161,17.39884914062413,17.39884817795113,0.2050737298965484,0.20496460503222355
6,491,1.227776762578406e-06,1.9890264572226832e-11,1.227756872313834e-06,0.0005104875978084161,17.39884914062413,17.39884817795113,0.2050737298965484,0.20496460503222355
6,492,1.227776762578406e-06,1.9890264572226832e-11,1.227756872313834e-06,0.0005104875978084161,17.39884914062413,17.39884817795113,0.2050737298965484,0.20496460503222355
6,493,1.227776762578406e-06,1.9890264572226832e-11,1.227756872313834e-06,0.0005104875978084161,17.39884914062413,17.39884817795113,0.2050737298965484,0.20496460503222355
6,494,1.227776762578406e-06,1.9890264572226832e-11,1.227756872313834e-06,0.0005104875978084161,17.39884914062413,17.39884817795113,0.2050737298965484,0.20496460503222355
6,495,1.227776762578406e-06,1.9890264572226832e-11,1.227756872313834e-06,0.0005104875978084161,17.39884914062413,17.39884817795113,0.2050737298965484,0.20496460503222355
6,496,1.227776762578406e-06,1.9890264572226832e-11,1.227756872313834e-06,0.0005104875978084161,17.39884914062413,17.39884817795113,0.2050737298965484,0.20496460503222355
6,497,1.227776762578406e-06,1.9890264572226832e-11,1.227756872313834e-06,0.0005104875978084161,17.39884914062413,17.39884817795113,0.2050737298965484,0.20496460503222355
6,498,1.227776762578406e-06,1.9890264572226832e-11,1.227756872313834e-06,0.0005104875978084161,17.39884914062413,17.39884817795113,0.2050737298965484,0.20496460503222355
6,499,1.227776762578406e-06,1.9890264572226832e-11,1.227756872313834e-06,0.0005104875978084161,17.39884914062413,17.39884817795113,0.2050737298965484,0.20496460503222355
6,500,1.227776762578406e-06,1.9890264572226832e-11,1.227756872313834e-06,0.0005104875978084161,17.39884914062413,17.39884817795113,0.2050737298965484,0.20496460503222355
7,1,133.5238586998932,0.0008656255807512095,133.52299307431244,2.8691357345226893,13.866059533042145,13.86022498980606,13.163890317870592,0.03283995157388999
7,2,15.436230560515167,6.339981750854328,9.096248809660839,0.2761536712558286,10.299361230510955,13.86022498980606,0.5930408001397083,0.03283995157388999
7,3,1093.2407055379647,215.95507569186034,877.2856298461044,7.948742573804278,34.64266801113655,13.86022498980606,34.64398896965156,0.03283995157388999
7,4,57.0789085279913,36.615681814761054,20.46322671323025,1.111146044195117,5.303518660372456,13.86022498980606,3.7909702467867996,0.03283995157388999
7,5,21.704181578807137,7.599379470591519,14.104802108215619,0.4670421612046487,9.970601271935777,13.86022498980606,1.424964508526203,0.03283995157388999
7,6,9.754882516565253,0.04599346221436686,9.708889054350886,0.7428081344326557,13.651960876738578,13.86022498980606,3.705633946260776,0.03283995157388999
7,7,2.307113743986277,0.10269041561297104,2.204423328373306,0.26103431121141196,13.45719820434388,13.86022498980606,1.3961047317242687,0.03283995157388999
7,8,1.1155807152255972,0.1190356947015579,0.9965450205240393,0.1681191878977164,13.39165409341026,13.86022498980606,0.7709592096350277,0.03283995157388999
7,9,0.3464200805389657,0.0010548113889941781,0.34536526914997157,0.0865308142404348,13.905479482867802,13.86022498980606,0.09509197390185395,0.03283995157388999
7,10,0.11063456858908229,0.0005407832153197006,0.11009378537376259,0.04527148565978569,13.8282671423267,13.86022498980606,0.11511559664655045,0.03283995157388999
7,11,0.026221828533908555,0.0008708246800737318,0.025351003853834823,0.032183105540774866,13.821086325851148,13.86022498980606,0.093377108408378,0.03283995157388999
7,12,0.015069318447574467,1.4679274543302408e-05,0.015054639173031164,0.020152282468671765,13.862009302608458,13.86022498980606,0.03652455588777203,0.03283995157388999
7,13,0.010206521772529977,6.290236065369831e-05,0.01014361941187628,0.017396290088864792,13.86923129286957,13.86022498980606,0.023364992543005256,0.03283995157388999
7,14,0.004430429663984882,4.9285015422260225e-06,0.004425501162442657,0.011502302731509751,13.858597317250965,13.86022498980606,0.03810457674201898,0.03283995157388999
7,15,0.0025706107412679004,0.0001294283392833162,0.002441182401984584,0.006436464799529248,13.863048546744263,13.86022498980606,0.007095952252303821,0.03283995157388999
7,16,0.0021784154867625534,8.571075976213781e-05,0.0020927047270004155,0.005938048992280376,13.863340893275618,13.86022498980606,0.003208742348047946,0.03283995157388999
7,17,0.0015522970352772282,2.309672691118827e-05,0.0015292003083660398,0.005469496897302578,13.862293844313278,13.86022498980606,0.011284745307868079,0.03283995157388999
7,18,0.001269236384359381,1.4236789493060588e-05,0.0012549995948663206,0.005817804091267234,13.858147836223853,13.86022498980606,0.01736947682638763,0.03283995157388999
7,19,0.0009843987434674678,1.4355053210445809e-05,0.0009700436902570219,0.007273506071352396,13.85732955196295,13.86022498980606,0.014435254523318208,0.03283995157388999
7,20,0.0007567441434124202,4.844768168843842e-07,0.0007562596665955358,0.007873977864833877,13.86083422153805,13.86022498980606,0.01226804022068272,0.03283995157388999
7,21,0.0006048449524232881,1.5031776122586401e-05,0.0005898131763007017,0.007100311106308654,13.860485705667283,13.86022498980606,0.019966866591701427,0.03283995157388999
7,22,0.0005047782678163847,5.44336591080662e-08,0.0005047238341572767,0.0065977318679236755,13.859986703428438,13.86022498980606,0.030035382050755868,0.03283995157388999
7,23,0.00045894210368853773,1.2086662660967735e-05,0.00044685544102757,0.006437583785882155,13.859409613202311,13.86022498980606,0.03159351293876176,0.03283995157388999
7,24,0.0002571693595818134,5.6998695784950846e-05,0.00020017066379686256,0.00542477811478932,13.856309655825157,13.86022498980606,0.03258008799732783,0.03283995157388999
7,25,8.844847169724678e-05,6.216410640944502e-07,8.782683063315233e-05,0.004493516524550483,13.859958385945255,13.86022498980606,0.028876785752877682,0.03283995157388999
7,26,5.3976772551831704e-05,1.8306090952649281e-06,5.2146163456566775e-05,0.0034389189075310026,13.859670364899925,13.86022498980606,0.029408214045210213,0.03283995157388999
7,27,3.853043413569646e-05,2.336306479856204e-07,3.829680348771084e-05,0.0025706518920902417,13.859932501042016,13.86022498980606,0.029512372972880337,0.03283995157388999
7,28,3.511342752847598e-05,1.0271858650045753e-07,3.5010708941975524e-05,0.0023228206776375764,13.85977175347654,13.86022498980606,0.030081545625483905,0.03283995157388999
7,29,3.4544298758402125e-05,1.1549646748455926e-09,3.454314379372728e-05,0.0022346779937846236,13.860177391936219,13.86022498980606,0.030155576200433715,0.03283995157388999
7,30,3.4414080835178055e-05,2.740410675141589e-09,3.441134042450291e-05,0.0022294075105885724,13.86029867079219,13.86022498980606,0.030318973179658426,0.03283995157388999
7,31,3.383315371164779e-05,2.2550515504989726e-08,3.3810603196142804e-05,0.0021517849373787266,13.860429108873676,13.86022498980606,0.03060317913217609,0.03283995157388999
7,32,3.071125695898926e-05,8.2678873521992e-08,3.062857808546727e-05,0.0018976425548637738,13.860613468491222,13.86022498980606,0.031182919070824027,0.03283995157388999
7,33,2.3069210289965968e-05,6.837805080426815e-08,2.30008322391617e-05,0.001599114623714198,13.86058849141418,13.86022498980606,0.03143884337601886,0.03283995157388999
7,34,1.968933882515261e-05,4.436296548239315e-08,1.964497585967022e-05,0.0019386074887787373,13.860494309467182,13.86022498980606,0.03055791532224113,0.03283995157388999
7,35,1.935131493558952e-05,1.5822983398272541e-09,1.9349732637249693e-05,0.0020773345171287553,13.860188917412813,13.86022498980606,0.030568988110397738,0.03283995157388999
7,36,1.9311525565338288e-05,1.1521094385708766e-09,1.9310373455899716e-05,0.0020824608907661626,13.86021819592604,13.86022498980606,0.030679933455902902,0.03283995157388999
7,37,1.9218663371300177e-05,1.1575243751305849e-08,1.9207088127548872e-05,0.002095066558674589,13.860263094908493,13.86022498980606,0.030755212146160137,0.03283995157388999
7,38,1.858718876132811e-05,9.183451614223527e-08,1.8495354245185877e-05,0.0021205330282073197,13.860372777888099,13.86022498980606,0.030965663721858945,0.03283995157388999
7,39,1.5256562532507425e-05,3.7930378891468377e-07,1.487725874359274e-05,0.002125249714776413,13.860410292918388,13.86022498980606,0.03149111373629472,0.03283995157388999
7,40,1.0479516853787206e-05,1.0822178521464264e-07,1.0371295068572563e-05,0.0020761938460413226,13.860225705558113,13.86022498980606,0.031757457800204475,0.03283995157388999
7,41,9.763512334112419e-06,2.4294080603100925e-09,9.761082926052108e-06,0.0019587177652033395,13.860174916589658,13.86022498980606,0.03165221476196542,0.03283995157388999
7,42,9.726949942985162e-06,1.7506648817925033e-10,9.726774876496984e-06,0.0019776379072733155,13.86024010134878,13.86022498980606,0.03160990799963269,0.03283995157388999
7,43,9.723795538078992e-06,8.046181971864448e-11,9.723715076259273e-06,0.0019839469025201167,13.860213811092677,13.86022498980606,0.03160960911845462,0.03283995157388999
7,44,9.717850591678903e-06,1.139115409747629e-09,9.716711476269155e-06,0.00199037627634116,13.86019126151987,13.86022498980606,0.03159801666746946,0.03283995157388999
7,45,9.680140326950322e-06,1.0326275807976039e-08,9.669814051142345e-06,0.001998818295948939,13.860134837007388,13.86022498980606,0.03157103086625688,0.03283995157388999
7,46,9.439986722642203e-06,6.74169544751993e-08,9.372569768167003e-06,0.0019807081272436504,13.860009159237734,13.86022498980606,0.031515660321865625,0.03283995157388999
7,47,8.496313423899733e-06,1.8333890138783165e-07,8.312974522511901e-06,0.0017852058316233325,13.859832631480266,13.86022498980606,0.03146011691378448,0.03283995157388999
7,48,7.498962737104946e-06,3.432421455452476e-08,7.464638522550421e-06,0.0015477304460624849,13.859970937032909,13.86022498980606,0.031497164938071365,0.03283995157388999
7,49,7.212533431591045e-06,1.8157329587844595e-08,7.1943761020032e-06,0.0014431887958872955,13.86036296267532,13.86022498980606,0.0316589481774498,0.03283995157388999
7,50,7.113530319252013e-06,1.0674442768506176e-09,7.112462874975162e-06,0.001311053086882758,13.860187022563911,13.86022498980606,0.03168750493349245,0.03283995157388999
7,51,7.095852746614207e-06,2.4036313493058263e-10,7.095612383479277e-06,0.001261114207783611,13.86021837270205,13.86022498980606,0.03170507392600488,0.03283995157388999
7,52,7.0944250628349135e-06,4.3763636096063565e-11,7.0943812991988175e-06,0.0012518798441639792,13.860229071192624,13.86022498980606,0.031708671318382974,0.03283995157388999
7,53,7.0944250628349135e-06,4.3763636096063565e-11,7.0943812991988175e-06,0.0012518798441639792,13.860229071192624,13.86022498980606,0.031708671318382974,0.03283995157388999
7,54,7.0944250628349135e-06,4.3763636096063565e-11,7.0943812991988175e-06,0.0012518798441639792,13.860229071192624,13.86022498980606,0.031708671318382974,0.03283995157388999
7,55,7.0944250628349135e-06,4.3763636096063565e-11,7.0943812991988175e-06,0.0012518798441639792,13.860229071192624,13.86022498980606,0.031708671318382974,0.03283995157388999
7,56,7.0944250628349135e-06,4.3763636096063565e-11,7.0943812991988175e-06,0.0012518798441639792,13.860229071192624,13.86022498980606,0.031708671318382974,0.03283995157388999
7,57,7.0944250628349135e-06,4.3763636096063565e-11,7.0943812991988175e-06,0.0012518798441639792,13.860229071192624,13.86022498980606,0.031708671318382974,0.03283995157388999
7,58,7.0944250628349135e-06,4.3763636096063565e-11,7.0943812991988175e-06,0.0012518798441639792,13.860229071192624,13.86022498980606,0.031708671318382974,0.03283995157388999
7,59,7.0944250628349135e-06,4.3763636096063565e-11,7.0943812991988175e-06,0.0012518798441639792,13.860229071192624,13.86022498980606,0.031708671318382974,0.03283995157388999
7,60,7.0944250628349135e-06,4.3763636096063565e-11,7.0943812991988175e-06,0.0012518798441639792,13.860229071192624,13.86022498980606,0.031708671318382974,0.03283995157388999
7,61,7.0944250628349135e-06,4.3763636096063565e-11,7.0943812991988175e-06,0.0012518798441639792,13.860229071192624,13.86022498980606,0.031708671318382974,0.03283995157388999
7,62,7.0944250628349135e-06,4.3763636096063565e-11,7.0943812991988175e-06,0.0012518798441639792,13.860229071192624,13.86022498980606,0.031708671318382974,0.03283995157388999
7,63,7.0944250628349135e-06,4.3763636096063565e-11,7.0943812991988175e-06,0.0012518798441639792,13.860229071192624,13.86022498980606,0.031708671318382974,0.03283995157388999
7,64,7.0944250628349135e-06,4.3763636096063565e-11,7.0943812991988175e-06,0.0012518798441639792,13.860229071192624,13.86022498980606,0.031708671318382974,0.03283995157388999
7,65,7.0944250628349135e-06,4.3763636096063565e-11,7.0943812991988175e-06,0.0012518798441639792,13.860229071192624,13.86022498980606,0.031708671318382974,0.03283995157388999
7,66,7.0944250628349135e-06,4.3763636096063565e-11,7.0943812991988175e-06,0.0012518798441639792,13.860229071192624,13.86022498980606,0.031708671318382974,0.03283995157388999
7,67,7.0944250628349135e-06,4.3763636096063565e-11,7.0943812991988175e-06,0.0012518798441639792,13.860229071192624,13.86022498980606,0.031708671318382974,0.03283995157388999
7,68,7.0944250628349135e-06,4.3763636096063565e-11,7.0943812991988175e-06,0.0012518798441639792,13.860229071192624,13.86022498980606,0.031708671318382974,0.03283995157388999
7,69,7.0944250628349135e-06,4.3763636096063565e-11,7.0943812991988175e-06,0.0012518798441639792,13.860229071192624,13.86022498980606,0.031708671318382974,0.03283995157388999
7,70,7.0944250628349135e-06,4.3763636096063565e-11,7.0943812991988175e-06,0.0012518798441639792,13.860229071192624,13.86022498980606,0.031708671318382974,0.03283995157388999
7,71,7.0944250628349135e-06,4.3763636096063565e-11,7.0943812991988175e-06,0.0012518798441639792,13.860229071192624,13.86022498980606,0.031708671318382974,0.03283995157388999
7,72,7.0944250628349135e-06,4.3763636096063565e-11,7.0943812991988175e-06,0.0012518798441639792,13.860229071192624,13.86022498980606,0.031708671318382974,0.03283995157388999
7,73,7.0944250628349135e-06,4.3763636096063565e-11,7.0943812991988175e-06,0.0012518798441639792,13.860229071192624,13.86022498980606,0.031708671318382974,0.03283995157388999
7,74,7.0944250628349135e-06,4.3763636096063565e-11,7.0943812991988175e-06,0.0012518798441639792,13.860229071192624,13.86022498980606,0.031708671318382974,0.03283995157388999
7,75,7.0944250628349135e-06,4.3763636096063565e-11,7.0943812991988175e-06,0.0012518798441639792,13.860229071192624,13.86022498980606,0.031708671318382974,0.03283995157388999
7,76,7.0944250628349135e-06,4.3763636096063565e-11,7.0943812991988175e-06,0.0012518798441639792,13.860229071192624,13.86022498980606,0.031708671318382974,0.03283995157388999
7,77,7.0944250628349135e-06,4.3763636096063565e-11,7.0943812991988175e-06,0.0012518798441639792,13.860229071192624,13.86022498980606,0.031708671318382974,0.03283995157388999
7,78,7.0944250628349135e-06,4.3763636096063565e-11,7.0943812991988175e-06,0.0012518798441639792,13.860229071192624,13.86022498980606,0.031708671318382974,0.03283995157388999
7,79,7.0944250628349135e-06,4.3763636096063565e-11,7.0943812991988175e-06,0.0012518798441639792,13.860229071192624,13.86022498980606,0.031708671318382974,0.03283995157388999
7,80,7.0944250628349135e-06,4.3763636096063565e-11,7.0943812991988175e-06,0.0012518798441639792,13.860229071192624,13.86022498980606,0.031708671318382974,0.03283995157388999
7,81,7.0944250628349135e-06,4.3763636096063565e-11,7.0943812991988175e-06,0.0012518798441639792,13.860229071192624,13.86022498980606,0.031708671318382974,0.03283995157388999
7,82,7.0944250628349135e-06,4.3763636096063565e-11,7.0943812991988175e-06,0.0012518798441639792,13.860229071192624,13.86022498980606,0.031708671318382974,0.03283995157388999
7,83,7.0944250628349135e-06,4.3763636096063565e-11,7.0943812991988175e-06,0.0012518798441639792,13.860229071192624,13.86022498980606,0.031708671318382974,0.03283995157388999
7,84,7.0944250628349135e-06,4.3763636096063565e-11,7.0943812991988175e-06,0.0012518798441639792,13.860229071192624,13.86022498980606,0.031708671318382974,0.03283995157388999
7,85,7.0944250628349135e-06,4.3763636096063565e-11,7.0943812991988175e-06,0.0012518798441639792,13.860229071192624,13.86022498980606,0.031708671318382974,0.03283995157388999
7,86,7.0944250628349135e-06,4.3763636096063565e-11,7.0943812991988175e-06,0.0012518798441639792,13.860229071192624,13.86022498980606,0.031708671318382974,0.03283995157388999
7,87,7.0944250628349135e-06,4.3763636096063565e-11,7.0943812991988175e-06,0.0012518798441639792,13.860229071192624,13.86022498980606,0.031708671318382974,0.03283995157388999
7,88,7.0944250628349135e-06,4.3763636096063565e-11,7.0943812991988175e-06,0.0012518798441639792,13.860229071192624,13.86022498980606,0.031708671318382974,0.03283995157388999
7,89,7.0944250628349135e-06,4.3763636096063565e-11,7.0943812991988175e-06,0.0012518798441639792,13.860229071192624,13.86022498980606,0.031708671318382974,0.03283995157388999
7,90,7.0944250628349135e-06,4.3763636096063565e-11,7.0943812991988175e-06,0.0012518798441639792,13.860229071192624,13.86022498980606,0.031708671318382974,0.03283995157388999
7,91,7.0944250628349135e-06,4.3763636096063565e-11,7.0943812991988175e-06,0.0012518798441639792,13.860229071192624,13.86022498980606,0.031708671318382974,0.03283995157388999
7,92,7.0944250628349135e-06,4.3763636096063565e-11,7.0943812991988175e-06,0.0012518798441639792,13.860229071192624,13.86022498980606,0.031708671318382974,0.03283995157388999
7,93,7.0944250628349135e-06,4.3763636096063565e-11,7.0943812991988175e-06,0.0012518798441639792,13.860229071192624,13.86022498980606,0.031708671318382974,0.03283995157388999
7,94,7.0944250628349135e-06,4.3763636096063565e-11,7.0943812991988175e-06,0.0012518798441639792,13.860229071192624,13.86022498980606,0.031708671318382974,0.03283995157388999
7,95,7.0944250628349135e-06,4.3763636096063565e-11,7.0943812991988175e-06,0.0012518798441639792,13.860229071192624,13.86022498980606,0.031708671318382974,0.03283995157388999
7,96,7.0944250628349135e-06,4.3763636096063565e-11,7.0943812991988175e-06,0.0012518798441639792,13.860229071192624,13.86022498980606,0.031708671318382974,0.03283995157388999
7,97,7.0944250628349135e-06,4.3763636096063565e-11,7.0943812991988175e-06,0.0012518798441639792,13.860229071192624,13.86022498980606,0.031708671318382974,0.03283995157388999
7,98,7.0944250628349135e-06,4.3763636096063565e-11,7.0943812991988175e-06,0.0012518798441639792,13.860229071192624,13.86022498980606,0.031708671318382974,0.03283995157388999
7,99,7.0944250628349135e-06,4.3763636096063565e-11,7.0943812991988175e-06,0.0012518798441639792,13.860229071192624,13.86022498980606,0.031708671318382974,0.03283995157388999
7,100,7.0944250628349135e-06,4.3763636096063565e-11,7.0943812991988175e-06,0.0012518798441639792,13.860229071192624,13.86022498980606,0.031708671318382974,0.03283995157388999
7,101,7.0944250628349135e-06,4.3763636096063565e-11,7.0943812991988175e-06,0.0012518798441639792,13.860229071192624,13.86022498980606,0.031708671318382974,0.03283995157388999
7,102,7.0944250628349135e-06,4.3763636096063565e-11,7.0943812991988175e-06,0.0012518798441639792,13.860229071192624,13.86022498980606,0.031708671318382974,0.03283995157388999
7,103,7.0944250628349135e-06,4.3763636096063565e-11,7.0943812991988175e-06,0.0012518798441639792,13.860229071192624,13.86022498980606,0.031708671318382974,0.03283995157388999
7,104,7.0944250628349135e-06,4.3763636096063565e-11,7.0943812991988175e-06,0.0012518798441639792,13.860229071192624,13.86022498980606,0.031708671318382974,0.03283995157388999
7,105,7.0944250628349135e-06,4.3763636096063565e-11,7.0943812991988175e-06,0.0012518798441639792,13.860229071192624,13.86022498980606,0.031708671318382974,0.03283995157388999
7,106,7.0944250628349135e-06,4.3763636096063565e-11,7.0943812991988175e-06,0.0012518798441639792,13.860229071192624,13.86022498980606,0.031708671318382974,0.03283995157388999
7,107,7.0944250628349135e-06,4.3763636096063565e-11,7.0943812991988175e-06,0.0012518798441639792,13.860229071192624,13.86022498980606,0.031708671318382974,0.03283995157388999
7,108,7.0944250628349135e-06,4.3763636096063565e-11,7.0943812991988175e-06,0.0012518798441639792,13.860229071192624,13.86022498980606,0.031708671318382974,0.03283995157388999
7,109,7.0944250628349135e-06,4.3763636096063565e-11,7.0943812991988175e-06,0.0012518798441639792,13.860229071192624,13.86022498980606,0.031708671318382974,0.03283995157388999
7,110,7.0944250628349135e-06,4.3763636096063565e-11,7.0943812991988175e-06,0.0012518798441639792,13.860229071192624,13.86022498980606,0.031708671318382974,0.03283995157388999
7,111,7.0944250628349135e-06,4.3763636096063565e-11,7.0943812991988175e-06,0.0012518798441639792,13.860229071192624,13.86022498980606,0.031708671318382974,0.03283995157388999
7,112,7.0944250628349135e-06,4.3763636096063565e-11,7.0943812991988175e-06,0.0012518798441639792,13.860229071192624,13.86022498980606,0.031708671318382974,0.03283995157388999
7,113,7.0944250628349135e-06,4.3763636096063565e-11,7.0943812991988175e-06,0.0012518798441639792,13.860229071192624,13.86022498980606,0.031708671318382974,0.03283995157388999
7,114,7.0944250628349135e-06,4.3763636096063565e-11,7.0943812991988175e-06,0.0012518798441639792,13.860229071192624,13.86022498980606,0.031708671318382974,0.03283995157388999
7,115,7.0944250628349135e-06,4.3763636096063565e-11,7.0943812991988175e-06,0.0012518798441639792,13.860229071192624,13.86022498980606,0.031708671318382974,0.03283995157388999
7,116,7.0944250628349135e-06,4.3763636096063565e-11,7.0943812991988175e-06,0.0012518798441639792,13.860229071192624,13.86022498980606,0.031708671318382974,0.03283995157388999
7,117,7.0944250628349135e-06,4.3763636096063565e-11,7.0943812991988175e-06,0.0012518798441639792,13.860229071192624,13.86022498980606,0.031708671318382974,0.03283995157388999
7,118,7.0944250628349135e-06,4.3763636096063565e-11,7.0943812991988175e-06,0.0012518798441639792,13.860229071192624,13.86022498980606,0.031708671318382974,0.03283995157388999
7,119,7.0944250628349135e-06,4.3763636096063565e-11,7.0943812991988175e-06,0.0012518798441639792,13.860229071192624,13.86022498980606,0.031708671318382974,0.03283995157388999
7,120,7.0944250628349135e-06,4.3763636096063565e-11,7.0943812991988175e-06,0.0012518798441639792,13.860229071192624,13.86022498980606,0.031708671318382974,0.03283995157388999
7,121,7.0944250628349135e-06,4.3763636096063565e-11,7.0943812991988175e-06,0.0012518798441639792,13.860229071192624,13.86022498980606,0.031708671318382974,0.03283995157388999
7,122,7.0944250628349135e-06,4.3763636096063565e-11,7.0943812991988175e-06,0.0012518798441639792,13.860229071192624,13.86022498980606,0.031708671318382974,0.03283995157388999
7,123,7.0944250628349135e-06,4.3763636096063565e-11,7.0943812991988175e-06,0.0012518798441639792,13.860229071192624,13.86022498980606,0.031708671318382974,0.03283995157388999
7,124,7.0944250628349135e-06,4.3763636096063565e-11,7.0943812991988175e-06,0.0012518798441639792,13.860229071192624,13.86022498980606,0.031708671318382974,0.03283995157388999
7,125,7.0944250628349135e-06,4.3763636096063565e-11,7.0943812991988175e-06,0.0012518798441639792,13.860229071192624,13.86022498980606,0.031708671318382974,0.03283995157388999
7,126,7.0944250628349135e-06,4.3763636096063565e-11,7.0943812991988175e-06,0.0012518798441639792,13.860229071192624,13.86022498980606,0.031708671318382974,0.03283995157388999
7,127,7.0944250628349135e-06,4.3763636096063565e-11,7.0943812991988175e-06,0.0012518798441639792,13.860229071192624,13.86022498980606,0.031708671318382974,0.03283995157388999
7,128,7.0944250628349135e-06,4.3763636096063565e-11,7.0943812991988175e-06,0.0012518798441639792,13.860229071192624,13.86022498980606,0.031708671318382974,0.03283995157388999
7,129,7.0944250628349135e-06,4.3763636096063565e-11,7.0943812991988175e-06,0.0012518798441639792,13.860229071192624,13.86022498980606,0.031708671318382974,0.03283995157388999
7,130,7.0944250628349135e-06,4.3763636096063565e-11,7.0943812991988175e-06,0.0012518798441639792,13.860229071192624,13.86022498980606,0.031708671318382974,0.03283995157388999
7,131,7.0944250628349135e-06,4.3763636096063565e-11,7.0943812991988175e-06,0.0012518798441639792,13.860229071192624,13.86022498980606,0.031708671318382974,0.03283995157388999
7,132,7.0944250628349135e-06,4.3763636096063565e-11,7.0943812991988175e-06,0.0012518798441639792,13.860229071192624,13.86022498980606,0.031708671318382974,0.03283995157388999
7,133,7.0944250628349135e-06,4.3763636096063565e-11,7.0943812991988175e-06,0.0012518798441639792,13.860229071192624,13.86022498980606,0.031708671318382974,0.03283995157388999
7,134,7.0944250628349135e-06,4.3763636096063565e-11,7.0943812991988175e-06,0.0012518798441639792,13.860229071192624,13.86022498980606,0.031708671318382974,0.03283995157388999
7,135,7.0944250628349135e-06,4.3763636096063565e-11,7.0943812991988175e-06,0.0012518798441639792,13.860229071192624,13.86022498980606,0.031708671318382974,0.03283995157388999
7,136,7.0944250628349135e-06,4.3763636096063565e-11,7.0943812991988175e-06,0.0012518798441639792,13.860229071192624,13.86022498980606,0.031708671318382974,0.03283995157388999
7,137,7.0944250628349135e-06,4.3763636096063565e-11,7.0943812991988175e-06,0.0012518798441639792,13.860229071192624,13.86022498980606,0.031708671318382974,0.03283995157388999
7,138,7.0944250628349135e-06,4.3763636096063565e-11,7.0943812991988175e-06,0.0012518798441639792,13.860229071192624,13.86022498980606,0.031708671318382974,0.03283995157388999
7,139,7.0944250628349135e-06,4.3763636096063565e-11,7.0943812991988175e-06,0.0012518798441639792,13.860229071192624,13.86022498980606,0.031708671318382974,0.03283995157388999
7,140,7.0944250628349135e-06,4.3763636096063565e-11,7.0943812991988175e-06,0.0012518798441639792,13.860229071192624,13.86022498980606,0.031708671318382974,0.03283995157388999
7,141,7.0944250628349135e-06,4.3763636096063565e-11,7.0943812991988175e-06,0.0012518798441639792,13.860229071192624,13.86022498980606,0.031708671318382974,0.03283995157388999
7,142,7.0944250628349135e-06,4.3763636096063565e-11,7.0943812991988175e-06,0.0012518798441639792,13.860229071192624,13.86022498980606,0.031708671318382974,0.03283995157388999
7,143,7.0944250628349135e-06,4.3763636096063565e-11,7.0943812991988175e-06,0.0012518798441639792,13.860229071192624,13.86022498980606,0.031708671318382974,0.03283995157388999
7,144,7.0944250628349135e-06,4.3763636096063565e-11,7.0943812991988175e-06,0.0012518798441639792,13.860229071192624,13.86022498980606,0.031708671318382974,0.03283995157388999
7,145,7.0944250628349135e-06,4.3763636096063565e-11,7.0943812991988175e-06,0.0012518798441639792,13.860229071192624,13.86022498980606,0.031708671318382974,0.03283995157388999
7,146,7.0944250628349135e-06,4.3763636096063565e-11,7.0943812991988175e-06,0.0012518798441639792,13.860229071192624,13.86022498980606,0.031708671318382974,0.03283995157388999
7,147,7.0944250628349135e-06,4.3763636096063565e-11,7.0943812991988175e-06,0.0012518798441639792,13.860229071192624,13.86022498980606,0.031708671318382974,0.03283995157388999
7,148,7.0944250628349135e-06,4.3763636096063565e-11,7.0943812991988175e-06,0.0012518798441639792,13.860229071192624,13.86022498980606,0.031708671318382974,0.03283995157388999
7,149,7.0944250628349135e-06,4.3763636096063565e-11,7.0943812991988175e-06,0.0012518798441639792,13.860229071192624,13.86022498980606,0.031708671318382974,0.03283995157388999
7,150,7.0944250628349135e-06,4.3763636096063565e-11,7.0943812991988175e-06,0.0012518798441639792,13.860229071192624,13.86022498980606,0.031708671318382974,0.03283995157388999
7,151,7.0944250628349135e-06,4.3763636096063565e-11,7.0943812991988175e-06,0.0012518798441639792,13.860229071192624,13.86022498980606,0.031708671318382974,0.03283995157388999
7,152,7.0944250628349135e-06,4.3763636096063565e-11,7.0943812991988175e-06,0.0012518798441639792,13.860229071192624,13.86022498980606,0.031708671318382974,0.03283995157388999
7,153,7.0944250628349135e-06,4.3763636096063565e-11,7.0943812991988175e-06,0.0012518798441639792,13.860229071192624,13.86022498980606,0.031708671318382974,0.03283995157388999
7,154,7.0944250628349135e-06,4.3763636096063565e-11,7.0943812991988175e-06,0.0012518798441639792,13.860229071192624,13.86022498980606,0.031708671318382974,0.03283995157388999
7,155,7.0944250628349135e-06,4.3763636096063565e-11,7.0943812991988175e-06,0.0012518798441639792,13.860229071192624,13.86022498980606,0.031708671318382974,0.03283995157388999
7,156,7.0944250628349135e-06,4.3763636096063565e-11,7.0943812991988175e-06,0.0012518798441639792,13.860229071192624,13.86022498980606,0.031708671318382974,0.03283995157388999
7,157,7.0944250628349135e-06,4.3763636096063565e-11,7.0943812991988175e-06,0.0012518798441639792,13.860229071192624,13.86022498980606,0.031708671318382974,0.03283995157388999
7,158,7.0944250628349135e-06,4.3763636096063565e-11,7.0943812991988175e-06,0.0012518798441639792,13.860229071192624,13.86022498980606,0.031708671318382974,0.03283995157388999
7,159,7.0944250628349135e-06,4.3763636096063565e-11,7.0943812991988175e-06,0.0012518798441639792,13.860229071192624,13.86022498980606,0.031708671318382974,0.03283995157388999
7,160,7.0944250628349135e-06,4.3763636096063565e-11,7.0943812991988175e-06,0.0012518798441639792,13.860229071192624,13.86022498980606,0.031708671318382974,0.03283995157388999
7,161,7.0944250628349135e-06,4.3763636096063565e-11,7.0943812991988175e-06,0.0012518798441639792,13.860229071192624,13.86022498980606,0.031708671318382974,0.03283995157388999
7,162,7.0944250628349135e-06,4.3763636096063565e-11,7.0943812991988175e-06,0.0012518798441639792,13.860229071192624,13.86022498980606,0.031708671318382974,0.03283995157388999
7,163,7.0944250628349135e-06,4.3763636096063565e-11,7.0943812991988175e-06,0.0012518798441639792,13.860229071192624,13.86022498980606,0.031708671318382974,0.03283995157388999
7,164,7.0944250628349135e-06,4.3763636096063565e-11,7.0943812991988175e-06,0.0012518798441639792,13.860229071192624,13.86022498980606,0.031708671318382974,0.03283995157388999
7,165,7.0944250628349135e-06,4.3763636096063565e-11,7.0943812991988175e-06,0.0012518798441639792,13.860229071192624,13.86022498980606,0.031708671318382974,0.03283995157388999
7,166,7.0944250628349135e-06,4.3763636096063565e-11,7.0943812991988175e-06,0.0012518798441639792,13.860229071192624,13.86022498980606,0.031708671318382974,0.03283995157388999
7,167,7.0944250628349135e-06,4.3763636096063565e-11,7.0943812991988175e-06,0.0012518798441639792,13.860229071192624,13.86022498980606,0.031708671318382974,0.03283995157388999
7,168,7.0944250628349135e-06,4.3763636096063565e-11,7.0943812991988175e-06,0.0012518798441639792,13.860229071192624,13.86022498980606,0.031708671318382974,0.03283995157388999
7,169,7.0944250628349135e-06,4.3763636096063565e-11,7.0943812991988175e-06,0.0012518798441639792,13.860229071192624,13.86022498980606,0.031708671318382974,0.03283995157388999
7,170,7.0944250628349135e-06,4.3763636096063565e-11,7.0943812991988175e-06,0.0012518798441639792,13.860229071192624,13.86022498980606,0.031708671318382974,0.03283995157388999
7,171,7.0944250628349135e-06,4.3763636096063565e-11,7.0943812991988175e-06,0.0012518798441639792,13.860229071192624,13.86022498980606,0.031708671318382974,0.03283995157388999
7,172,7.0944250628349135e-06,4.3763636096063565e-11,7.0943812991988175e-06,0.0012518798441639792,13.860229071192624,13.86022498980606,0.031708671318382974,0.03283995157388999
7,173,7.0944250628349135e-06,4.3763636096063565e-11,7.0943812991988175e-06,0.0012518798441639792,13.860229071192624,13.86022498980606,0.031708671318382974,0.03283995157388999
7,174,7.0944250628349135e-06,4.3763636096063565e-11,7.0943812991988175e-06,0.0012518798441639792,13.860229071192624,13.86022498980606,0.031708671318382974,0.03283995157388999
7,175,7.0944250628349135e-06,4.3763636096063565e-11,7.0943812991988175e-06,0.0012518798441639792,13.860229071192624,13.86022498980606,0.031708671318382974,0.03283995157388999
7,176,7.0944250628349135e-06,4.3763636096063565e-11,7.0943812991988175e-06,0.0012518798441639792,13.860229071192624,13.86022498980606,0.031708671318382974,0.03283995157388999
7,177,7.0944250628349135e-06,4.3763636096063565e-11,7.0943812991988175e-06,0.0012518798441639792,13.860229071192624,13.86022498980606,0.031708671318382974,0.03283995157388999
7,178,7.0944250628349135e-06,4.3763636096063565e-11,7.0943812991988175e-06,0.0012518798441639792,13.860229071192624,13.86022498980606,0.031708671318382974,0.03283995157388999
7,179,7.0944250628349135e-06,4.3763636096063565e-11,7.0943812991988175e-06,0.0012518798441639792,13.860229071192624,13.86022498980606,0.031708671318382974,0.03283995157388999
7,180,7.0944250628349135e-06,4.3763636096063565e-11,7.0943812991988175e-06,0.0012518798441639792,13.860229071192624,13.86022498980606,0.031708671318382974,0.03283995157388999
7,181,7.0944250628349135e-06,4.3763636096063565e-11,7.0943812991988175e-06,0.0012518798441639792,13.860229071192624,13.86022498980606,0.031708671318382974,0.03283995157388999
7,182,7.0944250628349135e-06,4.3763636096063565e-11,7.0943812991988175e-06,0.0012518798441639792,13.860229071192624,13.86022498980606,0.031708671318382974,0.03283995157388999
7,183,7.0944250628349135e-06,4.3763636096063565e-11,7.0943812991988175e-06,0.0012518798441639792,13.860229071192624,13.86022498980606,0.031708671318382974,0.03283995157388999
7,184,7.0944250628349135e-06,4.3763636096063565e-11,7.0943812991988175e-06,0.0012518798441639792,13.860229071192624,13.86022498980606,0.031708671318382974,0.03283995157388999
7,185,7.0944250628349135e-06,4.3763636096063565e-11,7.0943812991988175e-06,0.0012518798441639792,13.860229071192624,13.86022498980606,0.031708671318382974,0.03283995157388999
7,186,7.0944250628349135e-06,4.3763636096063565e-11,7.0943812991988175e-06,0.0012518798441639792,13.860229071192624,13.86022498980606,0.031708671318382974,0.03283995157388999
7,187,7.0944250628349135e-06,4.3763636096063565e-11,7.0943812991988175e-06,0.0012518798441639792,13.860229071192624,13.86022498980606,0.031708671318382974,0.03283995157388999
7,188,7.0944250628349135e-06,4.3763636096063565e-11,7.0943812991988175e-06,0.0012518798441639792,13.860229071192624,13.86022498980606,0.031708671318382974,0.03283995157388999
7,189,7.0944250628349135e-06,4.3763636096063565e-11,7.0943812991988175e-06,0.0012518798441639792,13.860229071192624,13.86022498980606,0.031708671318382974,0.03283995157388999
7,190,7.0944250628349135e-06,4.3763636096063565e-11,7.0943812991988175e-06,0.0012518798441639792,13.860229071192624,13.86022498980606,0.031708671318382974,0.03283995157388999
7,191,7.0944250628349135e-06,4.3763636096063565e-11,7.0943812991988175e-06,0.0012518798441639792,13.860229071192624,13.86022498980606,0.031708671318382974,0.03283995157388999
7,192,7.0944250628349135e-06,4.3763636096063565e-11,7.0943812991988175e-06,0.0012518798441639792,13.860229071192624,13.86022498980606,0.031708671318382974,0.03283995157388999
7,193,7.0944250628349135e-06,4.3763636096063565e-11,7.0943812991988175e-06,0.0012518798441639792,13.860229071192624,13.86022498980606,0.031708671318382974,0.03283995157388999
7,194,7.0944250628349135e-06,4.3763636096063565e-11,7.0943812991988175e-06,0.0012518798441639792,13.860229071192624,13.86022498980606,0.031708671318382974,0.03283995157388999
7,195,7.0944250628349135e-06,4.3763636096063565e-11,7.0943812991988175e-06,0.0012518798441639792,13.860229071192624,13.86022498980606,0.031708671318382974,0.03283995157388999
7,196,7.0944250628349135e-06,4.3763636096063565e-11,7.0943812991988175e-06,0.0012518798441639792,13.860229071192624,13.86022498980606,0.031708671318382974,0.03283995157388999
7,197,7.0944250628349135e-06,4.3763636096063565e-11,7.0943812991988175e-06,0.0012518798441639792,13.860229071192624,13.86022498980606,0.031708671318382974,0.03283995157388999
7,198,7.0944250628349135e-06,4.3763636096063565e-11,7.0943812991988175e-06,0.0012518798441639792,13.860229071192624,13.86022498980606,0.031708671318382974,0.03283995157388999
7,199,7.0944250628349135e-06,4.3763636096063565e-11,7.0943812991988175e-06,0.0012518798441639792,13.860229071192624,13.86022498980606,0.031708671318382974,0.03283995157388999
7,200,7.0944250628349135e-06,4.3763636096063565e-11,7.0943812991988175e-06,0.0012518798441639792,13.860229071192624,13.86022498980606,0.031708671318382974,0.03283995157388999
7,201,7.0944250628349135e-06,4.3763636096063565e-11,7.0943812991988175e-06,0.0012518798441639792,13.860229071192624,13.86022498980606,0.031708671318382974,0.03283995157388999
7,202,7.0944250628349135e-06,4.3763636096063565e-11,7.0943812991988175e-06,0.0012518798441639792,13.860229071192624,13.86022498980606,0.031708671318382974,0.03283995157388999
7,203,7.0944250628349135e-06,4.3763636096063565e-11,7.0943812991988175e-06,0.0012518798441639792,13.860229071192624,13.86022498980606,0.031708671318382974,0.03283995157388999
7,204,7.0944250628349135e-06,4.3763636096063565e-11,7.0943812991988175e-06,0.0012518798441639792,13.860229071192624,13.86022498980606,0.031708671318382974,0.03283995157388999
7,205,7.0944250628349135e-06,4.3763636096063565e-11,7.0943812991988175e-06,0.0012518798441639792,13.860229071192624,13.86022498980606,0.031708671318382974,0.03283995157388999
7,206,7.0944250628349135e-06,4.3763636096063565e-11,7.0943812991988175e-06,0.0012518798441639792,13.860229071192624,13.86022498980606,0.031708671318382974,0.03283995157388999
7,207,7.0944250628349135e-06,4.3763636096063565e-11,7.0943812991988175e-06,0.0012518798441639792,13.860229071192624,13.86022498980606,0.031708671318382974,0.03283995157388999
7,208,7.0944250628349135e-06,4.3763636096063565e-11,7.0943812991988175e-06,0.0012518798441639792,13.860229071192624,13.86022498980606,0.031708671318382974,0.03283995157388999
7,209,7.0944250628349135e-06,4.3763636096063565e-11,7.0943812991988175e-06,0.0012518798441639792,13.860229071192624,13.86022498980606,0.031708671318382974,0.03283995157388999
7,210,7.0944250628349135e-06,4.3763636096063565e-11,7.0943812991988175e-06,0.0012518798441639792,13.860229071192624,13.86022498980606,0.031708671318382974,0.03283995157388999
7,211,7.0944250628349135e-06,4.3763636096063565e-11,7.0943812991988175e-06,0.0012518798441639792,13.860229071192624,13.86022498980606,0.031708671318382974,0.03283995157388999
7,212,7.0944250628349135e-06,4.3763636096063565e-11,7.0943812991988175e-06,0.0012518798441639792,13.860229071192624,13.86022498980606,0.031708671318382974,0.03283995157388999
7,213,7.0944250628349135e-06,4.3763636096063565e-11,7.0943812991988175e-06,0.0012518798441639792,13.860229071192624,13.86022498980606,0.031708671318382974,0.03283995157388999
7,214,7.0944250628349135e-06,4.3763636096063565e-11,7.0943812991988175e-06,0.0012518798441639792,13.860229071192624,13.86022498980606,0.031708671318382974,0.03283995157388999
7,215,7.0944250628349135e-06,4.3763636096063565e-11,7.0943812991988175e-06,0.0012518798441639792,13.860229071192624,13.86022498980606,0.031708671318382974,0.03283995157388999
7,216,7.0944250628349135e-06,4.3763636096063565e-11,7.0943812991988175e-06,0.0012518798441639792,13.860229071192624,13.86022498980606,0.031708671318382974,0.03283995157388999
7,217,7.0944250628349135e-06,4.3763636096063565e-11,7.0943812991988175e-06,0.0012518798441639792,13.860229071192624,13.86022498980606,0.031708671318382974,0.03283995157388999
7,218,7.0944250628349135e-06,4.3763636096063565e-11,7.0943812991988175e-06,0.0012518798441639792,13.860229071192624,13.86022498980606,0.031708671318382974,0.03283995157388999
7,219,7.0944250628349135e-06,4.3763636096063565e-11,7.0943812991988175e-06,0.0012518798441639792,13.860229071192624,13.86022498980606,0.031708671318382974,0.03283995157388999
7,220,7.0944250628349135e-06,4.3763636096063565e-11,7.0943812991988175e-06,0.0012518798441639792,13.860229071192624,13.86022498980606,0.031708671318382974,0.03283995157388999
7,221,7.0944250628349135e-06,4.3763636096063565e-11,7.0943812991988175e-06,0.0012518798441639792,13.860229071192624,13.86022498980606,0.031708671318382974,0.03283995157388999
7,222,7.0944250628349135e-06,4.3763636096063565e-11,7.0943812991988175e-06,0.0012518798441639792,13.860229071192624,13.86022498980606,0.031708671318382974,0.03283995157388999
7,223,7.0944250628349135e-06,4.3763636096063565e-11,7.0943812991988175e-06,0.0012518798441639792,13.860229071192624,13.86022498980606,0.031708671318382974,0.03283995157388999
7,224,7.0944250628349135e-06,4.3763636096063565e-11,7.0943812991988175e-06,0.0012518798441639792,13.860229071192624,13.86022498980606,0.031708671318382974,0.03283995157388999
7,225,7.0944250628349135e-06,4.3763636096063565e-11,7.0943812991988175e-06,0.0012518798441639792,13.860229071192624,13.86022498980606,0.031708671318382974,0.03283995157388999
7,226,7.0944250628349135e-06,4.3763636096063565e-11,7.0943812991988175e-06,0.0012518798441639792,13.860229071192624,13.86022498980606,0.031708671318382974,0.03283995157388999
7,227,7.0944250628349135e-06,4.3763636096063565e-11,7.0943812991988175e-06,0.0012518798441639792,13.860229071192624,13.86022498980606,0.031708671318382974,0.03283995157388999
7,228,7.0944250628349135e-06,4.3763636096063565e-11,7.0943812991988175e-06,0.0012518798441639792,13.860229071192624,13.86022498980606,0.031708671318382974,0.03283995157388999
7,229,7.0944250628349135e-06,4.3763636096063565e-11,7.0943812991988175e-06,0.0012518798441639792,13.860229071192624,13.86022498980606,0.031708671318382974,0.03283995157388999
7,230,7.0944250628349135e-06,4.3763636096063565e-11,7.0943812991988175e-06,0.0012518798441639792,13.860229071192624,13.86022498980606,0.031708671318382974,0.03283995157388999
7,231,7.0944250628349135e-06,4.3763636096063565e-11,7.0943812991988175e-06,0.0012518798441639792,13.860229071192624,13.86022498980606,0.031708671318382974,0.03283995157388999
7,232,7.0944250628349135e-06,4.3763636096063565e-11,7.0943812991988175e-06,0.0012518798441639792,13.860229071192624,13.86022498980606,0.031708671318382974,0.03283995157388999
7,233,7.0944250628349135e-06,4.3763636096063565e-11,7.0943812991988175e-06,0.0012518798441639792,13.860229071192624,13.86022498980606,0.031708671318382974,0.03283995157388999
7,234,7.0944250628349135e-06,4.3763636096063565e-11,7.0943812991988175e-06,0.0012518798441639792,13.860229071192624,13.86022498980606,0.031708671318382974,0.03283995157388999
7,235,7.0944250628349135e-06,4.3763636096063565e-11,7.0943812991988175e-06,0.0012518798441639792,13.860229071192624,13.86022498980606,0.031708671318382974,0.03283995157388999
7,236,7.0944250628349135e-06,4.3763636096063565e-11,7.0943812991988175e-06,0.0012518798441639792,13.860229071192624,13.86022498980606,0.031708671318382974,0.03283995157388999
7,237,7.0944250628349135e-06,4.3763636096063565e-11,7.0943812991988175e-06,0.0012518798441639792,13.860229071192624,13.86022498980606,0.031708671318382974,0.03283995157388999
7,238,7.0944250628349135e-06,4.3763636096063565e-11,7.0943812991988175e-06,0.0012518798441639792,13.860229071192624,13.86022498980606,0.031708671318382974,0.03283995157388999
7,239,7.0944250628349135e-06,4.3763636096063565e-11,7.0943812991988175e-06,0.0012518798441639792,13.860229071192624,13.86022498980606,0.031708671318382974,0.03283995157388999
7,240,7.0944250628349135e-06,4.3763636096063565e-11,7.0943812991988175e-06,0.0012518798441639792,13.860229071192624,13.86022498980606,0.031708671318382974,0.03283995157388999
7,241,7.0944250628349135e-06,4.3763636096063565e-11,7.0943812991988175e-06,0.0012518798441639792,13.860229071192624,13.86022498980606,0.031708671318382974,0.03283995157388999
7,242,7.0944250628349135e-06,4.3763636096063565e-11,7.0943812991988175e-06,0.0012518798441639792,13.860229071192624,13.86022498980606,0.031708671318382974,0.03283995157388999
7,243,7.0944250628349135e-06,4.3763636096063565e-11,7.0943812991988175e-06,0.0012518798441639792,13.860229071192624,13.86022498980606,0.031708671318382974,0.03283995157388999
7,244,7.0944250628349135e-06,4.3763636096063565e-11,7.0943812991988175e-06,0.0012518798441639792,13.860229071192624,13.86022498980606,0.031708671318382974,0.03283995157388999
7,245,7.0944250628349135e-06,4.3763636096063565e-11,7.0943812991988175e-06,0.0012518798441639792,13.860229071192624,13.86022498980606,0.031708671318382974,0.03283995157388999
7,246,7.0944250628349135e-06,4.3763636096063565e-11,7.0943812991988175e-06,0.0012518798441639792,13.860229071192624,13.86022498980606,0.031708671318382974,0.03283995157388999
7,247,7.0944250628349135e-06,4.3763636096063565e-11,7.0943812991988175e-06,0.0012518798441639792,13.860229071192624,13.86022498980606,0.031708671318382974,0.03283995157388999
7,248,7.0944250628349135e-06,4.3763636096063565e-11,7.0943812991988175e-06,0.0012518798441639792,13.860229071192624,13.86022498980606,0.031708671318382974,0.03283995157388999
7,249,7.0944250628349135e-06,4.3763636096063565e-11,7.0943812991988175e-06,0.0012518798441639792,13.860229071192624,13.86022498980606,0.031708671318382974,0.03283995157388999
7,250,7.0944250628349135e-06,4.3763636096063565e-11,7.0943812991988175e-06,0.0012518798441639792,13.860229071192624,13.86022498980606,0.031708671318382974,0.03283995157388999
7,251,7.0944250628349135e-06,4.3763636096063565e-11,7.0943812991988175e-06,0.0012518798441639792,13.860229071192624,13.86022498980606,0.031708671318382974,0.03283995157388999
7,252,7.0944250628349135e-06,4.3763636096063565e-11,7.0943812991988175e-06,0.0012518798441639792,13.860229071192624,13.86022498980606,0.031708671318382974,0.03283995157388999
7,253,7.0944250628349135e-06,4.3763636096063565e-11,7.0943812991988175e-06,0.0012518798441639792,13.860229071192624,13.86022498980606,0.031708671318382974,0.03283995157388999
7,254,7.0944250628349135e-06,4.3763636096063565e-11,7.0943812991988175e-06,0.0012518798441639792,13.860229071192624,13.86022498980606,0.031708671318382974,0.03283995157388999
7,255,7.0944250628349135e-06,4.3763636096063565e-11,7.0943812991988175e-06,0.0012518798441639792,13.860229071192624,13.86022498980606,0.031708671318382974,0.03283995157388999
7,256,7.0944250628349135e-06,4.3763636096063565e-11,7.0943812991988175e-06,0.0012518798441639792,13.860229071192624,13.86022498980606,0.031708671318382974,0.03283995157388999
7,257,7.0944250628349135e-06,4.3763636096063565e-11,7.0943812991988175e-06,0.0012518798441639792,13.860229071192624,13.86022498980606,0.031708671318382974,0.03283995157388999
7,258,7.0944250628349135e-06,4.3763636096063565e-11,7.0943812991988175e-06,0.0012518798441639792,13.860229071192624,13.86022498980606,0.031708671318382974,0.03283995157388999
7,259,7.0944250628349135e-06,4.3763636096063565e-11,7.0943812991988175e-06,0.0012518798441639792,13.860229071192624,13.86022498980606,0.031708671318382974,0.03283995157388999
7,260,7.0944250628349135e-06,4.3763636096063565e-11,7.0943812991988175e-06,0.0012518798441639792,13.860229071192624,13.86022498980606,0.031708671318382974,0.03283995157388999
7,261,7.0944250628349135e-06,4.3763636096063565e-11,7.0943812991988175e-06,0.0012518798441639792,13.860229071192624,13.86022498980606,0.031708671318382974,0.03283995157388999
7,262,7.0944250628349135e-06,4.3763636096063565e-11,7.0943812991988175e-06,0.0012518798441639792,13.860229071192624,13.86022498980606,0.031708671318382974,0.03283995157388999
7,263,7.0944250628349135e-06,4.3763636096063565e-11,7.0943812991988175e-06,0.0012518798441639792,13.860229071192624,13.86022498980606,0.031708671318382974,0.03283995157388999
7,264,7.0944250628349135e-06,4.3763636096063565e-11,7.0943812991988175e-06,0.0012518798441639792,13.860229071192624,13.86022498980606,0.031708671318382974,0.03283995157388999
7,265,7.0944250628349135e-06,4.3763636096063565e-11,7.0943812991988175e-06,0.0012518798441639792,13.860229071192624,13.86022498980606,0.031708671318382974,0.03283995157388999
7,266,7.0944250628349135e-06,4.3763636096063565e-11,7.0943812991988175e-06,0.0012518798441639792,13.860229071192624,13.86022498980606,0.031708671318382974,0.03283995157388999
7,267,7.0944250628349135e-06,4.3763636096063565e-11,7.0943812991988175e-06,0.0012518798441639792,13.860229071192624,13.86022498980606,0.031708671318382974,0.03283995157388999
7,268,7.0944250628349135e-06,4.3763636096063565e-11,7.0943812991988175e-06,0.0012518798441639792,13.860229071192624,13.86022498980606,0.031708671318382974,0.03283995157388999
7,269,7.0944250628349135e-06,4.3763636096063565e-11,7.0943812991988175e-06,0.0012518798441639792,13.860229071192624,13.86022498980606,0.031708671318382974,0.03283995157388999
7,270,7.0944250628349135e-06,4.3763636096063565e-11,7.0943812991988175e-06,0.0012518798441639792,13.860229071192624,13.86022498980606,0.031708671318382974,0.03283995157388999
7,271,7.0944250628349135e-06,4.3763636096063565e-11,7.0943812991988175e-06,0.0012518798441639792,13.860229071192624,13.86022498980606,0.031708671318382974,0.03283995157388999
7,272,7.0944250628349135e-06,4.3763636096063565e-11,7.0943812991988175e-06,0.0012518798441639792,13.860229071192624,13.86022498980606,0.031708671318382974,0.03283995157388999
7,273,7.0944250628349135e-06,4.3763636096063565e-11,7.0943812991988175e-06,0.0012518798441639792,13.860229071192624,13.86022498980606,0.031708671318382974,0.03283995157388999
7,274,7.0944250628349135e-06,4.3763636096063565e-11,7.0943812991988175e-06,0.0012518798441639792,13.860229071192624,13.86022498980606,0.031708671318382974,0.03283995157388999
7,275,7.0944250628349135e-06,4.3763636096063565e-11,7.0943812991988175e-06,0.0012518798441639792,13.860229071192624,13.86022498980606,0.031708671318382974,0.03283995157388999
7,276,7.0944250628349135e-06,4.3763636096063565e-11,7.0943812991988175e-06,0.0012518798441639792,13.860229071192624,13.86022498980606,0.031708671318382974,0.03283995157388999
7,277,7.0944250628349135e-06,4.3763636096063565e-11,7.0943812991988175e-06,0.0012518798441639792,13.860229071192624,13.86022498980606,0.031708671318382974,0.03283995157388999
7,278,7.0944250628349135e-06,4.3763636096063565e-11,7.0943812991988175e-06,0.0012518798441639792,13.860229071192624,13.86022498980606,0.031708671318382974,0.03283995157388999
7,279,7.0944250628349135e-06,4.3763636096063565e-11,7.0943812991988175e-06,0.0012518798441639792,13.860229071192624,13.86022498980606,0.031708671318382974,0.03283995157388999
7,280,7.0944250628349135e-06,4.3763636096063565e-11,7.0943812991988175e-06,0.0012518798441639792,13.860229071192624,13.86022498980606,0.031708671318382974,0.03283995157388999
7,281,7.0944250628349135e-06,4.3763636096063565e-11,7.0943812991988175e-06,0.0012518798441639792,13.860229071192624,13.86022498980606,0.031708671318382974,0.03283995157388999
7,282,7.0944250628349135e-06,4.3763636096063565e-11,7.0943812991988175e-06,0.0012518798441639792,13.860229071192624,13.86022498980606,0.031708671318382974,0.03283995157388999
7,283,7.0944250628349135e-06,4.3763636096063565e-11,7.0943812991988175e-06,0.0012518798441639792,13.860229071192624,13.86022498980606,0.031708671318382974,0.03283995157388999
7,284,7.0944250628349135e-06,4.3763636096063565e-11,7.0943812991988175e-06,0.0012518798441639792,13.860229071192624,13.86022498980606,0.031708671318382974,0.03283995157388999
7,285,7.0944250628349135e-06,4.3763636096063565e-11,7.0943812991988175e-06,0.0012518798441639792,13.860229071192624,13.86022498980606,0.031708671318382974,0.03283995157388999
7,286,7.0944250628349135e-06,4.3763636096063565e-11,7.0943812991988175e-06,0.0012518798441639792,13.860229071192624,13.86022498980606,0.031708671318382974,0.03283995157388999
7,287,7.0944250628349135e-06,4.3763636096063565e-11,7.0943812991988175e-06,0.0012518798441639792,13.860229071192624,13.86022498980606,0.031708671318382974,0.03283995157388999
7,288,7.0944250628349135e-06,4.3763636096063565e-11,7.0943812991988175e-06,0.0012518798441639792,13.860229071192624,13.86022498980606,0.031708671318382974,0.03283995157388999
7,289,7.0944250628349135e-06,4.3763636096063565e-11,7.0943812991988175e-06,0.0012518798441639792,13.860229071192624,13.86022498980606,0.031708671318382974,0.03283995157388999
7,290,7.0944250628349135e-06,4.3763636096063565e-11,7.0943812991988175e-06,0.0012518798441639792,13.860229071192624,13.86022498980606,0.031708671318382974,0.03283995157388999
7,291,7.0944250628349135e-06,4.3763636096063565e-11,7.0943812991988175e-06,0.0012518798441639792,13.860229071192624,13.86022498980606,0.031708671318382974,0.03283995157388999
7,292,7.0944250628349135e-06,4.3763636096063565e-11,7.0943812991988175e-06,0.0012518798441639792,13.860229071192624,13.86022498980606,0.031708671318382974,0.03283995157388999
7,293,7.0944250628349135e-06,4.3763636096063565e-11,7.0943812991988175e-06,0.0012518798441639792,13.860229071192624,13.86022498980606,0.031708671318382974,0.03283995157388999
7,294,7.0944250628349135e-06,4.3763636096063565e-11,7.0943812991988175e-06,0.0012518798441639792,13.860229071192624,13.86022498980606,0.031708671318382974,0.03283995157388999
7,295,7.0944250628349135e-06,4.3763636096063565e-11,7.0943812991988175e-06,0.0012518798441639792,13.860229071192624,13.86022498980606,0.031708671318382974,0.03283995157388999
7,296,7.0944250628349135e-06,4.3763636096063565e-11,7.0943812991988175e-06,0.0012518798441639792,13.860229071192624,13.86022498980606,0.031708671318382974,0.03283995157388999
7,297,7.0944250628349135e-06,4.3763636096063565e-11,7.0943812991988175e-06,0.0012518798441639792,13.860229071192624,13.86022498980606,0.031708671318382974,0.03283995157388999
7,298,7.0944250628349135e-06,4.3763636096063565e-11,7.0943812991988175e-06,0.0012518798441639792,13.860229071192624,13.86022498980606,0.031708671318382974,0.03283995157388999
7,299,7.0944250628349135e-06,4.3763636096063565e-11,7.0943812991988175e-06,0.0012518798441639792,13.860229071192624,13.86022498980606,0.031708671318382974,0.03283995157388999
7,300,7.0944250628349135e-06,4.3763636096063565e-11,7.0943812991988175e-06,0.0012518798441639792,13.860229071192624,13.86022498980606,0.031708671318382974,0.03283995157388999
7,301,7.0944250628349135e-06,4.3763636096063565e-11,7.0943812991988175e-06,0.0012518798441639792,13.860229071192624,13.86022498980606,0.031708671318382974,0.03283995157388999
7,302,7.0944250628349135e-06,4.3763636096063565e-11,7.0943812991988175e-06,0.0012518798441639792,13.860229071192624,13.86022498980606,0.031708671318382974,0.03283995157388999
7,303,7.0944250628349135e-06,4.3763636096063565e-11,7.0943812991988175e-06,0.0012518798441639792,13.860229071192624,13.86022498980606,0.031708671318382974,0.03283995157388999
7,304,7.0944250628349135e-06,4.3763636096063565e-11,7.0943812991988175e-06,0.0012518798441639792,13.860229071192624,13.86022498980606,0.031708671318382974,0.03283995157388999
7,305,7.0944250628349135e-06,4.3763636096063565e-11,7.0943812991988175e-06,0.0012518798441639792,13.860229071192624,13.86022498980606,0.031708671318382974,0.03283995157388999
7,306,7.0944250628349135e-06,4.3763636096063565e-11,7.0943812991988175e-06,0.0012518798441639792,13.860229071192624,13.86022498980606,0.031708671318382974,0.03283995157388999
7,307,7.0944250628349135e-06,4.3763636096063565e-11,7.0943812991988175e-06,0.0012518798441639792,13.860229071192624,13.86022498980606,0.031708671318382974,0.03283995157388999
7,308,7.0944250628349135e-06,4.3763636096063565e-11,7.0943812991988175e-06,0.0012518798441639792,13.860229071192624,13.86022498980606,0.031708671318382974,0.03283995157388999
7,309,7.0944250628349135e-06,4.3763636096063565e-11,7.0943812991988175e-06,0.0012518798441639792,13.860229071192624,13.86022498980606,0.031708671318382974,0.03283995157388999
7,310,7.0944250628349135e-06,4.3763636096063565e-11,7.0943812991988175e-06,0.0012518798441639792,13.860229071192624,13.86022498980606,0.031708671318382974,0.03283995157388999
7,311,7.0944250628349135e-06,4.3763636096063565e-11,7.0943812991988175e-06,0.0012518798441639792,13.860229071192624,13.86022498980606,0.031708671318382974,0.03283995157388999
7,312,7.0944250628349135e-06,4.3763636096063565e-11,7.0943812991988175e-06,0.0012518798441639792,13.860229071192624,13.86022498980606,0.031708671318382974,0.03283995157388999
7,313,7.0944250628349135e-06,4.3763636096063565e-11,7.0943812991988175e-06,0.0012518798441639792,13.860229071192624,13.86022498980606,0.031708671318382974,0.03283995157388999
7,314,7.0944250628349135e-06,4.3763636096063565e-11,7.0943812991988175e-06,0.0012518798441639792,13.860229071192624,13.86022498980606,0.031708671318382974,0.03283995157388999
7,315,7.0944250628349135e-06,4.3763636096063565e-11,7.0943812991988175e-06,0.0012518798441639792,13.860229071192624,13.86022498980606,0.031708671318382974,0.03283995157388999
7,316,7.0944250628349135e-06,4.3763636096063565e-11,7.0943812991988175e-06,0.0012518798441639792,13.860229071192624,13.86022498980606,0.031708671318382974,0.03283995157388999
7,317,7.0944250628349135e-06,4.3763636096063565e-11,7.0943812991988175e-06,0.0012518798441639792,13.860229071192624,13.86022498980606,0.031708671318382974,0.03283995157388999
7,318,7.0944250628349135e-06,4.3763636096063565e-11,7.0943812991988175e-06,0.0012518798441639792,13.860229071192624,13.86022498980606,0.031708671318382974,0.03283995157388999
7,319,7.0944250628349135e-06,4.3763636096063565e-11,7.0943812991988175e-06,0.0012518798441639792,13.860229071192624,13.86022498980606,0.031708671318382974,0.03283995157388999
7,320,7.0944250628349135e-06,4.3763636096063565e-11,7.0943812991988175e-06,0.0012518798441639792,13.860229071192624,13.86022498980606,0.031708671318382974,0.03283995157388999
7,321,7.0944250628349135e-06,4.3763636096063565e-11,7.0943812991988175e-06,0.0012518798441639792,13.860229071192624,13.86022498980606,0.031708671318382974,0.03283995157388999
7,322,7.0944250628349135e-06,4.3763636096063565e-11,7.0943812991988175e-06,0.0012518798441639792,13.860229071192624,13.86022498980606,0.031708671318382974,0.03283995157388999
7,323,7.0944250628349135e-06,4.3763636096063565e-11,7.0943812991988175e-06,0.0012518798441639792,13.860229071192624,13.86022498980606,0.031708671318382974,0.03283995157388999
7,324,7.0944250628349135e-06,4.3763636096063565e-11,7.0943812991988175e-06,0.0012518798441639792,13.860229071192624,13.86022498980606,0.031708671318382974,0.03283995157388999
7,325,7.0944250628349135e-06,4.3763636096063565e-11,7.0943812991988175e-06,0.0012518798441639792,13.860229071192624,13.86022498980606,0.031708671318382974,0.03283995157388999
7,326,7.0944250628349135e-06,4.3763636096063565e-11,7.0943812991988175e-06,0.0012518798441639792,13.860229071192624,13.86022498980606,0.031708671318382974,0.03283995157388999
7,327,7.0944250628349135e-06,4.3763636096063565e-11,7.0943812991988175e-06,0.0012518798441639792,13.860229071192624,13.86022498980606,0.031708671318382974,0.03283995157388999
7,328,7.0944250628349135e-06,4.3763636096063565e-11,7.0943812991988175e-06,0.0012518798441639792,13.860229071192624,13.86022498980606,0.031708671318382974,0.03283995157388999
7,329,7.0944250628349135e-06,4.3763636096063565e-11,7.0943812991988175e-06,0.0012518798441639792,13.860229071192624,13.86022498980606,0.031708671318382974,0.03283995157388999
7,330,7.0944250628349135e-06,4.3763636096063565e-11,7.0943812991988175e-06,0.0012518798441639792,13.860229071192624,13.86022498980606,0.031708671318382974,0.03283995157388999
7,331,7.0944250628349135e-06,4.3763636096063565e-11,7.0943812991988175e-06,0.0012518798441639792,13.860229071192624,13.86022498980606,0.031708671318382974,0.03283995157388999
7,332,7.0944250628349135e-06,4.3763636096063565e-11,7.0943812991988175e-06,0.0012518798441639792,13.860229071192624,13.86022498980606,0.031708671318382974,0.03283995157388999
7,333,7.0944250628349135e-06,4.3763636096063565e-11,7.0943812991988175e-06,0.0012518798441639792,13.860229071192624,13.86022498980606,0.031708671318382974,0.03283995157388999
7,334,7.0944250628349135e-06,4.3763636096063565e-11,7.0943812991988175e-06,0.0012518798441639792,13.860229071192624,13.86022498980606,0.031708671318382974,0.03283995157388999
7,335,7.0944250628349135e-06,4.3763636096063565e-11,7.0943812991988175e-06,0.0012518798441639792,13.860229071192624,13.86022498980606,0.031708671318382974,0.03283995157388999
7,336,7.0944250628349135e-06,4.3763636096063565e-11,7.0943812991988175e-06,0.0012518798441639792,13.860229071192624,13.86022498980606,0.031708671318382974,0.03283995157388999
7,337,7.0944250628349135e-06,4.3763636096063565e-11,7.0943812991988175e-06,0.0012518798441639792,13.860229071192624,13.86022498980606,0.031708671318382974,0.03283995157388999
7,338,7.0944250628349135e-06,4.3763636096063565e-11,7.0943812991988175e-06,0.0012518798441639792,13.860229071192624,13.86022498980606,0.031708671318382974,0.03283995157388999
7,339,7.0944250628349135e-06,4.3763636096063565e-11,7.0943812991988175e-06,0.0012518798441639792,13.860229071192624,13.86022498980606,0.031708671318382974,0.03283995157388999
7,340,7.0944250628349135e-06,4.3763636096063565e-11,7.0943812991988175e-06,0.0012518798441639792,13.860229071192624,13.86022498980606,0.031708671318382974,0.03283995157388999
7,341,7.0944250628349135e-06,4.3763636096063565e-11,7.0943812991988175e-06,0.0012518798441639792,13.860229071192624,13.86022498980606,0.031708671318382974,0.03283995157388999
7,342,7.0944250628349135e-06,4.3763636096063565e-11,7.0943812991988175e-06,0.0012518798441639792,13.860229071192624,13.86022498980606,0.031708671318382974,0.03283995157388999
7,343,7.0944250628349135e-06,4.3763636096063565e-11,7.0943812991988175e-06,0.0012518798441639792,13.860229071192624,13.86022498980606,0.031708671318382974,0.03283995157388999
7,344,7.0944250628349135e-06,4.3763636096063565e-11,7.0943812991988175e-06,0.0012518798441639792,13.860229071192624,13.86022498980606,0.031708671318382974,0.03283995157388999
7,345,7.0944250628349135e-06,4.3763636096063565e-11,7.0943812991988175e-06,0.0012518798441639792,13.860229071192624,13.86022498980606,0.031708671318382974,0.03283995157388999
7,346,7.0944250628349135e-06,4.3763636096063565e-11,7.0943812991988175e-06,0.0012518798441639792,13.860229071192624,13.86022498980606,0.031708671318382974,0.03283995157388999
7,347,7.0944250628349135e-06,4.3763636096063565e-11,7.0943812991988175e-06,0.0012518798441639792,13.860229071192624,13.86022498980606,0.031708671318382974,0.03283995157388999
7,348,7.0944250628349135e-06,4.3763636096063565e-11,7.0943812991988175e-06,0.0012518798441639792,13.860229071192624,13.86022498980606,0.031708671318382974,0.03283995157388999
7,349,7.0944250628349135e-06,4.3763636096063565e-11,7.0943812991988175e-06,0.0012518798441639792,13.860229071192624,13.86022498980606,0.031708671318382974,0.03283995157388999
7,350,7.0944250628349135e-06,4.3763636096063565e-11,7.0943812991988175e-06,0.0012518798441639792,13.860229071192624,13.86022498980606,0.031708671318382974,0.03283995157388999
7,351,7.0944250628349135e-06,4.3763636096063565e-11,7.0943812991988175e-06,0.0012518798441639792,13.860229071192624,13.86022498980606,0.031708671318382974,0.03283995157388999
7,352,7.0944250628349135e-06,4.3763636096063565e-11,7.0943812991988175e-06,0.0012518798441639792,13.860229071192624,13.86022498980606,0.031708671318382974,0.03283995157388999
7,353,7.0944250628349135e-06,4.3763636096063565e-11,7.0943812991988175e-06,0.0012518798441639792,13.860229071192624,13.86022498980606,0.031708671318382974,0.03283995157388999
7,354,7.0944250628349135e-06,4.3763636096063565e-11,7.0943812991988175e-06,0.0012518798441639792,13.860229071192624,13.86022498980606,0.031708671318382974,0.03283995157388999
7,355,7.0944250628349135e-06,4.3763636096063565e-11,7.0943812991988175e-06,0.0012518798441639792,13.860229071192624,13.86022498980606,0.031708671318382974,0.03283995157388999
7,356,7.0944250628349135e-06,4.3763636096063565e-11,7.0943812991988175e-06,0.0012518798441639792,13.860229071192624,13.86022498980606,0.031708671318382974,0.03283995157388999
7,357,7.0944250628349135e-06,4.3763636096063565e-11,7.0943812991988175e-06,0.0012518798441639792,13.860229071192624,13.86022498980606,0.031708671318382974,0.03283995157388999
7,358,7.0944250628349135e-06,4.3763636096063565e-11,7.0943812991988175e-06,0.0012518798441639792,13.860229071192624,13.86022498980606,0.031708671318382974,0.03283995157388999
7,359,7.0944250628349135e-06,4.3763636096063565e-11,7.0943812991988175e-06,0.0012518798441639792,13.860229071192624,13.86022498980606,0.031708671318382974,0.03283995157388999
7,360,7.0944250628349135e-06,4.3763636096063565e-11,7.0943812991988175e-06,0.0012518798441639792,13.860229071192624,13.86022498980606,0.031708671318382974,0.03283995157388999
7,361,7.0944250628349135e-06,4.3763636096063565e-11,7.0943812991988175e-06,0.0012518798441639792,13.860229071192624,13.86022498980606,0.031708671318382974,0.03283995157388999
7,362,7.0944250628349135e-06,4.3763636096063565e-11,7.0943812991988175e-06,0.0012518798441639792,13.860229071192624,13.86022498980606,0.031708671318382974,0.03283995157388999
7,363,7.0944250628349135e-06,4.3763636096063565e-11,7.0943812991988175e-06,0.0012518798441639792,13.860229071192624,13.86022498980606,0.031708671318382974,0.03283995157388999
7,364,7.0944250628349135e-06,4.3763636096063565e-11,7.0943812991988175e-06,0.0012518798441639792,13.860229071192624,13.86022498980606,0.031708671318382974,0.03283995157388999
7,365,7.0944250628349135e-06,4.3763636096063565e-11,7.0943812991988175e-06,0.0012518798441639792,13.860229071192624,13.86022498980606,0.031708671318382974,0.03283995157388999
7,366,7.0944250628349135e-06,4.3763636096063565e-11,7.0943812991988175e-06,0.0012518798441639792,13.860229071192624,13.86022498980606,0.031708671318382974,0.03283995157388999
7,367,7.0944250628349135e-06,4.3763636096063565e-11,7.0943812991988175e-06,0.0012518798441639792,13.860229071192624,13.86022498980606,0.031708671318382974,0.03283995157388999
7,368,7.0944250628349135e-06,4.3763636096063565e-11,7.0943812991988175e-06,0.0012518798441639792,13.860229071192624,13.86022498980606,0.031708671318382974,0.03283995157388999
7,369,7.0944250628349135e-06,4.3763636096063565e-11,7.0943812991988175e-06,0.0012518798441639792,13.860229071192624,13.86022498980606,0.031708671318382974,0.03283995157388999
7,370,7.0944250628349135e-06,4.3763636096063565e-11,7.0943812991988175e-06,0.0012518798441639792,13.860229071192624,13.86022498980606,0.031708671318382974,0.03283995157388999
7,371,7.0944250628349135e-06,4.3763636096063565e-11,7.0943812991988175e-06,0.0012518798441639792,13.860229071192624,13.86022498980606,0.031708671318382974,0.03283995157388999
7,372,7.0944250628349135e-06,4.3763636096063565e-11,7.0943812991988175e-06,0.0012518798441639792,13.860229071192624,13.86022498980606,0.031708671318382974,0.03283995157388999
7,373,7.0944250628349135e-06,4.3763636096063565e-11,7.0943812991988175e-06,0.0012518798441639792,13.860229071192624,13.86022498980606,0.031708671318382974,0.03283995157388999
7,374,7.0944250628349135e-06,4.3763636096063565e-11,7.0943812991988175e-06,0.0012518798441639792,13.860229071192624,13.86022498980606,0.031708671318382974,0.03283995157388999
7,375,7.0944250628349135e-06,4.3763636096063565e-11,7.0943812991988175e-06,0.0012518798441639792,13.860229071192624,13.86022498980606,0.031708671318382974,0.03283995157388999
7,376,7.0944250628349135e-06,4.3763636096063565e-11,7.0943812991988175e-06,0.0012518798441639792,13.860229071192624,13.86022498980606,0.031708671318382974,0.03283995157388999
7,377,7.0944250628349135e-06,4.3763636096063565e-11,7.0943812991988175e-06,0.0012518798441639792,13.860229071192624,13.86022498980606,0.031708671318382974,0.03283995157388999
7,378,7.0944250628349135e-06,4.3763636096063565e-11,7.0943812991988175e-06,0.0012518798441639792,13.860229071192624,13.86022498980606,0.031708671318382974,0.03283995157388999
7,379,7.0944250628349135e-06,4.3763636096063565e-11,7.0943812991988175e-06,0.0012518798441639792,13.860229071192624,13.86022498980606,0.031708671318382974,0.03283995157388999
7,380,7.0944250628349135e-06,4.3763636096063565e-11,7.0943812991988175e-06,0.0012518798441639792,13.860229071192624,13.86022498980606,0.031708671318382974,0.03283995157388999
7,381,7.0944250628349135e-06,4.3763636096063565e-11,7.0943812991988175e-06,0.0012518798441639792,13.860229071192624,13.86022498980606,0.031708671318382974,0.03283995157388999
7,382,7.0944250628349135e-06,4.3763636096063565e-11,7.0943812991988175e-06,0.0012518798441639792,13.860229071192624,13.86022498980606,0.031708671318382974,0.03283995157388999
7,383,7.0944250628349135e-06,4.3763636096063565e-11,7.0943812991988175e-06,0.0012518798441639792,13.860229071192624,13.86022498980606,0.031708671318382974,0.03283995157388999
7,384,7.0944250628349135e-06,4.3763636096063565e-11,7.0943812991988175e-06,0.0012518798441639792,13.860229071192624,13.86022498980606,0.031708671318382974,0.03283995157388999
7,385,7.0944250628349135e-06,4.3763636096063565e-11,7.0943812991988175e-06,0.0012518798441639792,13.860229071192624,13.86022498980606,0.031708671318382974,0.03283995157388999
7,386,7.0944250628349135e-06,4.3763636096063565e-11,7.0943812991988175e-06,0.0012518798441639792,13.860229071192624,13.86022498980606,0.031708671318382974,0.03283995157388999
7,387,7.0944250628349135e-06,4.3763636096063565e-11,7.0943812991988175e-06,0.0012518798441639792,13.860229071192624,13.86022498980606,0.031708671318382974,0.03283995157388999
7,388,7.0944250628349135e-06,4.3763636096063565e-11,7.0943812991988175e-06,0.0012518798441639792,13.860229071192624,13.86022498980606,0.031708671318382974,0.03283995157388999
7,389,7.0944250628349135e-06,4.3763636096063565e-11,7.0943812991988175e-06,0.0012518798441639792,13.860229071192624,13.86022498980606,0.031708671318382974,0.03283995157388999
7,390,7.0944250628349135e-06,4.3763636096063565e-11,7.0943812991988175e-06,0.0012518798441639792,13.860229071192624,13.86022498980606,0.031708671318382974,0.03283995157388999
7,391,7.0944250628349135e-06,4.3763636096063565e-11,7.0943812991988175e-06,0.0012518798441639792,13.860229071192624,13.86022498980606,0.031708671318382974,0.03283995157388999
7,392,7.0944250628349135e-06,4.3763636096063565e-11,7.0943812991988175e-06,0.0012518798441639792,13.860229071192624,13.86022498980606,0.031708671318382974,0.03283995157388999
7,393,7.0944250628349135e-06,4.3763636096063565e-11,7.0943812991988175e-06,0.0012518798441639792,13.860229071192624,13.86022498980606,0.031708671318382974,0.03283995157388999
7,394,7.0944250628349135e-06,4.3763636096063565e-11,7.0943812991988175e-06,0.0012518798441639792,13.860229071192624,13.86022498980606,0.031708671318382974,0.03283995157388999
7,395,7.0944250628349135e-06,4.3763636096063565e-11,7.0943812991988175e-06,0.0012518798441639792,13.860229071192624,13.86022498980606,0.031708671318382974,0.03283995157388999
7,396,7.0944250628349135e-06,4.3763636096063565e-11,7.0943812991988175e-06,0.0012518798441639792,13.860229071192624,13.86022498980606,0.031708671318382974,0.03283995157388999
7,397,7.0944250628349135e-06,4.3763636096063565e-11,7.0943812991988175e-06,0.0012518798441639792,13.860229071192624,13.86022498980606,0.031708671318382974,0.03283995157388999
7,398,7.0944250628349135e-06,4.3763636096063565e-11,7.0943812991988175e-06,0.0012518798441639792,13.860229071192624,13.86022498980606,0.031708671318382974,0.03283995157388999
7,399,7.0944250628349135e-06,4.3763636096063565e-11,7.0943812991988175e-06,0.0012518798441639792,13.860229071192624,13.86022498980606,0.031708671318382974,0.03283995157388999
7,400,7.0944250628349135e-06,4.3763636096063565e-11,7.0943812991988175e-06,0.0012518798441639792,13.860229071192624,13.86022498980606,0.031708671318382974,0.03283995157388999
7,401,7.0944250628349135e-06,4.3763636096063565e-11,7.0943812991988175e-06,0.0012518798441639792,13.860229071192624,13.86022498980606,0.031708671318382974,0.03283995157388999
7,402,7.0944250628349135e-06,4.3763636096063565e-11,7.0943812991988175e-06,0.0012518798441639792,13.860229071192624,13.86022498980606,0.031708671318382974,0.03283995157388999
7,403,7.0944250628349135e-06,4.3763636096063565e-11,7.0943812991988175e-06,0.0012518798441639792,13.860229071192624,13.86022498980606,0.031708671318382974,0.03283995157388999
7,404,7.0944250628349135e-06,4.3763636096063565e-11,7.0943812991988175e-06,0.0012518798441639792,13.860229071192624,13.86022498980606,0.031708671318382974,0.03283995157388999
7,405,7.0944250628349135e-06,4.3763636096063565e-11,7.0943812991988175e-06,0.0012518798441639792,13.860229071192624,13.86022498980606,0.031708671318382974,0.03283995157388999
7,406,7.0944250628349135e-06,4.3763636096063565e-11,7.0943812991988175e-06,0.0012518798441639792,13.860229071192624,13.86022498980606,0.031708671318382974,0.03283995157388999
7,407,7.0944250628349135e-06,4.3763636096063565e-11,7.0943812991988175e-06,0.0012518798441639792,13.860229071192624,13.86022498980606,0.031708671318382974,0.03283995157388999
7,408,7.0944250628349135e-06,4.3763636096063565e-11,7.0943812991988175e-06,0.0012518798441639792,13.860229071192624,13.86022498980606,0.031708671318382974,0.03283995157388999
7,409,7.0944250628349135e-06,4.3763636096063565e-11,7.0943812991988175e-06,0.0012518798441639792,13.860229071192624,13.86022498980606,0.031708671318382974,0.03283995157388999
7,410,7.0944250628349135e-06,4.3763636096063565e-11,7.0943812991988175e-06,0.0012518798441639792,13.860229071192624,13.86022498980606,0.031708671318382974,0.03283995157388999
7,411,7.0944250628349135e-06,4.3763636096063565e-11,7.0943812991988175e-06,0.0012518798441639792,13.860229071192624,13.86022498980606,0.031708671318382974,0.03283995157388999
7,412,7.0944250628349135e-06,4.3763636096063565e-11,7.0943812991988175e-06,0.0012518798441639792,13.860229071192624,13.86022498980606,0.031708671318382974,0.03283995157388999
7,413,7.0944250628349135e-06,4.3763636096063565e-11,7.0943812991988175e-06,0.0012518798441639792,13.860229071192624,13.86022498980606,0.031708671318382974,0.03283995157388999
7,414,7.0944250628349135e-06,4.3763636096063565e-11,7.0943812991988175e-06,0.0012518798441639792,13.860229071192624,13.86022498980606,0.031708671318382974,0.03283995157388999
7,415,7.0944250628349135e-06,4.3763636096063565e-11,7.0943812991988175e-06,0.0012518798441639792,13.860229071192624,13.86022498980606,0.031708671318382974,0.03283995157388999
7,416,7.0944250628349135e-06,4.3763636096063565e-11,7.0943812991988175e-06,0.0012518798441639792,13.860229071192624,13.86022498980606,0.031708671318382974,0.03283995157388999
7,417,7.0944250628349135e-06,4.3763636096063565e-11,7.0943812991988175e-06,0.0012518798441639792,13.860229071192624,13.86022498980606,0.031708671318382974,0.03283995157388999
7,418,7.0944250628349135e-06,4.3763636096063565e-11,7.0943812991988175e-06,0.0012518798441639792,13.860229071192624,13.86022498980606,0.031708671318382974,0.03283995157388999
7,419,7.0944250628349135e-06,4.3763636096063565e-11,7.0943812991988175e-06,0.0012518798441639792,13.860229071192624,13.86022498980606,0.031708671318382974,0.03283995157388999
7,420,7.0944250628349135e-06,4.3763636096063565e-11,7.0943812991988175e-06,0.0012518798441639792,13.860229071192624,13.86022498980606,0.031708671318382974,0.03283995157388999
7,421,7.0944250628349135e-06,4.3763636096063565e-11,7.0943812991988175e-06,0.0012518798441639792,13.860229071192624,13.86022498980606,0.031708671318382974,0.03283995157388999
7,422,7.0944250628349135e-06,4.3763636096063565e-11,7.0943812991988175e-06,0.0012518798441639792,13.860229071192624,13.86022498980606,0.031708671318382974,0.03283995157388999
7,423,7.0944250628349135e-06,4.3763636096063565e-11,7.0943812991988175e-06,0.0012518798441639792,13.860229071192624,13.86022498980606,0.031708671318382974,0.03283995157388999
7,424,7.0944250628349135e-06,4.3763636096063565e-11,7.0943812991988175e-06,0.0012518798441639792,13.860229071192624,13.86022498980606,0.031708671318382974,0.03283995157388999
7,425,7.0944250628349135e-06,4.3763636096063565e-11,7.0943812991988175e-06,0.0012518798441639792,13.860229071192624,13.86022498980606,0.031708671318382974,0.03283995157388999
7,426,7.0944250628349135e-06,4.3763636096063565e-11,7.0943812991988175e-06,0.0012518798441639792,13.860229071192624,13.86022498980606,0.031708671318382974,0.03283995157388999
7,427,7.0944250628349135e-06,4.3763636096063565e-11,7.0943812991988175e-06,0.0012518798441639792,13.860229071192624,13.86022498980606,0.031708671318382974,0.03283995157388999
7,428,7.0944250628349135e-06,4.3763636096063565e-11,7.0943812991988175e-06,0.0012518798441639792,13.860229071192624,13.86022498980606,0.031708671318382974,0.03283995157388999
7,429,7.0944250628349135e-06,4.3763636096063565e-11,7.0943812991988175e-06,0.0012518798441639792,13.860229071192624,13.86022498980606,0.031708671318382974,0.03283995157388999
7,430,7.0944250628349135e-06,4.3763636096063565e-11,7.0943812991988175e-06,0.0012518798441639792,13.860229071192624,13.86022498980606,0.031708671318382974,0.03283995157388999
7,431,7.0944250628349135e-06,4.3763636096063565e-11,7.0943812991988175e-06,0.0012518798441639792,13.860229071192624,13.86022498980606,0.031708671318382974,0.03283995157388999
7,432,7.0944250628349135e-06,4.3763636096063565e-11,7.0943812991988175e-06,0.0012518798441639792,13.860229071192624,13.86022498980606,0.031708671318382974,0.03283995157388999
7,433,7.0944250628349135e-06,4.3763636096063565e-11,7.0943812991988175e-06,0.0012518798441639792,13.860229071192624,13.86022498980606,0.031708671318382974,0.03283995157388999
7,434,7.0944250628349135e-06,4.3763636096063565e-11,7.0943812991988175e-06,0.0012518798441639792,13.860229071192624,13.86022498980606,0.031708671318382974,0.03283995157388999
7,435,7.0944250628349135e-06,4.3763636096063565e-11,7.0943812991988175e-06,0.0012518798441639792,13.860229071192624,13.86022498980606,0.031708671318382974,0.03283995157388999
7,436,7.0944250628349135e-06,4.3763636096063565e-11,7.0943812991988175e-06,0.0012518798441639792,13.860229071192624,13.86022498980606,0.031708671318382974,0.03283995157388999
7,437,7.0944250628349135e-06,4.3763636096063565e-11,7.0943812991988175e-06,0.0012518798441639792,13.860229071192624,13.86022498980606,0.031708671318382974,0.03283995157388999
7,438,7.0944250628349135e-06,4.3763636096063565e-11,7.0943812991988175e-06,0.0012518798441639792,13.860229071192624,13.86022498980606,0.031708671318382974,0.03283995157388999
7,439,7.0944250628349135e-06,4.3763636096063565e-11,7.0943812991988175e-06,0.0012518798441639792,13.860229071192624,13.86022498980606,0.031708671318382974,0.03283995157388999
7,440,7.0944250628349135e-06,4.3763636096063565e-11,7.0943812991988175e-06,0.0012518798441639792,13.860229071192624,13.86022498980606,0.031708671318382974,0.03283995157388999
7,441,7.0944250628349135e-06,4.3763636096063565e-11,7.0943812991988175e-06,0.0012518798441639792,13.860229071192624,13.86022498980606,0.031708671318382974,0.03283995157388999
7,442,7.0944250628349135e-06,4.3763636096063565e-11,7.0943812991988175e-06,0.0012518798441639792,13.860229071192624,13.86022498980606,0.031708671318382974,0.03283995157388999
7,443,7.0944250628349135e-06,4.3763636096063565e-11,7.0943812991988175e-06,0.0012518798441639792,13.860229071192624,13.86022498980606,0.031708671318382974,0.03283995157388999
7,444,7.0944250628349135e-06,4.3763636096063565e-11,7.0943812991988175e-06,0.0012518798441639792,13.860229071192624,13.86022498980606,0.031708671318382974,0.03283995157388999
7,445,7.0944250628349135e-06,4.3763636096063565e-11,7.0943812991988175e-06,0.0012518798441639792,13.860229071192624,13.86022498980606,0.031708671318382974,0.03283995157388999
7,446,7.0944250628349135e-06,4.3763636096063565e-11,7.0943812991988175e-06,0.0012518798441639792,13.860229071192624,13.86022498980606,0.031708671318382974,0.03283995157388999
7,447,7.0944250628349135e-06,4.3763636096063565e-11,7.0943812991988175e-06,0.0012518798441639792,13.860229071192624,13.86022498980606,0.031708671318382974,0.03283995157388999
7,448,7.0944250628349135e-06,4.3763636096063565e-11,7.0943812991988175e-06,0.0012518798441639792,13.860229071192624,13.86022498980606,0.031708671318382974,0.03283995157388999
7,449,7.0944250628349135e-06,4.3763636096063565e-11,7.0943812991988175e-06,0.0012518798441639792,13.860229071192624,13.86022498980606,0.031708671318382974,0.03283995157388999
7,450,7.0944250628349135e-06,4.3763636096063565e-11,7.0943812991988175e-06,0.0012518798441639792,13.860229071192624,13.86022498980606,0.031708671318382974,0.03283995157388999
7,451,7.0944250628349135e-06,4.3763636096063565e-11,7.0943812991988175e-06,0.0012518798441639792,13.860229071192624,13.86022498980606,0.031708671318382974,0.03283995157388999
7,452,7.0944250628349135e-06,4.3763636096063565e-11,7.0943812991988175e-06,0.0012518798441639792,13.860229071192624,13.86022498980606,0.031708671318382974,0.03283995157388999
7,453,7.0944250628349135e-06,4.3763636096063565e-11,7.0943812991988175e-06,0.0012518798441639792,13.860229071192624,13.86022498980606,0.031708671318382974,0.03283995157388999
7,454,7.0944250628349135e-06,4.3763636096063565e-11,7.0943812991988175e-06,0.0012518798441639792,13.860229071192624,13.86022498980606,0.031708671318382974,0.03283995157388999
7,455,7.0944250628349135e-06,4.3763636096063565e-11,7.0943812991988175e-06,0.0012518798441639792,13.860229071192624,13.86022498980606,0.031708671318382974,0.03283995157388999
7,456,7.0944250628349135e-06,4.3763636096063565e-11,7.0943812991988175e-06,0.0012518798441639792,13.860229071192624,13.86022498980606,0.031708671318382974,0.03283995157388999
7,457,7.0944250628349135e-06,4.3763636096063565e-11,7.0943812991988175e-06,0.0012518798441639792,13.860229071192624,13.86022498980606,0.031708671318382974,0.03283995157388999
7,458,7.0944250628349135e-06,4.3763636096063565e-11,7.0943812991988175e-06,0.0012518798441639792,13.860229071192624,13.86022498980606,0.031708671318382974,0.03283995157388999
7,459,7.0944250628349135e-06,4.3763636096063565e-11,7.0943812991988175e-06,0.0012518798441639792,13.860229071192624,13.86022498980606,0.031708671318382974,0.03283995157388999
7,460,7.0944250628349135e-06,4.3763636096063565e-11,7.0943812991988175e-06,0.0012518798441639792,13.860229071192624,13.86022498980606,0.031708671318382974,0.03283995157388999
7,461,7.0944250628349135e-06,4.3763636096063565e-11,7.0943812991988175e-06,0.0012518798441639792,13.860229071192624,13.86022498980606,0.031708671318382974,0.03283995157388999
7,462,7.0944250628349135e-06,4.3763636096063565e-11,7.0943812991988175e-06,0.0012518798441639792,13.860229071192624,13.86022498980606,0.031708671318382974,0.03283995157388999
7,463,7.0944250628349135e-06,4.3763636096063565e-11,7.0943812991988175e-06,0.0012518798441639792,13.860229071192624,13.86022498980606,0.031708671318382974,0.03283995157388999
7,464,7.0944250628349135e-06,4.3763636096063565e-11,7.0943812991988175e-06,0.0012518798441639792,13.860229071192624,13.86022498980606,0.031708671318382974,0.03283995157388999
7,465,7.0944250628349135e-06,4.3763636096063565e-11,7.0943812991988175e-06,0.0012518798441639792,13.860229071192624,13.86022498980606,0.031708671318382974,0.03283995157388999
7,466,7.0944250628349135e-06,4.3763636096063565e-11,7.0943812991988175e-06,0.0012518798441639792,13.860229071192624,13.86022498980606,0.031708671318382974,0.03283995157388999
7,467,7.0944250628349135e-06,4.3763636096063565e-11,7.0943812991988175e-06,0.0012518798441639792,13.860229071192624,13.86022498980606,0.031708671318382974,0.03283995157388999
7,468,7.0944250628349135e-06,4.3763636096063565e-11,7.0943812991988175e-06,0.0012518798441639792,13.860229071192624,13.86022498980606,0.031708671318382974,0.03283995157388999
7,469,7.0944250628349135e-06,4.3763636096063565e-11,7.0943812991988175e-06,0.0012518798441639792,13.860229071192624,13.86022498980606,0.031708671318382974,0.03283995157388999
7,470,7.0944250628349135e-06,4.3763636096063565e-11,7.0943812991988175e-06,0.0012518798441639792,13.860229071192624,13.86022498980606,0.031708671318382974,0.03283995157388999
7,471,7.0944250628349135e-06,4.3763636096063565e-11,7.0943812991988175e-06,0.0012518798441639792,13.860229071192624,13.86022498980606,0.031708671318382974,0.03283995157388999
7,472,7.0944250628349135e-06,4.3763636096063565e-11,7.0943812991988175e-06,0.0012518798441639792,13.860229071192624,13.86022498980606,0.031708671318382974,0.03283995157388999
7,473,7.0944250628349135e-06,4.3763636096063565e-11,7.0943812991988175e-06,0.0012518798441639792,13.860229071192624,13.86022498980606,0.031708671318382974,0.03283995157388999
7,474,7.0944250628349135e-06,4.3763636096063565e-11,7.0943812991988175e-06,0.0012518798441639792,13.860229071192624,13.86022498980606,0.031708671318382974,0.03283995157388999
7,475,7.0944250628349135e-06,4.3763636096063565e-11,7.0943812991988175e-06,0.0012518798441639792,13.860229071192624,13.86022498980606,0.031708671318382974,0.03283995157388999
7,476,7.0944250628349135e-06,4.3763636096063565e-11,7.0943812991988175e-06,0.0012518798441639792,13.860229071192624,13.86022498980606,0.031708671318382974,0.03283995157388999
7,477,7.0944250628349135e-06,4.3763636096063565e-11,7.0943812991988175e-06,0.0012518798441639792,13.860229071192624,13.86022498980606,0.031708671318382974,0.03283995157388999
7,478,7.0944250628349135e-06,4.3763636096063565e-11,7.0943812991988175e-06,0.0012518798441639792,13.860229071192624,13.86022498980606,0.031708671318382974,0.03283995157388999
7,479,7.0944250628349135e-06,4.3763636096063565e-11,7.0943812991988175e-06,0.0012518798441639792,13.860229071192624,13.86022498980606,0.031708671318382974,0.03283995157388999
7,480,7.0944250628349135e-06,4.3763636096063565e-11,7.0943812991988175e-06,0.0012518798441639792,13.860229071192624,13.86022498980606,0.031708671318382974,0.03283995157388999
7,481,7.0944250628349135e-06,4.3763636096063565e-11,7.0943812991988175e-06,0.0012518798441639792,13.860229071192624,13.86022498980606,0.031708671318382974,0.03283995157388999
7,482,7.0944250628349135e-06,4.3763636096063565e-11,7.0943812991988175e-06,0.0012518798441639792,13.860229071192624,13.86022498980606,0.031708671318382974,0.03283995157388999
7,483,7.0944250628349135e-06,4.3763636096063565e-11,7.0943812991988175e-06,0.0012518798441639792,13.860229071192624,13.86022498980606,0.031708671318382974,0.03283995157388999
7,484,7.0944250628349135e-06,4.3763636096063565e-11,7.0943812991988175e-06,0.0012518798441639792,13.860229071192624,13.86022498980606,0.031708671318382974,0.03283995157388999
7,485,7.0944250628349135e-06,4.3763636096063565e-11,7.0943812991988175e-06,0.0012518798441639792,13.860229071192624,13.86022498980606,0.031708671318382974,0.03283995157388999
7,486,7.0944250628349135e-06,4.3763636096063565e-11,7.0943812991988175e-06,0.0012518798441639792,13.860229071192624,13.86022498980606,0.031708671318382974,0.03283995157388999
7,487,7.0944250628349135e-06,4.3763636096063565e-11,7.0943812991988175e-06,0.0012518798441639792,13.860229071192624,13.86022498980606,0.031708671318382974,0.03283995157388999
7,488,7.0944250628349135e-06,4.3763636096063565e-11,7.0943812991988175e-06,0.0012518798441639792,13.860229071192624,13.86022498980606,0.031708671318382974,0.03283995157388999
7,489,7.0944250628349135e-06,4.3763636096063565e-11,7.0943812991988175e-06,0.0012518798441639792,13.860229071192624,13.86022498980606,0.031708671318382974,0.03283995157388999
7,490,7.0944250628349135e-06,4.3763636096063565e-11,7.0943812991988175e-06,0.0012518798441639792,13.860229071192624,13.86022498980606,0.031708671318382974,0.03283995157388999
7,491,7.0944250628349135e-06,4.3763636096063565e-11,7.0943812991988175e-06,0.0012518798441639792,13.860229071192624,13.86022498980606,0.031708671318382974,0.03283995157388999
7,492,7.0944250628349135e-06,4.3763636096063565e-11,7.0943812991988175e-06,0.0012518798441639792,13.860229071192624,13.86022498980606,0.031708671318382974,0.03283995157388999
7,493,7.0944250628349135e-06,4.3763636096063565e-11,7.0943812991988175e-06,0.0012518798441639792,13.860229071192624,13.86022498980606,0.031708671318382974,0.03283995157388999
7,494,7.0944250628349135e-06,4.3763636096063565e-11,7.0943812991988175e-06,0.0012518798441639792,13.860229071192624,13.86022498980606,0.031708671318382974,0.03283995157388999
7,495,7.0944250628349135e-06,4.3763636096063565e-11,7.0943812991988175e-06,0.0012518798441639792,13.860229071192624,13.86022498980606,0.031708671318382974,0.03283995157388999
7,496,7.0944250628349135e-06,4.3763636096063565e-11,7.0943812991988175e-06,0.0012518798441639792,13.860229071192624,13.86022498980606,0.031708671318382974,0.03283995157388999
7,497,7.0944250628349135e-06,4.3763636096063565e-11,7.0943812991988175e-06,0.0012518798441639792,13.860229071192624,13.86022498980606,0.031708671318382974,0.03283995157388999
7,498,7.0944250628349135e-06,4.3763636096063565e-11,7.0943812991988175e-06,0.0012518798441639792,13.860229071192624,13.86022498980606,0.031708671318382974,0.03283995157388999
7,499,7.0944250628349135e-06,4.3763636096063565e-11,7.0943812991988175e-06,0.0012518798441639792,13.860229071192624,13.86022498980606,0.031708671318382974,0.03283995157388999
7,500,7.0944250628349135e-06,4.3763636096063565e-11,7.0943812991988175e-06,0.0012518798441639792,13.860229071192624,13.86022498980606,0.031708671318382974,0.03283995157388999
