step,training_schedule,active_mode,loss,weighted_loss,initial_loss,residual_loss,initial_weight,residual_weight
1,sequential,0,718.5496031860037,718.5496031860037,718.5496031860037,1.9891813484895e-25,1.0,1.0
2,sequential,0,1.463546999481948e-14,1.463546999481948e-14,1.4635469994672254e-14,1.4722538922110124e-25,1.0,1.0
3,sequential,0,1.463546999481948e-14,1.463546999481948e-14,1.4635469994672254e-14,1.4722538922110124e-25,1.0,1.0
4,sequential,0,1.463546999481948e-14,1.463546999481948e-14,1.4635469994672254e-14,1.4722538922110124e-25,1.0,1.0
5,sequential,0,1.463546999481948e-14,1.463546999481948e-14,1.4635469994672254e-14,1.4722538922110124e-25,1.0,1.0
6,sequential,0,1.463546999481948e-14,1.463546999481948e-14,1.4635469994672254e-14,1.4722538922110124e-25,1.0,1.0
7,sequential,0,1.463546999481948e-14,1.463546999481948e-14,1.4635469994672254e-14,1.4722538922110124e-25,1.0,1.0
8,sequential,0,1.463546999481948e-14,1.463546999481948e-14,1.4635469994672254e-14,1.4722538922110124e-25,1.0,1.0
9,sequential,0,1.463546999481948e-14,1.463546999481948e-14,1.4635469994672254e-14,1.4722538922110124e-25,1.0,1.0
10,sequential,0,1.463546999481948e-14,1.463546999481948e-14,1.4635469994672254e-14,1.4722538922110124e-25,1.0,1.0
11,sequential,0,1.463546999481948e-14,1.463546999481948e-14,1.4635469994672254e-14,1.4722538922110124e-25,1.0,1.0
12,sequential,0,1.463546999481948e-14,1.463546999481948e-14,1.4635469994672254e-14,1.4722538922110124e-25,1.0,1.0
13,sequential,0,1.463546999481948e-14,1.463546999481948e-14,1.4635469994672254e-14,1.4722538922110124e-25,1.0,1.0
14,sequential,0,1.463546999481948e-14,1.463546999481948e-14,1.4635469994672254e-14,1.4722538922110124e-25,1.0,1.0
15,sequential,0,1.463546999481948e-14,1.463546999481948e-14,1.4635469994672254e-14,1.4722538922110124e-25,1.0,1.0
16,sequential,0,1.463546999481948e-14,1.463546999481948e-14,1.4635469994672254e-14,1.4722538922110124e-25,1.0,1.0
17,sequential,0,1.463546999481948e-14,1.463546999481948e-14,1.4635469994672254e-14,1.4722538922110124e-25,1.0,1.0
18,sequential,0,1.463546999481948e-14,1.463546999481948e-14,1.4635469994672254e-14,1.4722538922110124e-25,1.0,1.0
19,sequential,0,1.463546999481948e-14,1.463546999481948e-14,1.4635469994672254e-14,1.4722538922110124e-25,1.0,1.0
20,sequential,0,1.463546999481948e-14,1.463546999481948e-14,1.4635469994672254e-14,1.4722538922110124e-25,1.0,1.0
21,sequential,0,1.463546999481948e-14,1.463546999481948e-14,1.4635469994672254e-14,1.4722538922110124e-25,1.0,1.0
22,sequential,0,1.463546999481948e-14,1.463546999481948e-14,1.4635469994672254e-14,1.4722538922110124e-25,1.0,1.0
23,sequential,0,1.463546999481948e-14,1.463546999481948e-14,1.4635469994672254e-14,1.4722538922110124e-25,1.0,1.0
24,sequential,0,1.463546999481948e-14,1.463546999481948e-14,1.4635469994672254e-14,1.4722538922110124e-25,1.0,1.0
25,sequential,0,1.463546999481948e-14,1.463546999481948e-14,1.4635469994672254e-14,1.4722538922110124e-25,1.0,1.0
26,sequential,0,1.463546999481948e-14,1.463546999481948e-14,1.4635469994672254e-14,1.4722538922110124e-25,1.0,1.0
27,sequential,0,1.463546999481948e-14,1.463546999481948e-14,1.4635469994672254e-14,1.4722538922110124e-25,1.0,1.0
28,sequential,0,1.463546999481948e-14,1.463546999481948e-14,1.4635469994672254e-14,1.4722538922110124e-25,1.0,1.0
29,sequential,0,1.463546999481948e-14,1.463546999481948e-14,1.4635469994672254e-14,1.4722538922110124e-25,1.0,1.0
30,sequential,0,1.463546999481948e-14,1.463546999481948e-14,1.4635469994672254e-14,1.4722538922110124e-25,1.0,1.0
31,sequential,0,1.463546999481948e-14,1.463546999481948e-14,1.4635469994672254e-14,1.4722538922110124e-25,1.0,1.0
32,sequential,0,1.463546999481948e-14,1.463546999481948e-14,1.4635469994672254e-14,1.4722538922110124e-25,1.0,1.0
33,sequential,0,1.463546999481948e-14,1.463546999481948e-14,1.4635469994672254e-14,1.4722538922110124e-25,1.0,1.0
34,sequential,0,1.463546999481948e-14,1.463546999481948e-14,1.4635469994672254e-14,1.4722538922110124e-25,1.0,1.0
35,sequential,0,1.463546999481948e-14,1.463546999481948e-14,1.4635469994672254e-14,1.4722538922110124e-25,1.0,1.0
36,sequential,0,1.463546999481948e-14,1.463546999481948e-14,1.4635469994672254e-14,1.4722538922110124e-25,1.0,1.0
37,sequential,0,1.463546999481948e-14,1.463546999481948e-14,1.4635469994672254e-14,1.4722538922110124e-25,1.0,1.0
38,sequential,0,1.463546999481948e-14,1.463546999481948e-14,1.4635469994672254e-14,1.4722538922110124e-25,1.0,1.0
39,sequential,0,1.463546999481948e-14,1.463546999481948e-14,1.4635469994672254e-14,1.4722538922110124e-25,1.0,1.0
40,sequential,0,1.463546999481948e-14,1.463546999481948e-14,1.4635469994672254e-14,1.4722538922110124e-25,1.0,1.0
41,sequential,0,1.463546999481948e-14,1.463546999481948e-14,1.4635469994672254e-14,1.4722538922110124e-25,1.0,1.0
42,sequential,0,1.463546999481948e-14,1.463546999481948e-14,1.4635469994672254e-14,1.4722538922110124e-25,1.0,1.0
43,sequential,0,1.463546999481948e-14,1.463546999481948e-14,1.4635469994672254e-14,1.4722538922110124e-25,1.0,1.0
44,sequential,0,1.463546999481948e-14,1.463546999481948e-14,1.4635469994672254e-14,1.4722538922110124e-25,1.0,1.0
45,sequential,0,1.463546999481948e-14,1.463546999481948e-14,1.4635469994672254e-14,1.4722538922110124e-25,1.0,1.0
46,sequential,0,1.463546999481948e-14,1.463546999481948e-14,1.4635469994672254e-14,1.4722538922110124e-25,1.0,1.0
47,sequential,0,1.463546999481948e-14,1.463546999481948e-14,1.4635469994672254e-14,1.4722538922110124e-25,1.0,1.0
48,sequential,0,1.463546999481948e-14,1.463546999481948e-14,1.4635469994672254e-14,1.4722538922110124e-25,1.0,1.0
49,sequential,0,1.463546999481948e-14,1.463546999481948e-14,1.4635469994672254e-14,1.4722538922110124e-25,1.0,1.0
50,sequential,0,1.463546999481948e-14,1.463546999481948e-14,1.4635469994672254e-14,1.4722538922110124e-25,1.0,1.0
51,sequential,0,1.463546999481948e-14,1.463546999481948e-14,1.4635469994672254e-14,1.4722538922110124e-25,1.0,1.0
52,sequential,0,1.463546999481948e-14,1.463546999481948e-14,1.4635469994672254e-14,1.4722538922110124e-25,1.0,1.0
53,sequential,0,1.463546999481948e-14,1.463546999481948e-14,1.4635469994672254e-14,1.4722538922110124e-25,1.0,1.0
54,sequential,0,1.463546999481948e-14,1.463546999481948e-14,1.4635469994672254e-14,1.4722538922110124e-25,1.0,1.0
55,sequential,0,1.463546999481948e-14,1.463546999481948e-14,1.4635469994672254e-14,1.4722538922110124e-25,1.0,1.0
56,sequential,0,1.463546999481948e-14,1.463546999481948e-14,1.4635469994672254e-14,1.4722538922110124e-25,1.0,1.0
57,sequential,0,1.463546999481948e-14,1.463546999481948e-14,1.4635469994672254e-14,1.4722538922110124e-25,1.0,1.0
58,sequential,0,1.463546999481948e-14,1.463546999481948e-14,1.4635469994672254e-14,1.4722538922110124e-25,1.0,1.0
59,sequential,0,1.463546999481948e-14,1.463546999481948e-14,1.4635469994672254e-14,1.4722538922110124e-25,1.0,1.0
60,sequential,0,1.463546999481948e-14,1.463546999481948e-14,1.4635469994672254e-14,1.4722538922110124e-25,1.0,1.0
61,sequential,0,1.463546999481948e-14,1.463546999481948e-14,1.4635469994672254e-14,1.4722538922110124e-25,1.0,1.0
62,sequential,0,1.463546999481948e-14,1.463546999481948e-14,1.4635469994672254e-14,1.4722538922110124e-25,1.0,1.0
63,sequential,0,1.463546999481948e-14,1.463546999481948e-14,1.4635469994672254e-14,1.4722538922110124e-25,1.0,1.0
64,sequential,0,1.463546999481948e-14,1.463546999481948e-14,1.4635469994672254e-14,1.4722538922110124e-25,1.0,1.0
65,sequential,0,1.463546999481948e-14,1.463546999481948e-14,1.4635469994672254e-14,1.4722538922110124e-25,1.0,1.0
66,sequential,0,1.463546999481948e-14,1.463546999481948e-14,1.4635469994672254e-14,1.4722538922110124e-25,1.0,1.0
67,sequential,0,1.463546999481948e-14,1.463546999481948e-14,1.4635469994672254e-14,1.4722538922110124e-25,1.0,1.0
68,sequential,0,1.463546999481948e-14,1.463546999481948e-14,1.4635469994672254e-14,1.4722538922110124e-25,1.0,1.0
69,sequential,0,1.463546999481948e-14,1.463546999481948e-14,1.4635469994672254e-14,1.4722538922110124e-25,1.0,1.0
70,sequential,0,1.463546999481948e-14,1.463546999481948e-14,1.4635469994672254e-14,1.4722538922110124e-25,1.0,1.0
71,sequential,0,1.463546999481948e-14,1.463546999481948e-14,1.4635469994672254e-14,1.4722538922110124e-25,1.0,1.0
72,sequential,0,1.463546999481948e-14,1.463546999481948e-14,1.4635469994672254e-14,1.4722538922110124e-25,1.0,1.0
73,sequential,0,1.463546999481948e-14,1.463546999481948e-14,1.4635469994672254e-14,1.4722538922110124e-25,1.0,1.0
74,sequential,0,1.463546999481948e-14,1.463546999481948e-14,1.4635469994672254e-14,1.4722538922110124e-25,1.0,1.0
75,sequential,0,1.463546999481948e-14,1.463546999481948e-14,1.4635469994672254e-14,1.4722538922110124e-25,1.0,1.0
76,sequential,0,1.463546999481948e-14,1.463546999481948e-14,1.4635469994672254e-14,1.4722538922110124e-25,1.0,1.0
77,sequential,0,1.463546999481948e-14,1.463546999481948e-14,1.4635469994672254e-14,1.4722538922110124e-25,1.0,1.0
78,sequential,0,1.463546999481948e-14,1.463546999481948e-14,1.4635469994672254e-14,1.4722538922110124e-25,1.0,1.0
79,sequential,0,1.463546999481948e-14,1.463546999481948e-14,1.4635469994672254e-14,1.4722538922110124e-25,1.0,1.0
80,sequential,0,1.463546999481948e-14,1.463546999481948e-14,1.4635469994672254e-14,1.4722538922110124e-25,1.0,1.0
81,sequential,0,1.463546999481948e-14,1.463546999481948e-14,1.4635469994672254e-14,1.4722538922110124e-25,1.0,1.0
82,sequential,0,1.463546999481948e-14,1.463546999481948e-14,1.4635469994672254e-14,1.4722538922110124e-25,1.0,1.0
83,sequential,0,1.463546999481948e-14,1.463546999481948e-14,1.4635469994672254e-14,1.4722538922110124e-25,1.0,1.0
84,sequential,0,1.463546999481948e-14,1.463546999481948e-14,1.4635469994672254e-14,1.4722538922110124e-25,1.0,1.0
85,sequential,0,1.463546999481948e-14,1.463546999481948e-14,1.4635469994672254e-14,1.4722538922110124e-25,1.0,1.0
86,sequential,0,1.463546999481948e-14,1.463546999481948e-14,1.4635469994672254e-14,1.4722538922110124e-25,1.0,1.0
87,sequential,0,1.463546999481948e-14,1.463546999481948e-14,1.4635469994672254e-14,1.4722538922110124e-25,1.0,1.0
88,sequential,0,1.463546999481948e-14,1.463546999481948e-14,1.4635469994672254e-14,1.4722538922110124e-25,1.0,1.0
89,sequential,0,1.463546999481948e-14,1.463546999481948e-14,1.4635469994672254e-14,1.4722538922110124e-25,1.0,1.0
90,sequential,0,1.463546999481948e-14,1.463546999481948e-14,1.4635469994672254e-14,1.4722538922110124e-25,1.0,1.0
91,sequential,0,1.463546999481948e-14,1.463546999481948e-14,1.4635469994672254e-14,1.4722538922110124e-25,1.0,1.0
92,sequential,0,1.463546999481948e-14,1.463546999481948e-14,1.4635469994672254e-14,1.4722538922110124e-25,1.0,1.0
93,sequential,0,1.463546999481948e-14,1.463546999481948e-14,1.4635469994672254e-14,1.4722538922110124e-25,1.0,1.0
94,sequential,0,1.463546999481948e-14,1.463546999481948e-14,1.4635469994672254e-14,1.4722538922110124e-25,1.0,1.0
95,sequential,0,1.463546999481948e-14,1.463546999481948e-14,1.4635469994672254e-14,1.4722538922110124e-25,1.0,1.0
96,sequential,0,1.463546999481948e-14,1.463546999481948e-14,1.4635469994672254e-14,1.4722538922110124e-25,1.0,1.0
97,sequential,0,1.463546999481948e-14,1.463546999481948e-14,1.4635469994672254e-14,1.4722538922110124e-25,1.0,1.0
98,sequential,0,1.463546999481948e-14,1.463546999481948e-14,1.4635469994672254e-14,1.4722538922110124e-25,1.0,1.0
99,sequential,0,1.463546999481948e-14,1.463546999481948e-14,1.4635469994672254e-14,1.4722538922110124e-25,1.0,1.0
100,sequential,0,1.463546999481948e-14,1.463546999481948e-14,1.4635469994672254e-14,1.4722538922110124e-25,1.0,1.0
101,sequential,0,1.463546999481948e-14,1.463546999481948e-14,1.4635469994672254e-14,1.4722538922110124e-25,1.0,1.0
102,sequential,0,1.463546999481948e-14,1.463546999481948e-14,1.4635469994672254e-14,1.4722538922110124e-25,1.0,1.0
103,sequential,0,1.463546999481948e-14,1.463546999481948e-14,1.4635469994672254e-14,1.4722538922110124e-25,1.0,1.0
104,sequential,0,1.463546999481948e-14,1.463546999481948e-14,1.4635469994672254e-14,1.4722538922110124e-25,1.0,1.0
105,sequential,0,1.463546999481948e-14,1.463546999481948e-14,1.4635469994672254e-14,1.4722538922110124e-25,1.0,1.0
106,sequential,0,1.463546999481948e-14,1.463546999481948e-14,1.4635469994672254e-14,1.4722538922110124e-25,1.0,1.0
107,sequential,0,1.463546999481948e-14,1.463546999481948e-14,1.4635469994672254e-14,1.4722538922110124e-25,1.0,1.0
108,sequential,0,1.463546999481948e-14,1.463546999481948e-14,1.4635469994672254e-14,1.4722538922110124e-25,1.0,1.0
109,sequential,0,1.463546999481948e-14,1.463546999481948e-14,1.4635469994672254e-14,1.4722538922110124e-25,1.0,1.0
110,sequential,0,1.463546999481948e-14,1.463546999481948e-14,1.4635469994672254e-14,1.4722538922110124e-25,1.0,1.0
111,sequential,0,1.463546999481948e-14,1.463546999481948e-14,1.4635469994672254e-14,1.4722538922110124e-25,1.0,1.0
112,sequential,0,1.463546999481948e-14,1.463546999481948e-14,1.4635469994672254e-14,1.4722538922110124e-25,1.0,1.0
113,sequential,0,1.463546999481948e-14,1.463546999481948e-14,1.4635469994672254e-14,1.4722538922110124e-25,1.0,1.0
114,sequential,0,1.463546999481948e-14,1.463546999481948e-14,1.4635469994672254e-14,1.4722538922110124e-25,1.0,1.0
115,sequential,0,1.463546999481948e-14,1.463546999481948e-14,1.4635469994672254e-14,1.4722538922110124e-25,1.0,1.0
116,sequential,0,1.463546999481948e-14,1.463546999481948e-14,1.4635469994672254e-14,1.4722538922110124e-25,1.0,1.0
117,sequential,0,1.463546999481948e-14,1.463546999481948e-14,1.4635469994672254e-14,1.4722538922110124e-25,1.0,1.0
118,sequential,0,1.463546999481948e-14,1.463546999481948e-14,1.4635469994672254e-14,1.4722538922110124e-25,1.0,1.0
119,sequential,0,1.463546999481948e-14,1.463546999481948e-14,1.4635469994672254e-14,1.4722538922110124e-25,1.0,1.0
120,sequential,0,1.463546999481948e-14,1.463546999481948e-14,1.4635469994672254e-14,1.4722538922110124e-25,1.0,1.0
121,sequential,0,1.463546999481948e-14,1.463546999481948e-14,1.4635469994672254e-14,1.4722538922110124e-25,1.0,1.0
122,sequential,0,1.463546999481948e-14,1.463546999481948e-14,1.4635469994672254e-14,1.4722538922110124e-25,1.0,1.0
123,sequential,0,1.463546999481948e-14,1.463546999481948e-14,1.4635469994672254e-14,1.4722538922110124e-25,1.0,1.0
124,sequential,0,1.463546999481948e-14,1.463546999481948e-14,1.4635469994672254e-14,1.4722538922110124e-25,1.0,1.0
125,sequential,0,1.463546999481948e-14,1.463546999481948e-14,1.4635469994672254e-14,1.4722538922110124e-25,1.0,1.0
126,sequential,0,1.463546999481948e-14,1.463546999481948e-14,1.4635469994672254e-14,1.4722538922110124e-25,1.0,1.0
127,sequential,0,1.463546999481948e-14,1.463546999481948e-14,1.4635469994672254e-14,1.4722538922110124e-25,1.0,1.0
128,sequential,0,1.463546999481948e-14,1.463546999481948e-14,1.4635469994672254e-14,1.4722538922110124e-25,1.0,1.0
129,sequential,0,1.463546999481948e-14,1.463546999481948e-14,1.4635469994672254e-14,1.4722538922110124e-25,1.0,1.0
130,sequential,0,1.463546999481948e-14,1.463546999481948e-14,1.4635469994672254e-14,1.4722538922110124e-25,1.0,1.0
131,sequential,0,1.463546999481948e-14,1.463546999481948e-14,1.4635469994672254e-14,1.4722538922110124e-25,1.0,1.0
132,sequential,0,1.463546999481948e-14,1.463546999481948e-14,1.4635469994672254e-14,1.4722538922110124e-25,1.0,1.0
133,sequential,0,1.463546999481948e-14,1.463546999481948e-14,1.4635469994672254e-14,1.4722538922110124e-25,1.0,1.0
134,sequential,0,1.463546999481948e-14,1.463546999481948e-14,1.4635469994672254e-14,1.4722538922110124e-25,1.0,1.0
135,sequential,0,1.463546999481948e-14,1.463546999481948e-14,1.4635469994672254e-14,1.4722538922110124e-25,1.0,1.0
136,sequential,0,1.463546999481948e-14,1.463546999481948e-14,1.4635469994672254e-14,1.4722538922110124e-25,1.0,1.0
137,sequential,0,1.463546999481948e-14,1.463546999481948e-14,1.4635469994672254e-14,1.4722538922110124e-25,1.0,1.0
138,sequential,0,1.463546999481948e-14,1.463546999481948e-14,1.4635469994672254e-14,1.4722538922110124e-25,1.0,1.0
139,sequential,0,1.463546999481948e-14,1.463546999481948e-14,1.4635469994672254e-14,1.4722538922110124e-25,1.0,1.0
140,sequential,0,1.463546999481948e-14,1.463546999481948e-14,1.4635469994672254e-14,1.4722538922110124e-25,1.0,1.0
141,sequential,0,1.463546999481948e-14,1.463546999481948e-14,1.4635469994672254e-14,1.4722538922110124e-25,1.0,1.0
142,sequential,0,1.463546999481948e-14,1.463546999481948e-14,1.4635469994672254e-14,1.4722538922110124e-25,1.0,1.0
143,sequential,0,1.463546999481948e-14,1.463546999481948e-14,1.4635469994672254e-14,1.4722538922110124e-25,1.0,1.0
144,sequential,0,1.463546999481948e-14,1.463546999481948e-14,1.4635469994672254e-14,1.4722538922110124e-25,1.0,1.0
145,sequential,0,1.463546999481948e-14,1.463546999481948e-14,1.4635469994672254e-14,1.4722538922110124e-25,1.0,1.0
146,sequential,0,1.463546999481948e-14,1.463546999481948e-14,1.4635469994672254e-14,1.4722538922110124e-25,1.0,1.0
147,sequential,0,1.463546999481948e-14,1.463546999481948e-14,1.4635469994672254e-14,1.4722538922110124e-25,1.0,1.0
148,sequential,0,1.463546999481948e-14,1.463546999481948e-14,1.4635469994672254e-14,1.4722538922110124e-25,1.0,1.0
149,sequential,0,1.463546999481948e-14,1.463546999481948e-14,1.4635469994672254e-14,1.4722538922110124e-25,1.0,1.0
150,sequential,0,1.463546999481948e-14,1.463546999481948e-14,1.4635469994672254e-14,1.4722538922110124e-25,1.0,1.0
151,sequential,0,1.463546999481948e-14,1.463546999481948e-14,1.4635469994672254e-14,1.4722538922110124e-25,1.0,1.0
152,sequential,0,1.463546999481948e-14,1.463546999481948e-14,1.4635469994672254e-14,1.4722538922110124e-25,1.0,1.0
153,sequential,0,1.463546999481948e-14,1.463546999481948e-14,1.4635469994672254e-14,1.4722538922110124e-25,1.0,1.0
154,sequential,0,1.463546999481948e-14,1.463546999481948e-14,1.4635469994672254e-14,1.4722538922110124e-25,1.0,1.0
155,sequential,0,1.463546999481948e-14,1.463546999481948e-14,1.4635469994672254e-14,1.4722538922110124e-25,1.0,1.0
156,sequential,0,1.463546999481948e-14,1.463546999481948e-14,1.4635469994672254e-14,1.4722538922110124e-25,1.0,1.0
157,sequential,0,1.463546999481948e-14,1.463546999481948e-14,1.4635469994672254e-14,1.4722538922110124e-25,1.0,1.0
158,sequential,0,1.463546999481948e-14,1.463546999481948e-14,1.4635469994672254e-14,1.4722538922110124e-25,1.0,1.0
159,sequential,0,1.463546999481948e-14,1.463546999481948e-14,1.4635469994672254e-14,1.4722538922110124e-25,1.0,1.0
160,sequential,0,1.463546999481948e-14,1.463546999481948e-14,1.4635469994672254e-14,1.4722538922110124e-25,1.0,1.0
161,sequential,0,1.463546999481948e-14,1.463546999481948e-14,1.4635469994672254e-14,1.4722538922110124e-25,1.0,1.0
162,sequential,0,1.463546999481948e-14,1.463546999481948e-14,1.4635469994672254e-14,1.4722538922110124e-25,1.0,1.0
163,sequential,0,1.463546999481948e-14,1.463546999481948e-14,1.4635469994672254e-14,1.4722538922110124e-25,1.0,1.0
164,sequential,0,1.463546999481948e-14,1.463546999481948e-14,1.4635469994672254e-14,1.4722538922110124e-25,1.0,1.0
165,sequential,0,1.463546999481948e-14,1.463546999481948e-14,1.4635469994672254e-14,1.4722538922110124e-25,1.0,1.0
166,sequential,0,1.463546999481948e-14,1.463546999481948e-14,1.4635469994672254e-14,1.4722538922110124e-25,1.0,1.0
167,sequential,0,1.463546999481948e-14,1.463546999481948e-14,1.4635469994672254e-14,1.4722538922110124e-25,1.0,1.0
168,sequential,0,1.463546999481948e-14,1.463546999481948e-14,1.4635469994672254e-14,1.4722538922110124e-25,1.0,1.0
169,sequential,0,1.463546999481948e-14,1.463546999481948e-14,1.4635469994672254e-14,1.4722538922110124e-25,1.0,1.0
170,sequential,0,1.463546999481948e-14,1.463546999481948e-14,1.4635469994672254e-14,1.4722538922110124e-25,1.0,1.0
171,sequential,0,1.463546999481948e-14,1.463546999481948e-14,1.4635469994672254e-14,1.4722538922110124e-25,1.0,1.0
172,sequential,0,1.463546999481948e-14,1.463546999481948e-14,1.4635469994672254e-14,1.4722538922110124e-25,1.0,1.0
173,sequential,0,1.463546999481948e-14,1.463546999481948e-14,1.4635469994672254e-14,1.4722538922110124e-25,1.0,1.0
174,sequential,0,1.463546999481948e-14,1.463546999481948e-14,1.4635469994672254e-14,1.4722538922110124e-25,1.0,1.0
175,sequential,0,1.463546999481948e-14,1.463546999481948e-14,1.4635469994672254e-14,1.4722538922110124e-25,1.0,1.0
176,sequential,0,1.463546999481948e-14,1.463546999481948e-14,1.4635469994672254e-14,1.4722538922110124e-25,1.0,1.0
177,sequential,0,1.463546999481948e-14,1.463546999481948e-14,1.4635469994672254e-14,1.4722538922110124e-25,1.0,1.0
178,sequential,0,1.463546999481948e-14,1.463546999481948e-14,1.4635469994672254e-14,1.4722538922110124e-25,1.0,1.0
179,sequential,0,1.463546999481948e-14,1.463546999481948e-14,1.4635469994672254e-14,1.4722538922110124e-25,1.0,1.0
180,sequential,0,1.463546999481948e-14,1.463546999481948e-14,1.4635469994672254e-14,1.4722538922110124e-25,1.0,1.0
181,sequential,0,1.463546999481948e-14,1.463546999481948e-14,1.4635469994672254e-14,1.4722538922110124e-25,1.0,1.0
182,sequential,0,1.463546999481948e-14,1.463546999481948e-14,1.4635469994672254e-14,1.4722538922110124e-25,1.0,1.0
183,sequential,0,1.463546999481948e-14,1.463546999481948e-14,1.4635469994672254e-14,1.4722538922110124e-25,1.0,1.0
184,sequential,0,1.463546999481948e-14,1.463546999481948e-14,1.4635469994672254e-14,1.4722538922110124e-25,1.0,1.0
185,sequential,0,1.463546999481948e-14,1.463546999481948e-14,1.4635469994672254e-14,1.4722538922110124e-25,1.0,1.0
186,sequential,0,1.463546999481948e-14,1.463546999481948e-14,1.4635469994672254e-14,1.4722538922110124e-25,1.0,1.0
187,sequential,0,1.463546999481948e-14,1.463546999481948e-14,1.4635469994672254e-14,1.4722538922110124e-25,1.0,1.0
188,sequential,0,1.463546999481948e-14,1.463546999481948e-14,1.4635469994672254e-14,1.4722538922110124e-25,1.0,1.0
189,sequential,0,1.463546999481948e-14,1.463546999481948e-14,1.4635469994672254e-14,1.4722538922110124e-25,1.0,1.0
190,sequential,0,1.463546999481948e-14,1.463546999481948e-14,1.4635469994672254e-14,1.4722538922110124e-25,1.0,1.0
191,sequential,0,1.463546999481948e-14,1.463546999481948e-14,1.4635469994672254e-14,1.4722538922110124e-25,1.0,1.0
192,sequential,0,1.463546999481948e-14,1.463546999481948e-14,1.4635469994672254e-14,1.4722538922110124e-25,1.0,1.0
193,sequential,0,1.463546999481948e-14,1.463546999481948e-14,1.4635469994672254e-14,1.4722538922110124e-25,1.0,1.0
194,sequential,0,1.463546999481948e-14,1.463546999481948e-14,1.4635469994672254e-14,1.4722538922110124e-25,1.0,1.0
195,sequential,0,1.463546999481948e-14,1.463546999481948e-14,1.4635469994672254e-14,1.4722538922110124e-25,1.0,1.0
196,sequential,0,1.463546999481948e-14,1.463546999481948e-14,1.4635469994672254e-14,1.4722538922110124e-25,1.0,1.0
197,sequential,0,1.463546999481948e-14,1.463546999481948e-14,1.4635469994672254e-14,1.4722538922110124e-25,1.0,1.0
198,sequential,0,1.463546999481948e-14,1.463546999481948e-14,1.4635469994672254e-14,1.4722538922110124e-25,1.0,1.0
199,sequential,0,1.463546999481948e-14,1.463546999481948e-14,1.4635469994672254e-14,1.4722538922110124e-25,1.0,1.0
200,sequential,0,1.463546999481948e-14,1.463546999481948e-14,1.4635469994672254e-14,1.4722538922110124e-25,1.0,1.0
201,sequential,0,1.463546999481948e-14,1.463546999481948e-14,1.4635469994672254e-14,1.4722538922110124e-25,1.0,1.0
202,sequential,0,1.463546999481948e-14,1.463546999481948e-14,1.4635469994672254e-14,1.4722538922110124e-25,1.0,1.0
203,sequential,0,1.463546999481948e-14,1.463546999481948e-14,1.4635469994672254e-14,1.4722538922110124e-25,1.0,1.0
204,sequential,0,1.463546999481948e-14,1.463546999481948e-14,1.4635469994672254e-14,1.4722538922110124e-25,1.0,1.0
205,sequential,0,1.463546999481948e-14,1.463546999481948e-14,1.4635469994672254e-14,1.4722538922110124e-25,1.0,1.0
206,sequential,0,1.463546999481948e-14,1.463546999481948e-14,1.4635469994672254e-14,1.4722538922110124e-25,1.0,1.0
207,sequential,0,1.463546999481948e-14,1.463546999481948e-14,1.4635469994672254e-14,1.4722538922110124e-25,1.0,1.0
208,sequential,0,1.463546999481948e-14,1.463546999481948e-14,1.4635469994672254e-14,1.4722538922110124e-25,1.0,1.0
209,sequential,0,1.463546999481948e-14,1.463546999481948e-14,1.4635469994672254e-14,1.4722538922110124e-25,1.0,1.0
210,sequential,0,1.463546999481948e-14,1.463546999481948e-14,1.4635469994672254e-14,1.4722538922110124e-25,1.0,1.0
211,sequential,0,1.463546999481948e-14,1.463546999481948e-14,1.4635469994672254e-14,1.4722538922110124e-25,1.0,1.0
212,sequential,0,1.463546999481948e-14,1.463546999481948e-14,1.4635469994672254e-14,1.4722538922110124e-25,1.0,1.0
213,sequential,0,1.463546999481948e-14,1.463546999481948e-14,1.4635469994672254e-14,1.4722538922110124e-25,1.0,1.0
214,sequential,0,1.463546999481948e-14,1.463546999481948e-14,1.4635469994672254e-14,1.4722538922110124e-25,1.0,1.0
215,sequential,0,1.463546999481948e-14,1.463546999481948e-14,1.4635469994672254e-14,1.4722538922110124e-25,1.0,1.0
216,sequential,0,1.463546999481948e-14,1.463546999481948e-14,1.4635469994672254e-14,1.4722538922110124e-25,1.0,1.0
217,sequential,0,1.463546999481948e-14,1.463546999481948e-14,1.4635469994672254e-14,1.4722538922110124e-25,1.0,1.0
218,sequential,0,1.463546999481948e-14,1.463546999481948e-14,1.4635469994672254e-14,1.4722538922110124e-25,1.0,1.0
219,sequential,0,1.463546999481948e-14,1.463546999481948e-14,1.4635469994672254e-14,1.4722538922110124e-25,1.0,1.0
220,sequential,0,1.463546999481948e-14,1.463546999481948e-14,1.4635469994672254e-14,1.4722538922110124e-25,1.0,1.0
221,sequential,0,1.463546999481948e-14,1.463546999481948e-14,1.4635469994672254e-14,1.4722538922110124e-25,1.0,1.0
222,sequential,0,1.463546999481948e-14,1.463546999481948e-14,1.4635469994672254e-14,1.4722538922110124e-25,1.0,1.0
223,sequential,0,1.463546999481948e-14,1.463546999481948e-14,1.4635469994672254e-14,1.4722538922110124e-25,1.0,1.0
224,sequential,0,1.463546999481948e-14,1.463546999481948e-14,1.4635469994672254e-14,1.4722538922110124e-25,1.0,1.0
225,sequential,0,1.463546999481948e-14,1.463546999481948e-14,1.4635469994672254e-14,1.4722538922110124e-25,1.0,1.0
226,sequential,0,1.463546999481948e-14,1.463546999481948e-14,1.4635469994672254e-14,1.4722538922110124e-25,1.0,1.0
227,sequential,0,1.463546999481948e-14,1.463546999481948e-14,1.4635469994672254e-14,1.4722538922110124e-25,1.0,1.0
228,sequential,0,1.463546999481948e-14,1.463546999481948e-14,1.4635469994672254e-14,1.4722538922110124e-25,1.0,1.0
229,sequential,0,1.463546999481948e-14,1.463546999481948e-14,1.4635469994672254e-14,1.4722538922110124e-25,1.0,1.0
230,sequential,0,1.463546999481948e-14,1.463546999481948e-14,1.4635469994672254e-14,1.4722538922110124e-25,1.0,1.0
231,sequential,0,1.463546999481948e-14,1.463546999481948e-14,1.4635469994672254e-14,1.4722538922110124e-25,1.0,1.0
232,sequential,0,1.463546999481948e-14,1.463546999481948e-14,1.4635469994672254e-14,1.4722538922110124e-25,1.0,1.0
233,sequential,0,1.463546999481948e-14,1.463546999481948e-14,1.4635469994672254e-14,1.4722538922110124e-25,1.0,1.0
234,sequential,0,1.463546999481948e-14,1.463546999481948e-14,1.4635469994672254e-14,1.4722538922110124e-25,1.0,1.0
235,sequential,0,1.463546999481948e-14,1.463546999481948e-14,1.4635469994672254e-14,1.4722538922110124e-25,1.0,1.0
236,sequential,0,1.463546999481948e-14,1.463546999481948e-14,1.4635469994672254e-14,1.4722538922110124e-25,1.0,1.0
237,sequential,0,1.463546999481948e-14,1.463546999481948e-14,1.4635469994672254e-14,1.4722538922110124e-25,1.0,1.0
238,sequential,0,1.463546999481948e-14,1.463546999481948e-14,1.4635469994672254e-14,1.4722538922110124e-25,1.0,1.0
239,sequential,0,1.463546999481948e-14,1.463546999481948e-14,1.4635469994672254e-14,1.4722538922110124e-25,1.0,1.0
240,sequential,0,1.463546999481948e-14,1.463546999481948e-14,1.4635469994672254e-14,1.4722538922110124e-25,1.0,1.0
241,sequential,0,1.463546999481948e-14,1.463546999481948e-14,1.4635469994672254e-14,1.4722538922110124e-25,1.0,1.0
242,sequential,0,1.463546999481948e-14,1.463546999481948e-14,1.4635469994672254e-14,1.4722538922110124e-25,1.0,1.0
243,sequential,0,1.463546999481948e-14,1.463546999481948e-14,1.4635469994672254e-14,1.4722538922110124e-25,1.0,1.0
244,sequential,0,1.463546999481948e-14,1.463546999481948e-14,1.4635469994672254e-14,1.4722538922110124e-25,1.0,1.0
245,sequential,0,1.463546999481948e-14,1.463546999481948e-14,1.4635469994672254e-14,1.4722538922110124e-25,1.0,1.0
246,sequential,0,1.463546999481948e-14,1.463546999481948e-14,1.4635469994672254e-14,1.4722538922110124e-25,1.0,1.0
247,sequential,0,1.463546999481948e-14,1.463546999481948e-14,1.4635469994672254e-14,1.4722538922110124e-25,1.0,1.0
248,sequential,0,1.463546999481948e-14,1.463546999481948e-14,1.4635469994672254e-14,1.4722538922110124e-25,1.0,1.0
249,sequential,0,1.463546999481948e-14,1.463546999481948e-14,1.4635469994672254e-14,1.4722538922110124e-25,1.0,1.0
250,sequential,0,1.463546999481948e-14,1.463546999481948e-14,1.4635469994672254e-14,1.4722538922110124e-25,1.0,1.0
251,sequential,0,1.463546999481948e-14,1.463546999481948e-14,1.4635469994672254e-14,1.4722538922110124e-25,1.0,1.0
252,sequential,0,1.463546999481948e-14,1.463546999481948e-14,1.4635469994672254e-14,1.4722538922110124e-25,1.0,1.0
253,sequential,0,1.463546999481948e-14,1.463546999481948e-14,1.4635469994672254e-14,1.4722538922110124e-25,1.0,1.0
254,sequential,0,1.463546999481948e-14,1.463546999481948e-14,1.4635469994672254e-14,1.4722538922110124e-25,1.0,1.0
255,sequential,0,1.463546999481948e-14,1.463546999481948e-14,1.4635469994672254e-14,1.4722538922110124e-25,1.0,1.0
256,sequential,0,1.463546999481948e-14,1.463546999481948e-14,1.4635469994672254e-14,1.4722538922110124e-25,1.0,1.0
257,sequential,0,1.463546999481948e-14,1.463546999481948e-14,1.4635469994672254e-14,1.4722538922110124e-25,1.0,1.0
258,sequential,0,1.463546999481948e-14,1.463546999481948e-14,1.4635469994672254e-14,1.4722538922110124e-25,1.0,1.0
259,sequential,0,1.463546999481948e-14,1.463546999481948e-14,1.4635469994672254e-14,1.4722538922110124e-25,1.0,1.0
260,sequential,0,1.463546999481948e-14,1.463546999481948e-14,1.4635469994672254e-14,1.4722538922110124e-25,1.0,1.0
261,sequential,0,1.463546999481948e-14,1.463546999481948e-14,1.4635469994672254e-14,1.4722538922110124e-25,1.0,1.0
262,sequential,0,1.463546999481948e-14,1.463546999481948e-14,1.4635469994672254e-14,1.4722538922110124e-25,1.0,1.0
263,sequential,0,1.463546999481948e-14,1.463546999481948e-14,1.4635469994672254e-14,1.4722538922110124e-25,1.0,1.0
264,sequential,0,1.463546999481948e-14,1.463546999481948e-14,1.4635469994672254e-14,1.4722538922110124e-25,1.0,1.0
265,sequential,0,1.463546999481948e-14,1.463546999481948e-14,1.4635469994672254e-14,1.4722538922110124e-25,1.0,1.0
266,sequential,0,1.463546999481948e-14,1.463546999481948e-14,1.4635469994672254e-14,1.4722538922110124e-25,1.0,1.0
267,sequential,0,1.463546999481948e-14,1.463546999481948e-14,1.4635469994672254e-14,1.4722538922110124e-25,1.0,1.0
268,sequential,0,1.463546999481948e-14,1.463546999481948e-14,1.4635469994672254e-14,1.4722538922110124e-25,1.0,1.0
269,sequential,0,1.463546999481948e-14,1.463546999481948e-14,1.4635469994672254e-14,1.4722538922110124e-25,1.0,1.0
270,sequential,0,1.463546999481948e-14,1.463546999481948e-14,1.4635469994672254e-14,1.4722538922110124e-25,1.0,1.0
271,sequential,0,1.463546999481948e-14,1.463546999481948e-14,1.4635469994672254e-14,1.4722538922110124e-25,1.0,1.0
272,sequential,0,1.463546999481948e-14,1.463546999481948e-14,1.4635469994672254e-14,1.4722538922110124e-25,1.0,1.0
273,sequential,0,1.463546999481948e-14,1.463546999481948e-14,1.4635469994672254e-14,1.4722538922110124e-25,1.0,1.0
274,sequential,0,1.463546999481948e-14,1.463546999481948e-14,1.4635469994672254e-14,1.4722538922110124e-25,1.0,1.0
275,sequential,0,1.463546999481948e-14,1.463546999481948e-14,1.4635469994672254e-14,1.4722538922110124e-25,1.0,1.0
276,sequential,0,1.463546999481948e-14,1.463546999481948e-14,1.4635469994672254e-14,1.4722538922110124e-25,1.0,1.0
277,sequential,0,1.463546999481948e-14,1.463546999481948e-14,1.4635469994672254e-14,1.4722538922110124e-25,1.0,1.0
278,sequential,0,1.463546999481948e-14,1.463546999481948e-14,1.4635469994672254e-14,1.4722538922110124e-25,1.0,1.0
279,sequential,0,1.463546999481948e-14,1.463546999481948e-14,1.4635469994672254e-14,1.4722538922110124e-25,1.0,1.0
280,sequential,0,1.463546999481948e-14,1.463546999481948e-14,1.4635469994672254e-14,1.4722538922110124e-25,1.0,1.0
281,sequential,0,1.463546999481948e-14,1.463546999481948e-14,1.4635469994672254e-14,1.4722538922110124e-25,1.0,1.0
282,sequential,0,1.463546999481948e-14,1.463546999481948e-14,1.4635469994672254e-14,1.4722538922110124e-25,1.0,1.0
283,sequential,0,1.463546999481948e-14,1.463546999481948e-14,1.4635469994672254e-14,1.4722538922110124e-25,1.0,1.0
284,sequential,0,1.463546999481948e-14,1.463546999481948e-14,1.4635469994672254e-14,1.4722538922110124e-25,1.0,1.0
285,sequential,0,1.463546999481948e-14,1.463546999481948e-14,1.4635469994672254e-14,1.4722538922110124e-25,1.0,1.0
286,sequential,0,1.463546999481948e-14,1.463546999481948e-14,1.4635469994672254e-14,1.4722538922110124e-25,1.0,1.0
287,sequential,0,1.463546999481948e-14,1.463546999481948e-14,1.4635469994672254e-14,1.4722538922110124e-25,1.0,1.0
288,sequential,0,1.463546999481948e-14,1.463546999481948e-14,1.4635469994672254e-14,1.4722538922110124e-25,1.0,1.0
289,sequential,0,1.463546999481948e-14,1.463546999481948e-14,1.4635469994672254e-14,1.4722538922110124e-25,1.0,1.0
290,sequential,0,1.463546999481948e-14,1.463546999481948e-14,1.4635469994672254e-14,1.4722538922110124e-25,1.0,1.0
291,sequential,0,1.463546999481948e-14,1.463546999481948e-14,1.4635469994672254e-14,1.4722538922110124e-25,1.0,1.0
292,sequential,0,1.463546999481948e-14,1.463546999481948e-14,1.4635469994672254e-14,1.4722538922110124e-25,1.0,1.0
293,sequential,0,1.463546999481948e-14,1.463546999481948e-14,1.4635469994672254e-14,1.4722538922110124e-25,1.0,1.0
294,sequential,0,1.463546999481948e-14,1.463546999481948e-14,1.4635469994672254e-14,1.4722538922110124e-25,1.0,1.0
295,sequential,0,1.463546999481948e-14,1.463546999481948e-14,1.4635469994672254e-14,1.4722538922110124e-25,1.0,1.0
296,sequential,0,1.463546999481948e-14,1.463546999481948e-14,1.4635469994672254e-14,1.4722538922110124e-25,1.0,1.0
297,sequential,0,1.463546999481948e-14,1.463546999481948e-14,1.4635469994672254e-14,1.4722538922110124e-25,1.0,1.0
298,sequential,0,1.463546999481948e-14,1.463546999481948e-14,1.4635469994672254e-14,1.4722538922110124e-25,1.0,1.0
299,sequential,0,1.463546999481948e-14,1.463546999481948e-14,1.4635469994672254e-14,1.4722538922110124e-25,1.0,1.0
300,sequential,0,1.463546999481948e-14,1.463546999481948e-14,1.4635469994672254e-14,1.4722538922110124e-25,1.0,1.0
301,sequential,0,1.463546999481948e-14,1.463546999481948e-14,1.4635469994672254e-14,1.4722538922110124e-25,1.0,1.0
302,sequential,0,1.463546999481948e-14,1.463546999481948e-14,1.4635469994672254e-14,1.4722538922110124e-25,1.0,1.0
303,sequential,0,1.463546999481948e-14,1.463546999481948e-14,1.4635469994672254e-14,1.4722538922110124e-25,1.0,1.0
304,sequential,0,1.463546999481948e-14,1.463546999481948e-14,1.4635469994672254e-14,1.4722538922110124e-25,1.0,1.0
305,sequential,0,1.463546999481948e-14,1.463546999481948e-14,1.4635469994672254e-14,1.4722538922110124e-25,1.0,1.0
306,sequential,0,1.463546999481948e-14,1.463546999481948e-14,1.4635469994672254e-14,1.4722538922110124e-25,1.0,1.0
307,sequential,0,1.463546999481948e-14,1.463546999481948e-14,1.4635469994672254e-14,1.4722538922110124e-25,1.0,1.0
308,sequential,0,1.463546999481948e-14,1.463546999481948e-14,1.4635469994672254e-14,1.4722538922110124e-25,1.0,1.0
309,sequential,0,1.463546999481948e-14,1.463546999481948e-14,1.4635469994672254e-14,1.4722538922110124e-25,1.0,1.0
310,sequential,0,1.463546999481948e-14,1.463546999481948e-14,1.4635469994672254e-14,1.4722538922110124e-25,1.0,1.0
311,sequential,0,1.463546999481948e-14,1.463546999481948e-14,1.4635469994672254e-14,1.4722538922110124e-25,1.0,1.0
312,sequential,0,1.463546999481948e-14,1.463546999481948e-14,1.4635469994672254e-14,1.4722538922110124e-25,1.0,1.0
313,sequential,0,1.463546999481948e-14,1.463546999481948e-14,1.4635469994672254e-14,1.4722538922110124e-25,1.0,1.0
314,sequential,0,1.463546999481948e-14,1.463546999481948e-14,1.4635469994672254e-14,1.4722538922110124e-25,1.0,1.0
315,sequential,0,1.463546999481948e-14,1.463546999481948e-14,1.4635469994672254e-14,1.4722538922110124e-25,1.0,1.0
316,sequential,0,1.463546999481948e-14,1.463546999481948e-14,1.4635469994672254e-14,1.4722538922110124e-25,1.0,1.0
317,sequential,0,1.463546999481948e-14,1.463546999481948e-14,1.4635469994672254e-14,1.4722538922110124e-25,1.0,1.0
318,sequential,0,1.463546999481948e-14,1.463546999481948e-14,1.4635469994672254e-14,1.4722538922110124e-25,1.0,1.0
319,sequential,0,1.463546999481948e-14,1.463546999481948e-14,1.4635469994672254e-14,1.4722538922110124e-25,1.0,1.0
320,sequential,0,1.463546999481948e-14,1.463546999481948e-14,1.4635469994672254e-14,1.4722538922110124e-25,1.0,1.0
321,sequential,0,1.463546999481948e-14,1.463546999481948e-14,1.4635469994672254e-14,1.4722538922110124e-25,1.0,1.0
322,sequential,0,1.463546999481948e-14,1.463546999481948e-14,1.4635469994672254e-14,1.4722538922110124e-25,1.0,1.0
323,sequential,0,1.463546999481948e-14,1.463546999481948e-14,1.4635469994672254e-14,1.4722538922110124e-25,1.0,1.0
324,sequential,0,1.463546999481948e-14,1.463546999481948e-14,1.4635469994672254e-14,1.4722538922110124e-25,1.0,1.0
325,sequential,0,1.463546999481948e-14,1.463546999481948e-14,1.4635469994672254e-14,1.4722538922110124e-25,1.0,1.0
326,sequential,0,1.463546999481948e-14,1.463546999481948e-14,1.4635469994672254e-14,1.4722538922110124e-25,1.0,1.0
327,sequential,0,1.463546999481948e-14,1.463546999481948e-14,1.4635469994672254e-14,1.4722538922110124e-25,1.0,1.0
328,sequential,0,1.463546999481948e-14,1.463546999481948e-14,1.4635469994672254e-14,1.4722538922110124e-25,1.0,1.0
329,sequential,0,1.463546999481948e-14,1.463546999481948e-14,1.4635469994672254e-14,1.4722538922110124e-25,1.0,1.0
330,sequential,0,1.463546999481948e-14,1.463546999481948e-14,1.4635469994672254e-14,1.4722538922110124e-25,1.0,1.0
331,sequential,0,1.463546999481948e-14,1.463546999481948e-14,1.4635469994672254e-14,1.4722538922110124e-25,1.0,1.0
332,sequential,0,1.463546999481948e-14,1.463546999481948e-14,1.4635469994672254e-14,1.4722538922110124e-25,1.0,1.0
333,sequential,0,1.463546999481948e-14,1.463546999481948e-14,1.4635469994672254e-14,1.4722538922110124e-25,1.0,1.0
334,sequential,0,1.463546999481948e-14,1.463546999481948e-14,1.4635469994672254e-14,1.4722538922110124e-25,1.0,1.0
335,sequential,0,1.463546999481948e-14,1.463546999481948e-14,1.4635469994672254e-14,1.4722538922110124e-25,1.0,1.0
336,sequential,0,1.463546999481948e-14,1.463546999481948e-14,1.4635469994672254e-14,1.4722538922110124e-25,1.0,1.0
337,sequential,0,1.463546999481948e-14,1.463546999481948e-14,1.4635469994672254e-14,1.4722538922110124e-25,1.0,1.0
338,sequential,0,1.463546999481948e-14,1.463546999481948e-14,1.4635469994672254e-14,1.4722538922110124e-25,1.0,1.0
339,sequential,0,1.463546999481948e-14,1.463546999481948e-14,1.4635469994672254e-14,1.4722538922110124e-25,1.0,1.0
340,sequential,0,1.463546999481948e-14,1.463546999481948e-14,1.4635469994672254e-14,1.4722538922110124e-25,1.0,1.0
341,sequential,0,1.463546999481948e-14,1.463546999481948e-14,1.4635469994672254e-14,1.4722538922110124e-25,1.0,1.0
342,sequential,0,1.463546999481948e-14,1.463546999481948e-14,1.4635469994672254e-14,1.4722538922110124e-25,1.0,1.0
343,sequential,0,1.463546999481948e-14,1.463546999481948e-14,1.4635469994672254e-14,1.4722538922110124e-25,1.0,1.0
344,sequential,0,1.463546999481948e-14,1.463546999481948e-14,1.4635469994672254e-14,1.4722538922110124e-25,1.0,1.0
345,sequential,0,1.463546999481948e-14,1.463546999481948e-14,1.4635469994672254e-14,1.4722538922110124e-25,1.0,1.0
346,sequential,0,1.463546999481948e-14,1.463546999481948e-14,1.4635469994672254e-14,1.4722538922110124e-25,1.0,1.0
347,sequential,0,1.463546999481948e-14,1.463546999481948e-14,1.4635469994672254e-14,1.4722538922110124e-25,1.0,1.0
348,sequential,0,1.463546999481948e-14,1.463546999481948e-14,1.4635469994672254e-14,1.4722538922110124e-25,1.0,1.0
349,sequential,0,1.463546999481948e-14,1.463546999481948e-14,1.4635469994672254e-14,1.4722538922110124e-25,1.0,1.0
350,sequential,0,1.463546999481948e-14,1.463546999481948e-14,1.4635469994672254e-14,1.4722538922110124e-25,1.0,1.0
351,sequential,0,1.463546999481948e-14,1.463546999481948e-14,1.4635469994672254e-14,1.4722538922110124e-25,1.0,1.0
352,sequential,0,1.463546999481948e-14,1.463546999481948e-14,1.4635469994672254e-14,1.4722538922110124e-25,1.0,1.0
353,sequential,0,1.463546999481948e-14,1.463546999481948e-14,1.4635469994672254e-14,1.4722538922110124e-25,1.0,1.0
354,sequential,0,1.463546999481948e-14,1.463546999481948e-14,1.4635469994672254e-14,1.4722538922110124e-25,1.0,1.0
355,sequential,0,1.463546999481948e-14,1.463546999481948e-14,1.4635469994672254e-14,1.4722538922110124e-25,1.0,1.0
356,sequential,0,1.463546999481948e-14,1.463546999481948e-14,1.4635469994672254e-14,1.4722538922110124e-25,1.0,1.0
357,sequential,0,1.463546999481948e-14,1.463546999481948e-14,1.4635469994672254e-14,1.4722538922110124e-25,1.0,1.0
358,sequential,0,1.463546999481948e-14,1.463546999481948e-14,1.4635469994672254e-14,1.4722538922110124e-25,1.0,1.0
359,sequential,0,1.463546999481948e-14,1.463546999481948e-14,1.4635469994672254e-14,1.4722538922110124e-25,1.0,1.0
360,sequential,0,1.463546999481948e-14,1.463546999481948e-14,1.4635469994672254e-14,1.4722538922110124e-25,1.0,1.0
361,sequential,0,1.463546999481948e-14,1.463546999481948e-14,1.4635469994672254e-14,1.4722538922110124e-25,1.0,1.0
362,sequential,0,1.463546999481948e-14,1.463546999481948e-14,1.4635469994672254e-14,1.4722538922110124e-25,1.0,1.0
363,sequential,0,1.463546999481948e-14,1.463546999481948e-14,1.4635469994672254e-14,1.4722538922110124e-25,1.0,1.0
364,sequential,0,1.463546999481948e-14,1.463546999481948e-14,1.4635469994672254e-14,1.4722538922110124e-25,1.0,1.0
365,sequential,0,1.463546999481948e-14,1.463546999481948e-14,1.4635469994672254e-14,1.4722538922110124e-25,1.0,1.0
366,sequential,0,1.463546999481948e-14,1.463546999481948e-14,1.4635469994672254e-14,1.4722538922110124e-25,1.0,1.0
367,sequential,0,1.463546999481948e-14,1.463546999481948e-14,1.4635469994672254e-14,1.4722538922110124e-25,1.0,1.0
368,sequential,0,1.463546999481948e-14,1.463546999481948e-14,1.4635469994672254e-14,1.4722538922110124e-25,1.0,1.0
369,sequential,0,1.463546999481948e-14,1.463546999481948e-14,1.4635469994672254e-14,1.4722538922110124e-25,1.0,1.0
370,sequential,0,1.463546999481948e-14,1.463546999481948e-14,1.4635469994672254e-14,1.4722538922110124e-25,1.0,1.0
371,sequential,0,1.463546999481948e-14,1.463546999481948e-14,1.4635469994672254e-14,1.4722538922110124e-25,1.0,1.0
372,sequential,0,1.463546999481948e-14,1.463546999481948e-14,1.4635469994672254e-14,1.4722538922110124e-25,1.0,1.0
373,sequential,0,1.463546999481948e-14,1.463546999481948e-14,1.4635469994672254e-14,1.4722538922110124e-25,1.0,1.0
374,sequential,0,1.463546999481948e-14,1.463546999481948e-14,1.4635469994672254e-14,1.4722538922110124e-25,1.0,1.0
375,sequential,0,1.463546999481948e-14,1.463546999481948e-14,1.4635469994672254e-14,1.4722538922110124e-25,1.0,1.0
376,sequential,0,1.463546999481948e-14,1.463546999481948e-14,1.4635469994672254e-14,1.4722538922110124e-25,1.0,1.0
377,sequential,0,1.463546999481948e-14,1.463546999481948e-14,1.4635469994672254e-14,1.4722538922110124e-25,1.0,1.0
378,sequential,0,1.463546999481948e-14,1.463546999481948e-14,1.4635469994672254e-14,1.4722538922110124e-25,1.0,1.0
379,sequential,0,1.463546999481948e-14,1.463546999481948e-14,1.4635469994672254e-14,1.4722538922110124e-25,1.0,1.0
380,sequential,0,1.463546999481948e-14,1.463546999481948e-14,1.4635469994672254e-14,1.4722538922110124e-25,1.0,1.0
381,sequential,0,1.463546999481948e-14,1.463546999481948e-14,1.4635469994672254e-14,1.4722538922110124e-25,1.0,1.0
382,sequential,0,1.463546999481948e-14,1.463546999481948e-14,1.4635469994672254e-14,1.4722538922110124e-25,1.0,1.0
383,sequential,0,1.463546999481948e-14,1.463546999481948e-14,1.4635469994672254e-14,1.4722538922110124e-25,1.0,1.0
384,sequential,0,1.463546999481948e-14,1.463546999481948e-14,1.4635469994672254e-14,1.4722538922110124e-25,1.0,1.0
385,sequential,0,1.463546999481948e-14,1.463546999481948e-14,1.4635469994672254e-14,1.4722538922110124e-25,1.0,1.0
386,sequential,0,1.463546999481948e-14,1.463546999481948e-14,1.4635469994672254e-14,1.4722538922110124e-25,1.0,1.0
387,sequential,0,1.463546999481948e-14,1.463546999481948e-14,1.4635469994672254e-14,1.4722538922110124e-25,1.0,1.0
388,sequential,0,1.463546999481948e-14,1.463546999481948e-14,1.4635469994672254e-14,1.4722538922110124e-25,1.0,1.0
389,sequential,0,1.463546999481948e-14,1.463546999481948e-14,1.4635469994672254e-14,1.4722538922110124e-25,1.0,1.0
390,sequential,0,1.463546999481948e-14,1.463546999481948e-14,1.4635469994672254e-14,1.4722538922110124e-25,1.0,1.0
391,sequential,0,1.463546999481948e-14,1.463546999481948e-14,1.4635469994672254e-14,1.4722538922110124e-25,1.0,1.0
392,sequential,0,1.463546999481948e-14,1.463546999481948e-14,1.4635469994672254e-14,1.4722538922110124e-25,1.0,1.0
393,sequential,0,1.463546999481948e-14,1.463546999481948e-14,1.4635469994672254e-14,1.4722538922110124e-25,1.0,1.0
394,sequential,0,1.463546999481948e-14,1.463546999481948e-14,1.4635469994672254e-14,1.4722538922110124e-25,1.0,1.0
395,sequential,0,1.463546999481948e-14,1.463546999481948e-14,1.4635469994672254e-14,1.4722538922110124e-25,1.0,1.0
396,sequential,0,1.463546999481948e-14,1.463546999481948e-14,1.4635469994672254e-14,1.4722538922110124e-25,1.0,1.0
397,sequential,0,1.463546999481948e-14,1.463546999481948e-14,1.4635469994672254e-14,1.4722538922110124e-25,1.0,1.0
398,sequential,0,1.463546999481948e-14,1.463546999481948e-14,1.4635469994672254e-14,1.4722538922110124e-25,1.0,1.0
399,sequential,0,1.463546999481948e-14,1.463546999481948e-14,1.4635469994672254e-14,1.4722538922110124e-25,1.0,1.0
400,sequential,0,1.463546999481948e-14,1.463546999481948e-14,1.4635469994672254e-14,1.4722538922110124e-25,1.0,1.0
401,sequential,0,1.463546999481948e-14,1.463546999481948e-14,1.4635469994672254e-14,1.4722538922110124e-25,1.0,1.0
402,sequential,0,1.463546999481948e-14,1.463546999481948e-14,1.4635469994672254e-14,1.4722538922110124e-25,1.0,1.0
403,sequential,0,1.463546999481948e-14,1.463546999481948e-14,1.4635469994672254e-14,1.4722538922110124e-25,1.0,1.0
404,sequential,0,1.463546999481948e-14,1.463546999481948e-14,1.4635469994672254e-14,1.4722538922110124e-25,1.0,1.0
405,sequential,0,1.463546999481948e-14,1.463546999481948e-14,1.4635469994672254e-14,1.4722538922110124e-25,1.0,1.0
406,sequential,0,1.463546999481948e-14,1.463546999481948e-14,1.4635469994672254e-14,1.4722538922110124e-25,1.0,1.0
407,sequential,0,1.463546999481948e-14,1.463546999481948e-14,1.4635469994672254e-14,1.4722538922110124e-25,1.0,1.0
408,sequential,0,1.463546999481948e-14,1.463546999481948e-14,1.4635469994672254e-14,1.4722538922110124e-25,1.0,1.0
409,sequential,0,1.463546999481948e-14,1.463546999481948e-14,1.4635469994672254e-14,1.4722538922110124e-25,1.0,1.0
410,sequential,0,1.463546999481948e-14,1.463546999481948e-14,1.4635469994672254e-14,1.4722538922110124e-25,1.0,1.0
411,sequential,0,1.463546999481948e-14,1.463546999481948e-14,1.4635469994672254e-14,1.4722538922110124e-25,1.0,1.0
412,sequential,0,1.463546999481948e-14,1.463546999481948e-14,1.4635469994672254e-14,1.4722538922110124e-25,1.0,1.0
413,sequential,0,1.463546999481948e-14,1.463546999481948e-14,1.4635469994672254e-14,1.4722538922110124e-25,1.0,1.0
414,sequential,0,1.463546999481948e-14,1.463546999481948e-14,1.4635469994672254e-14,1.4722538922110124e-25,1.0,1.0
415,sequential,0,1.463546999481948e-14,1.463546999481948e-14,1.4635469994672254e-14,1.4722538922110124e-25,1.0,1.0
416,sequential,0,1.463546999481948e-14,1.463546999481948e-14,1.4635469994672254e-14,1.4722538922110124e-25,1.0,1.0
417,sequential,0,1.463546999481948e-14,1.463546999481948e-14,1.4635469994672254e-14,1.4722538922110124e-25,1.0,1.0
418,sequential,0,1.463546999481948e-14,1.463546999481948e-14,1.4635469994672254e-14,1.4722538922110124e-25,1.0,1.0
419,sequential,0,1.463546999481948e-14,1.463546999481948e-14,1.4635469994672254e-14,1.4722538922110124e-25,1.0,1.0
420,sequential,0,1.463546999481948e-14,1.463546999481948e-14,1.4635469994672254e-14,1.4722538922110124e-25,1.0,1.0
421,sequential,0,1.463546999481948e-14,1.463546999481948e-14,1.4635469994672254e-14,1.4722538922110124e-25,1.0,1.0
422,sequential,0,1.463546999481948e-14,1.463546999481948e-14,1.4635469994672254e-14,1.4722538922110124e-25,1.0,1.0
423,sequential,0,1.463546999481948e-14,1.463546999481948e-14,1.4635469994672254e-14,1.4722538922110124e-25,1.0,1.0
424,sequential,0,1.463546999481948e-14,1.463546999481948e-14,1.4635469994672254e-14,1.4722538922110124e-25,1.0,1.0
425,sequential,0,1.463546999481948e-14,1.463546999481948e-14,1.4635469994672254e-14,1.4722538922110124e-25,1.0,1.0
426,sequential,0,1.463546999481948e-14,1.463546999481948e-14,1.4635469994672254e-14,1.4722538922110124e-25,1.0,1.0
427,sequential,0,1.463546999481948e-14,1.463546999481948e-14,1.4635469994672254e-14,1.4722538922110124e-25,1.0,1.0
428,sequential,0,1.463546999481948e-14,1.463546999481948e-14,1.4635469994672254e-14,1.4722538922110124e-25,1.0,1.0
429,sequential,0,1.463546999481948e-14,1.463546999481948e-14,1.4635469994672254e-14,1.4722538922110124e-25,1.0,1.0
430,sequential,0,1.463546999481948e-14,1.463546999481948e-14,1.4635469994672254e-14,1.4722538922110124e-25,1.0,1.0
431,sequential,0,1.463546999481948e-14,1.463546999481948e-14,1.4635469994672254e-14,1.4722538922110124e-25,1.0,1.0
432,sequential,0,1.463546999481948e-14,1.463546999481948e-14,1.4635469994672254e-14,1.4722538922110124e-25,1.0,1.0
433,sequential,0,1.463546999481948e-14,1.463546999481948e-14,1.4635469994672254e-14,1.4722538922110124e-25,1.0,1.0
434,sequential,0,1.463546999481948e-14,1.463546999481948e-14,1.4635469994672254e-14,1.4722538922110124e-25,1.0,1.0
435,sequential,0,1.463546999481948e-14,1.463546999481948e-14,1.4635469994672254e-14,1.4722538922110124e-25,1.0,1.0
436,sequential,0,1.463546999481948e-14,1.463546999481948e-14,1.4635469994672254e-14,1.4722538922110124e-25,1.0,1.0
437,sequential,0,1.463546999481948e-14,1.463546999481948e-14,1.4635469994672254e-14,1.4722538922110124e-25,1.0,1.0
438,sequential,0,1.463546999481948e-14,1.463546999481948e-14,1.4635469994672254e-14,1.4722538922110124e-25,1.0,1.0
439,sequential,0,1.463546999481948e-14,1.463546999481948e-14,1.4635469994672254e-14,1.4722538922110124e-25,1.0,1.0
440,sequential,0,1.463546999481948e-14,1.463546999481948e-14,1.4635469994672254e-14,1.4722538922110124e-25,1.0,1.0
441,sequential,0,1.463546999481948e-14,1.463546999481948e-14,1.4635469994672254e-14,1.4722538922110124e-25,1.0,1.0
442,sequential,0,1.463546999481948e-14,1.463546999481948e-14,1.4635469994672254e-14,1.4722538922110124e-25,1.0,1.0
443,sequential,0,1.463546999481948e-14,1.463546999481948e-14,1.4635469994672254e-14,1.4722538922110124e-25,1.0,1.0
444,sequential,0,1.463546999481948e-14,1.463546999481948e-14,1.4635469994672254e-14,1.4722538922110124e-25,1.0,1.0
445,sequential,0,1.463546999481948e-14,1.463546999481948e-14,1.4635469994672254e-14,1.4722538922110124e-25,1.0,1.0
446,sequential,0,1.463546999481948e-14,1.463546999481948e-14,1.4635469994672254e-14,1.4722538922110124e-25,1.0,1.0
447,sequential,0,1.463546999481948e-14,1.463546999481948e-14,1.4635469994672254e-14,1.4722538922110124e-25,1.0,1.0
448,sequential,0,1.463546999481948e-14,1.463546999481948e-14,1.4635469994672254e-14,1.4722538922110124e-25,1.0,1.0
449,sequential,0,1.463546999481948e-14,1.463546999481948e-14,1.4635469994672254e-14,1.4722538922110124e-25,1.0,1.0
450,sequential,0,1.463546999481948e-14,1.463546999481948e-14,1.4635469994672254e-14,1.4722538922110124e-25,1.0,1.0
451,sequential,0,1.463546999481948e-14,1.463546999481948e-14,1.4635469994672254e-14,1.4722538922110124e-25,1.0,1.0
452,sequential,0,1.463546999481948e-14,1.463546999481948e-14,1.4635469994672254e-14,1.4722538922110124e-25,1.0,1.0
453,sequential,0,1.463546999481948e-14,1.463546999481948e-14,1.4635469994672254e-14,1.4722538922110124e-25,1.0,1.0
454,sequential,0,1.463546999481948e-14,1.463546999481948e-14,1.4635469994672254e-14,1.4722538922110124e-25,1.0,1.0
455,sequential,0,1.463546999481948e-14,1.463546999481948e-14,1.4635469994672254e-14,1.4722538922110124e-25,1.0,1.0
456,sequential,0,1.463546999481948e-14,1.463546999481948e-14,1.4635469994672254e-14,1.4722538922110124e-25,1.0,1.0
457,sequential,0,1.463546999481948e-14,1.463546999481948e-14,1.4635469994672254e-14,1.4722538922110124e-25,1.0,1.0
458,sequential,0,1.463546999481948e-14,1.463546999481948e-14,1.4635469994672254e-14,1.4722538922110124e-25,1.0,1.0
459,sequential,0,1.463546999481948e-14,1.463546999481948e-14,1.4635469994672254e-14,1.4722538922110124e-25,1.0,1.0
460,sequential,0,1.463546999481948e-14,1.463546999481948e-14,1.4635469994672254e-14,1.4722538922110124e-25,1.0,1.0
461,sequential,0,1.463546999481948e-14,1.463546999481948e-14,1.4635469994672254e-14,1.4722538922110124e-25,1.0,1.0
462,sequential,0,1.463546999481948e-14,1.463546999481948e-14,1.4635469994672254e-14,1.4722538922110124e-25,1.0,1.0
463,sequential,0,1.463546999481948e-14,1.463546999481948e-14,1.4635469994672254e-14,1.4722538922110124e-25,1.0,1.0
464,sequential,0,1.463546999481948e-14,1.463546999481948e-14,1.4635469994672254e-14,1.4722538922110124e-25,1.0,1.0
465,sequential,0,1.463546999481948e-14,1.463546999481948e-14,1.4635469994672254e-14,1.4722538922110124e-25,1.0,1.0
466,sequential,0,1.463546999481948e-14,1.463546999481948e-14,1.4635469994672254e-14,1.4722538922110124e-25,1.0,1.0
467,sequential,0,1.463546999481948e-14,1.463546999481948e-14,1.4635469994672254e-14,1.4722538922110124e-25,1.0,1.0
468,sequential,0,1.463546999481948e-14,1.463546999481948e-14,1.4635469994672254e-14,1.4722538922110124e-25,1.0,1.0
469,sequential,0,1.463546999481948e-14,1.463546999481948e-14,1.4635469994672254e-14,1.4722538922110124e-25,1.0,1.0
470,sequential,0,1.463546999481948e-14,1.463546999481948e-14,1.4635469994672254e-14,1.4722538922110124e-25,1.0,1.0
471,sequential,0,1.463546999481948e-14,1.463546999481948e-14,1.4635469994672254e-14,1.4722538922110124e-25,1.0,1.0
472,sequential,0,1.463546999481948e-14,1.463546999481948e-14,1.4635469994672254e-14,1.4722538922110124e-25,1.0,1.0
473,sequential,0,1.463546999481948e-14,1.463546999481948e-14,1.4635469994672254e-14,1.4722538922110124e-25,1.0,1.0
474,sequential,0,1.463546999481948e-14,1.463546999481948e-14,1.4635469994672254e-14,1.4722538922110124e-25,1.0,1.0
475,sequential,0,1.463546999481948e-14,1.463546999481948e-14,1.4635469994672254e-14,1.4722538922110124e-25,1.0,1.0
476,sequential,0,1.463546999481948e-14,1.463546999481948e-14,1.4635469994672254e-14,1.4722538922110124e-25,1.0,1.0
477,sequential,0,1.463546999481948e-14,1.463546999481948e-14,1.4635469994672254e-14,1.4722538922110124e-25,1.0,1.0
478,sequential,0,1.463546999481948e-14,1.463546999481948e-14,1.4635469994672254e-14,1.4722538922110124e-25,1.0,1.0
479,sequential,0,1.463546999481948e-14,1.463546999481948e-14,1.4635469994672254e-14,1.4722538922110124e-25,1.0,1.0
480,sequential,0,1.463546999481948e-14,1.463546999481948e-14,1.4635469994672254e-14,1.4722538922110124e-25,1.0,1.0
481,sequential,0,1.463546999481948e-14,1.463546999481948e-14,1.4635469994672254e-14,1.4722538922110124e-25,1.0,1.0
482,sequential,0,1.463546999481948e-14,1.463546999481948e-14,1.4635469994672254e-14,1.4722538922110124e-25,1.0,1.0
483,sequential,0,1.463546999481948e-14,1.463546999481948e-14,1.4635469994672254e-14,1.4722538922110124e-25,1.0,1.0
484,sequential,0,1.463546999481948e-14,1.463546999481948e-14,1.4635469994672254e-14,1.4722538922110124e-25,1.0,1.0
485,sequential,0,1.463546999481948e-14,1.463546999481948e-14,1.4635469994672254e-14,1.4722538922110124e-25,1.0,1.0
486,sequential,0,1.463546999481948e-14,1.463546999481948e-14,1.4635469994672254e-14,1.4722538922110124e-25,1.0,1.0
487,sequential,0,1.463546999481948e-14,1.463546999481948e-14,1.4635469994672254e-14,1.4722538922110124e-25,1.0,1.0
488,sequential,0,1.463546999481948e-14,1.463546999481948e-14,1.4635469994672254e-14,1.4722538922110124e-25,1.0,1.0
489,sequential,0,1.463546999481948e-14,1.463546999481948e-14,1.4635469994672254e-14,1.4722538922110124e-25,1.0,1.0
490,sequential,0,1.463546999481948e-14,1.463546999481948e-14,1.4635469994672254e-14,1.4722538922110124e-25,1.0,1.0
491,sequential,0,1.463546999481948e-14,1.463546999481948e-14,1.4635469994672254e-14,1.4722538922110124e-25,1.0,1.0
492,sequential,0,1.463546999481948e-14,1.463546999481948e-14,1.4635469994672254e-14,1.4722538922110124e-25,1.0,1.0
493,sequential,0,1.463546999481948e-14,1.463546999481948e-14,1.4635469994672254e-14,1.4722538922110124e-25,1.0,1.0
494,sequential,0,1.463546999481948e-14,1.463546999481948e-14,1.4635469994672254e-14,1.4722538922110124e-25,1.0,1.0
495,sequential,0,1.463546999481948e-14,1.463546999481948e-14,1.4635469994672254e-14,1.4722538922110124e-25,1.0,1.0
496,sequential,0,1.463546999481948e-14,1.463546999481948e-14,1.4635469994672254e-14,1.4722538922110124e-25,1.0,1.0
497,sequential,0,1.463546999481948e-14,1.463546999481948e-14,1.4635469994672254e-14,1.4722538922110124e-25,1.0,1.0
498,sequential,0,1.463546999481948e-14,1.463546999481948e-14,1.4635469994672254e-14,1.4722538922110124e-25,1.0,1.0
499,sequential,0,1.463546999481948e-14,1.463546999481948e-14,1.4635469994672254e-14,1.4722538922110124e-25,1.0,1.0
500,sequential,0,1.463546999481948e-14,1.463546999481948e-14,1.4635469994672254e-14,1.4722538922110124e-25,1.0,1.0
1,sequential,1,369.0782606833984,369.0782606833984,369.0348552957509,0.043405387647506274,1.0,1.0
2,sequential,1,8.246917026001253,8.246917026001253,7.683508629755817,0.5634083962454352,1.0,1.0
3,sequential,1,0.4759456166145766,0.4759456166145766,0.015627275106474922,0.4603183415081017,1.0,1.0
4,sequential,1,0.4635495187560412,0.4635495187560412,0.00027984899860648404,0.4632696697574347,1.0,1.0
5,sequential,1,0.4633039635577646,0.4633039635577646,0.0003391173310146898,0.4629648462267499,1.0,1.0
6,sequential,1,0.46322185694180695,0.46322185694180695,0.00026578195155788217,0.46295607499024904,1.0,1.0
7,sequential,1,0.46320238125100205,0.46320238125100205,0.00027631920460351585,0.4629260620463985,1.0,1.0
8,sequential,1,0.46318566595272526,0.46318566595272526,0.00029099084247383644,0.4628946751102514,1.0,1.0
9,sequential,1,0.46311567097012163,0.46311567097012163,0.0002887870214573301,0.4628268839486643,1.0,1.0
10,sequential,1,0.4623265152185956,0.4623265152185956,0.00028791181505821717,0.46203860340353736,1.0,1.0
11,sequential,1,153.53648378364284,153.53648378364284,153.39501713198712,0.14146665165570485,1.0,1.0
12,sequential,1,8498501635.142007,8498501635.142007,7325977585.239337,1172524049.90267,1.0,1.0
13,sequential,1,137678969.54088238,137678969.54088238,137594972.77478114,83996.76610123501,1.0,1.0
14,sequential,1,4219.040645405003,4219.040645405003,4217.742944747127,1.2977006578757653,1.0,1.0
15,sequential,1,0.463209617288752,0.463209617288752,0.00048572945742376863,0.46272388783132823,1.0,1.0
16,sequential,1,0.4631575415261541,0.4631575415261541,0.0002818018889801696,0.46287573963717393,1.0,1.0
17,sequential,1,0.4631575415261541,0.4631575415261541,0.0002818018889801696,0.46287573963717393,1.0,1.0
18,sequential,1,0.4631575415261541,0.4631575415261541,0.0002818018889801696,0.46287573963717393,1.0,1.0
19,sequential,1,0.4631575415261541,0.4631575415261541,0.0002818018889801696,0.46287573963717393,1.0,1.0
20,sequential,1,0.4631575415261541,0.4631575415261541,0.0002818018889801696,0.46287573963717393,1.0,1.0
21,sequential,1,0.4631575415261541,0.4631575415261541,0.0002818018889801696,0.46287573963717393,1.0,1.0
22,sequential,1,0.4631575415261541,0.4631575415261541,0.0002818018889801696,0.46287573963717393,1.0,1.0
23,sequential,1,0.4631575415261541,0.4631575415261541,0.0002818018889801696,0.46287573963717393,1.0,1.0
24,sequential,1,0.4631575415261541,0.4631575415261541,0.0002818018889801696,0.46287573963717393,1.0,1.0
25,sequential,1,0.4631575415261541,0.4631575415261541,0.0002818018889801696,0.46287573963717393,1.0,1.0
26,sequential,1,0.4631575415261541,0.4631575415261541,0.0002818018889801696,0.46287573963717393,1.0,1.0
27,sequential,1,0.4631575415261541,0.4631575415261541,0.0002818018889801696,0.46287573963717393,1.0,1.0
28,sequential,1,0.4631575415261541,0.4631575415261541,0.0002818018889801696,0.46287573963717393,1.0,1.0
29,sequential,1,0.4631575415261541,0.4631575415261541,0.0002818018889801696,0.46287573963717393,1.0,1.0
30,sequential,1,0.4631575415261541,0.4631575415261541,0.0002818018889801696,0.46287573963717393,1.0,1.0
31,sequential,1,0.4631575415261541,0.4631575415261541,0.0002818018889801696,0.46287573963717393,1.0,1.0
32,sequential,1,0.4631575415261541,0.4631575415261541,0.0002818018889801696,0.46287573963717393,1.0,1.0
33,sequential,1,0.4631575415261541,0.4631575415261541,0.0002818018889801696,0.46287573963717393,1.0,1.0
34,sequential,1,0.4631575415261541,0.4631575415261541,0.0002818018889801696,0.46287573963717393,1.0,1.0
35,sequential,1,0.4631575415261541,0.4631575415261541,0.0002818018889801696,0.46287573963717393,1.0,1.0
36,sequential,1,0.4631575415261541,0.4631575415261541,0.0002818018889801696,0.46287573963717393,1.0,1.0
37,sequential,1,0.4631575415261541,0.4631575415261541,0.0002818018889801696,0.46287573963717393,1.0,1.0
38,sequential,1,0.4631575415261541,0.4631575415261541,0.0002818018889801696,0.46287573963717393,1.0,1.0
39,sequential,1,0.4631575415261541,0.4631575415261541,0.0002818018889801696,0.46287573963717393,1.0,1.0
40,sequential,1,0.4631575415261541,0.4631575415261541,0.0002818018889801696,0.46287573963717393,1.0,1.0
41,sequential,1,0.4631575415261541,0.4631575415261541,0.0002818018889801696,0.46287573963717393,1.0,1.0
42,sequential,1,0.4631575415261541,0.4631575415261541,0.0002818018889801696,0.46287573963717393,1.0,1.0
43,sequential,1,0.4631575415261541,0.4631575415261541,0.0002818018889801696,0.46287573963717393,1.0,1.0
44,sequential,1,0.4631575415261541,0.4631575415261541,0.0002818018889801696,0.46287573963717393,1.0,1.0
45,sequential,1,0.4631575415261541,0.4631575415261541,0.0002818018889801696,0.46287573963717393,1.0,1.0
46,sequential,1,0.4631575415261541,0.4631575415261541,0.0002818018889801696,0.46287573963717393,1.0,1.0
47,sequential,1,0.4631575415261541,0.4631575415261541,0.0002818018889801696,0.46287573963717393,1.0,1.0
48,sequential,1,0.4631575415261541,0.4631575415261541,0.0002818018889801696,0.46287573963717393,1.0,1.0
49,sequential,1,0.4631575415261541,0.4631575415261541,0.0002818018889801696,0.46287573963717393,1.0,1.0
50,sequential,1,0.4631575415261541,0.4631575415261541,0.0002818018889801696,0.46287573963717393,1.0,1.0
51,sequential,1,0.4631575415261541,0.4631575415261541,0.0002818018889801696,0.46287573963717393,1.0,1.0
52,sequential,1,0.4631575415261541,0.4631575415261541,0.0002818018889801696,0.46287573963717393,1.0,1.0
53,sequential,1,0.4631575415261541,0.4631575415261541,0.0002818018889801696,0.46287573963717393,1.0,1.0
54,sequential,1,0.4631575415261541,0.4631575415261541,0.0002818018889801696,0.46287573963717393,1.0,1.0
55,sequential,1,0.4631575415261541,0.4631575415261541,0.0002818018889801696,0.46287573963717393,1.0,1.0
56,sequential,1,0.4631575415261541,0.4631575415261541,0.0002818018889801696,0.46287573963717393,1.0,1.0
57,sequential,1,0.4631575415261541,0.4631575415261541,0.0002818018889801696,0.46287573963717393,1.0,1.0
58,sequential,1,0.4631575415261541,0.4631575415261541,0.0002818018889801696,0.46287573963717393,1.0,1.0
59,sequential,1,0.4631575415261541,0.4631575415261541,0.0002818018889801696,0.46287573963717393,1.0,1.0
60,sequential,1,0.4631575415261541,0.4631575415261541,0.0002818018889801696,0.46287573963717393,1.0,1.0
61,sequential,1,0.4631575415261541,0.4631575415261541,0.0002818018889801696,0.46287573963717393,1.0,1.0
62,sequential,1,0.4631575415261541,0.4631575415261541,0.0002818018889801696,0.46287573963717393,1.0,1.0
63,sequential,1,0.4631575415261541,0.4631575415261541,0.0002818018889801696,0.46287573963717393,1.0,1.0
64,sequential,1,0.4631575415261541,0.4631575415261541,0.0002818018889801696,0.46287573963717393,1.0,1.0
65,sequential,1,0.4631575415261541,0.4631575415261541,0.0002818018889801696,0.46287573963717393,1.0,1.0
66,sequential,1,0.4631575415261541,0.4631575415261541,0.0002818018889801696,0.46287573963717393,1.0,1.0
67,sequential,1,0.4631575415261541,0.4631575415261541,0.0002818018889801696,0.46287573963717393,1.0,1.0
68,sequential,1,0.4631575415261541,0.4631575415261541,0.0002818018889801696,0.46287573963717393,1.0,1.0
69,sequential,1,0.4631575415261541,0.4631575415261541,0.0002818018889801696,0.46287573963717393,1.0,1.0
70,sequential,1,0.4631575415261541,0.4631575415261541,0.0002818018889801696,0.46287573963717393,1.0,1.0
71,sequential,1,0.4631575415261541,0.4631575415261541,0.0002818018889801696,0.46287573963717393,1.0,1.0
72,sequential,1,0.4631575415261541,0.4631575415261541,0.0002818018889801696,0.46287573963717393,1.0,1.0
73,sequential,1,0.4631575415261541,0.4631575415261541,0.0002818018889801696,0.46287573963717393,1.0,1.0
74,sequential,1,0.4631575415261541,0.4631575415261541,0.0002818018889801696,0.46287573963717393,1.0,1.0
75,sequential,1,0.4631575415261541,0.4631575415261541,0.0002818018889801696,0.46287573963717393,1.0,1.0
76,sequential,1,0.4631575415261541,0.4631575415261541,0.0002818018889801696,0.46287573963717393,1.0,1.0
77,sequential,1,0.4631575415261541,0.4631575415261541,0.0002818018889801696,0.46287573963717393,1.0,1.0
78,sequential,1,0.4631575415261541,0.4631575415261541,0.0002818018889801696,0.46287573963717393,1.0,1.0
79,sequential,1,0.4631575415261541,0.4631575415261541,0.0002818018889801696,0.46287573963717393,1.0,1.0
80,sequential,1,0.4631575415261541,0.4631575415261541,0.0002818018889801696,0.46287573963717393,1.0,1.0
81,sequential,1,0.4631575415261541,0.4631575415261541,0.0002818018889801696,0.46287573963717393,1.0,1.0
82,sequential,1,0.4631575415261541,0.4631575415261541,0.0002818018889801696,0.46287573963717393,1.0,1.0
83,sequential,1,0.4631575415261541,0.4631575415261541,0.0002818018889801696,0.46287573963717393,1.0,1.0
84,sequential,1,0.4631575415261541,0.4631575415261541,0.0002818018889801696,0.46287573963717393,1.0,1.0
85,sequential,1,0.4631575415261541,0.4631575415261541,0.0002818018889801696,0.46287573963717393,1.0,1.0
86,sequential,1,0.4631575415261541,0.4631575415261541,0.0002818018889801696,0.46287573963717393,1.0,1.0
87,sequential,1,0.4631575415261541,0.4631575415261541,0.0002818018889801696,0.46287573963717393,1.0,1.0
88,sequential,1,0.4631575415261541,0.4631575415261541,0.0002818018889801696,0.46287573963717393,1.0,1.0
89,sequential,1,0.4631575415261541,0.4631575415261541,0.0002818018889801696,0.46287573963717393,1.0,1.0
90,sequential,1,0.4631575415261541,0.4631575415261541,0.0002818018889801696,0.46287573963717393,1.0,1.0
91,sequential,1,0.4631575415261541,0.4631575415261541,0.0002818018889801696,0.46287573963717393,1.0,1.0
92,sequential,1,0.4631575415261541,0.4631575415261541,0.0002818018889801696,0.46287573963717393,1.0,1.0
93,sequential,1,0.4631575415261541,0.4631575415261541,0.0002818018889801696,0.46287573963717393,1.0,1.0
94,sequential,1,0.4631575415261541,0.4631575415261541,0.0002818018889801696,0.46287573963717393,1.0,1.0
95,sequential,1,0.4631575415261541,0.4631575415261541,0.0002818018889801696,0.46287573963717393,1.0,1.0
96,sequential,1,0.4631575415261541,0.4631575415261541,0.0002818018889801696,0.46287573963717393,1.0,1.0
97,sequential,1,0.4631575415261541,0.4631575415261541,0.0002818018889801696,0.46287573963717393,1.0,1.0
98,sequential,1,0.4631575415261541,0.4631575415261541,0.0002818018889801696,0.46287573963717393,1.0,1.0
99,sequential,1,0.4631575415261541,0.4631575415261541,0.0002818018889801696,0.46287573963717393,1.0,1.0
100,sequential,1,0.4631575415261541,0.4631575415261541,0.0002818018889801696,0.46287573963717393,1.0,1.0
101,sequential,1,0.4631575415261541,0.4631575415261541,0.0002818018889801696,0.46287573963717393,1.0,1.0
102,sequential,1,0.4631575415261541,0.4631575415261541,0.0002818018889801696,0.46287573963717393,1.0,1.0
103,sequential,1,0.4631575415261541,0.4631575415261541,0.0002818018889801696,0.46287573963717393,1.0,1.0
104,sequential,1,0.4631575415261541,0.4631575415261541,0.0002818018889801696,0.46287573963717393,1.0,1.0
105,sequential,1,0.4631575415261541,0.4631575415261541,0.0002818018889801696,0.46287573963717393,1.0,1.0
106,sequential,1,0.4631575415261541,0.4631575415261541,0.0002818018889801696,0.46287573963717393,1.0,1.0
107,sequential,1,0.4631575415261541,0.4631575415261541,0.0002818018889801696,0.46287573963717393,1.0,1.0
108,sequential,1,0.4631575415261541,0.4631575415261541,0.0002818018889801696,0.46287573963717393,1.0,1.0
109,sequential,1,0.4631575415261541,0.4631575415261541,0.0002818018889801696,0.46287573963717393,1.0,1.0
110,sequential,1,0.4631575415261541,0.4631575415261541,0.0002818018889801696,0.46287573963717393,1.0,1.0
111,sequential,1,0.4631575415261541,0.4631575415261541,0.0002818018889801696,0.46287573963717393,1.0,1.0
112,sequential,1,0.4631575415261541,0.4631575415261541,0.0002818018889801696,0.46287573963717393,1.0,1.0
113,sequential,1,0.4631575415261541,0.4631575415261541,0.0002818018889801696,0.46287573963717393,1.0,1.0
114,sequential,1,0.4631575415261541,0.4631575415261541,0.0002818018889801696,0.46287573963717393,1.0,1.0
115,sequential,1,0.4631575415261541,0.4631575415261541,0.0002818018889801696,0.46287573963717393,1.0,1.0
116,sequential,1,0.4631575415261541,0.4631575415261541,0.0002818018889801696,0.46287573963717393,1.0,1.0
117,sequential,1,0.4631575415261541,0.4631575415261541,0.0002818018889801696,0.46287573963717393,1.0,1.0
118,sequential,1,0.4631575415261541,0.4631575415261541,0.0002818018889801696,0.46287573963717393,1.0,1.0
119,sequential,1,0.4631575415261541,0.4631575415261541,0.0002818018889801696,0.46287573963717393,1.0,1.0
120,sequential,1,0.4631575415261541,0.4631575415261541,0.0002818018889801696,0.46287573963717393,1.0,1.0
121,sequential,1,0.4631575415261541,0.4631575415261541,0.0002818018889801696,0.46287573963717393,1.0,1.0
122,sequential,1,0.4631575415261541,0.4631575415261541,0.0002818018889801696,0.46287573963717393,1.0,1.0
123,sequential,1,0.4631575415261541,0.4631575415261541,0.0002818018889801696,0.46287573963717393,1.0,1.0
124,sequential,1,0.4631575415261541,0.4631575415261541,0.0002818018889801696,0.46287573963717393,1.0,1.0
125,sequential,1,0.4631575415261541,0.4631575415261541,0.0002818018889801696,0.46287573963717393,1.0,1.0
126,sequential,1,0.4631575415261541,0.4631575415261541,0.0002818018889801696,0.46287573963717393,1.0,1.0
127,sequential,1,0.4631575415261541,0.4631575415261541,0.0002818018889801696,0.46287573963717393,1.0,1.0
128,sequential,1,0.4631575415261541,0.4631575415261541,0.0002818018889801696,0.46287573963717393,1.0,1.0
129,sequential,1,0.4631575415261541,0.4631575415261541,0.0002818018889801696,0.46287573963717393,1.0,1.0
130,sequential,1,0.4631575415261541,0.4631575415261541,0.0002818018889801696,0.46287573963717393,1.0,1.0
131,sequential,1,0.4631575415261541,0.4631575415261541,0.0002818018889801696,0.46287573963717393,1.0,1.0
132,sequential,1,0.4631575415261541,0.4631575415261541,0.0002818018889801696,0.46287573963717393,1.0,1.0
133,sequential,1,0.4631575415261541,0.4631575415261541,0.0002818018889801696,0.46287573963717393,1.0,1.0
134,sequential,1,0.4631575415261541,0.4631575415261541,0.0002818018889801696,0.46287573963717393,1.0,1.0
135,sequential,1,0.4631575415261541,0.4631575415261541,0.0002818018889801696,0.46287573963717393,1.0,1.0
136,sequential,1,0.4631575415261541,0.4631575415261541,0.0002818018889801696,0.46287573963717393,1.0,1.0
137,sequential,1,0.4631575415261541,0.4631575415261541,0.0002818018889801696,0.46287573963717393,1.0,1.0
138,sequential,1,0.4631575415261541,0.4631575415261541,0.0002818018889801696,0.46287573963717393,1.0,1.0
139,sequential,1,0.4631575415261541,0.4631575415261541,0.0002818018889801696,0.46287573963717393,1.0,1.0
140,sequential,1,0.4631575415261541,0.4631575415261541,0.0002818018889801696,0.46287573963717393,1.0,1.0
141,sequential,1,0.4631575415261541,0.4631575415261541,0.0002818018889801696,0.46287573963717393,1.0,1.0
142,sequential,1,0.4631575415261541,0.4631575415261541,0.0002818018889801696,0.46287573963717393,1.0,1.0
143,sequential,1,0.4631575415261541,0.4631575415261541,0.0002818018889801696,0.46287573963717393,1.0,1.0
144,sequential,1,0.4631575415261541,0.4631575415261541,0.0002818018889801696,0.46287573963717393,1.0,1.0
145,sequential,1,0.4631575415261541,0.4631575415261541,0.0002818018889801696,0.46287573963717393,1.0,1.0
146,sequential,1,0.4631575415261541,0.4631575415261541,0.0002818018889801696,0.46287573963717393,1.0,1.0
147,sequential,1,0.4631575415261541,0.4631575415261541,0.0002818018889801696,0.46287573963717393,1.0,1.0
148,sequential,1,0.4631575415261541,0.4631575415261541,0.0002818018889801696,0.46287573963717393,1.0,1.0
149,sequential,1,0.4631575415261541,0.4631575415261541,0.0002818018889801696,0.46287573963717393,1.0,1.0
150,sequential,1,0.4631575415261541,0.4631575415261541,0.0002818018889801696,0.46287573963717393,1.0,1.0
151,sequential,1,0.4631575415261541,0.4631575415261541,0.0002818018889801696,0.46287573963717393,1.0,1.0
152,sequential,1,0.4631575415261541,0.4631575415261541,0.0002818018889801696,0.46287573963717393,1.0,1.0
153,sequential,1,0.4631575415261541,0.4631575415261541,0.0002818018889801696,0.46287573963717393,1.0,1.0
154,sequential,1,0.4631575415261541,0.4631575415261541,0.0002818018889801696,0.46287573963717393,1.0,1.0
155,sequential,1,0.4631575415261541,0.4631575415261541,0.0002818018889801696,0.46287573963717393,1.0,1.0
156,sequential,1,0.4631575415261541,0.4631575415261541,0.0002818018889801696,0.46287573963717393,1.0,1.0
157,sequential,1,0.4631575415261541,0.4631575415261541,0.0002818018889801696,0.46287573963717393,1.0,1.0
158,sequential,1,0.4631575415261541,0.4631575415261541,0.0002818018889801696,0.46287573963717393,1.0,1.0
159,sequential,1,0.4631575415261541,0.4631575415261541,0.0002818018889801696,0.46287573963717393,1.0,1.0
160,sequential,1,0.4631575415261541,0.4631575415261541,0.0002818018889801696,0.46287573963717393,1.0,1.0
161,sequential,1,0.4631575415261541,0.4631575415261541,0.0002818018889801696,0.46287573963717393,1.0,1.0
162,sequential,1,0.4631575415261541,0.4631575415261541,0.0002818018889801696,0.46287573963717393,1.0,1.0
163,sequential,1,0.4631575415261541,0.4631575415261541,0.0002818018889801696,0.46287573963717393,1.0,1.0
164,sequential,1,0.4631575415261541,0.4631575415261541,0.0002818018889801696,0.46287573963717393,1.0,1.0
165,sequential,1,0.4631575415261541,0.4631575415261541,0.0002818018889801696,0.46287573963717393,1.0,1.0
166,sequential,1,0.4631575415261541,0.4631575415261541,0.0002818018889801696,0.46287573963717393,1.0,1.0
167,sequential,1,0.4631575415261541,0.4631575415261541,0.0002818018889801696,0.46287573963717393,1.0,1.0
168,sequential,1,0.4631575415261541,0.4631575415261541,0.0002818018889801696,0.46287573963717393,1.0,1.0
169,sequential,1,0.4631575415261541,0.4631575415261541,0.0002818018889801696,0.46287573963717393,1.0,1.0
170,sequential,1,0.4631575415261541,0.4631575415261541,0.0002818018889801696,0.46287573963717393,1.0,1.0
171,sequential,1,0.4631575415261541,0.4631575415261541,0.0002818018889801696,0.46287573963717393,1.0,1.0
172,sequential,1,0.4631575415261541,0.4631575415261541,0.0002818018889801696,0.46287573963717393,1.0,1.0
173,sequential,1,0.4631575415261541,0.4631575415261541,0.0002818018889801696,0.46287573963717393,1.0,1.0
174,sequential,1,0.4631575415261541,0.4631575415261541,0.0002818018889801696,0.46287573963717393,1.0,1.0
175,sequential,1,0.4631575415261541,0.4631575415261541,0.0002818018889801696,0.46287573963717393,1.0,1.0
176,sequential,1,0.4631575415261541,0.4631575415261541,0.0002818018889801696,0.46287573963717393,1.0,1.0
177,sequential,1,0.4631575415261541,0.4631575415261541,0.0002818018889801696,0.46287573963717393,1.0,1.0
178,sequential,1,0.4631575415261541,0.4631575415261541,0.0002818018889801696,0.46287573963717393,1.0,1.0
179,sequential,1,0.4631575415261541,0.4631575415261541,0.0002818018889801696,0.46287573963717393,1.0,1.0
180,sequential,1,0.4631575415261541,0.4631575415261541,0.0002818018889801696,0.46287573963717393,1.0,1.0
181,sequential,1,0.4631575415261541,0.4631575415261541,0.0002818018889801696,0.46287573963717393,1.0,1.0
182,sequential,1,0.4631575415261541,0.4631575415261541,0.0002818018889801696,0.46287573963717393,1.0,1.0
183,sequential,1,0.4631575415261541,0.4631575415261541,0.0002818018889801696,0.46287573963717393,1.0,1.0
184,sequential,1,0.4631575415261541,0.4631575415261541,0.0002818018889801696,0.46287573963717393,1.0,1.0
185,sequential,1,0.4631575415261541,0.4631575415261541,0.0002818018889801696,0.46287573963717393,1.0,1.0
186,sequential,1,0.4631575415261541,0.4631575415261541,0.0002818018889801696,0.46287573963717393,1.0,1.0
187,sequential,1,0.4631575415261541,0.4631575415261541,0.0002818018889801696,0.46287573963717393,1.0,1.0
188,sequential,1,0.4631575415261541,0.4631575415261541,0.0002818018889801696,0.46287573963717393,1.0,1.0
189,sequential,1,0.4631575415261541,0.4631575415261541,0.0002818018889801696,0.46287573963717393,1.0,1.0
190,sequential,1,0.4631575415261541,0.4631575415261541,0.0002818018889801696,0.46287573963717393,1.0,1.0
191,sequential,1,0.4631575415261541,0.4631575415261541,0.0002818018889801696,0.46287573963717393,1.0,1.0
192,sequential,1,0.4631575415261541,0.4631575415261541,0.0002818018889801696,0.46287573963717393,1.0,1.0
193,sequential,1,0.4631575415261541,0.4631575415261541,0.0002818018889801696,0.46287573963717393,1.0,1.0
194,sequential,1,0.4631575415261541,0.4631575415261541,0.0002818018889801696,0.46287573963717393,1.0,1.0
195,sequential,1,0.4631575415261541,0.4631575415261541,0.0002818018889801696,0.46287573963717393,1.0,1.0
196,sequential,1,0.4631575415261541,0.4631575415261541,0.0002818018889801696,0.46287573963717393,1.0,1.0
197,sequential,1,0.4631575415261541,0.4631575415261541,0.0002818018889801696,0.46287573963717393,1.0,1.0
198,sequential,1,0.4631575415261541,0.4631575415261541,0.0002818018889801696,0.46287573963717393,1.0,1.0
199,sequential,1,0.4631575415261541,0.4631575415261541,0.0002818018889801696,0.46287573963717393,1.0,1.0
200,sequential,1,0.4631575415261541,0.4631575415261541,0.0002818018889801696,0.46287573963717393,1.0,1.0
201,sequential,1,0.4631575415261541,0.4631575415261541,0.0002818018889801696,0.46287573963717393,1.0,1.0
202,sequential,1,0.4631575415261541,0.4631575415261541,0.0002818018889801696,0.46287573963717393,1.0,1.0
203,sequential,1,0.4631575415261541,0.4631575415261541,0.0002818018889801696,0.46287573963717393,1.0,1.0
204,sequential,1,0.4631575415261541,0.4631575415261541,0.0002818018889801696,0.46287573963717393,1.0,1.0
205,sequential,1,0.4631575415261541,0.4631575415261541,0.0002818018889801696,0.46287573963717393,1.0,1.0
206,sequential,1,0.4631575415261541,0.4631575415261541,0.0002818018889801696,0.46287573963717393,1.0,1.0
207,sequential,1,0.4631575415261541,0.4631575415261541,0.0002818018889801696,0.46287573963717393,1.0,1.0
208,sequential,1,0.4631575415261541,0.4631575415261541,0.0002818018889801696,0.46287573963717393,1.0,1.0
209,sequential,1,0.4631575415261541,0.4631575415261541,0.0002818018889801696,0.46287573963717393,1.0,1.0
210,sequential,1,0.4631575415261541,0.4631575415261541,0.0002818018889801696,0.46287573963717393,1.0,1.0
211,sequential,1,0.4631575415261541,0.4631575415261541,0.0002818018889801696,0.46287573963717393,1.0,1.0
212,sequential,1,0.4631575415261541,0.4631575415261541,0.0002818018889801696,0.46287573963717393,1.0,1.0
213,sequential,1,0.4631575415261541,0.4631575415261541,0.0002818018889801696,0.46287573963717393,1.0,1.0
214,sequential,1,0.4631575415261541,0.4631575415261541,0.0002818018889801696,0.46287573963717393,1.0,1.0
215,sequential,1,0.4631575415261541,0.4631575415261541,0.0002818018889801696,0.46287573963717393,1.0,1.0
216,sequential,1,0.4631575415261541,0.4631575415261541,0.0002818018889801696,0.46287573963717393,1.0,1.0
217,sequential,1,0.4631575415261541,0.4631575415261541,0.0002818018889801696,0.46287573963717393,1.0,1.0
218,sequential,1,0.4631575415261541,0.4631575415261541,0.0002818018889801696,0.46287573963717393,1.0,1.0
219,sequential,1,0.4631575415261541,0.4631575415261541,0.0002818018889801696,0.46287573963717393,1.0,1.0
220,sequential,1,0.4631575415261541,0.4631575415261541,0.0002818018889801696,0.46287573963717393,1.0,1.0
221,sequential,1,0.4631575415261541,0.4631575415261541,0.0002818018889801696,0.46287573963717393,1.0,1.0
222,sequential,1,0.4631575415261541,0.4631575415261541,0.0002818018889801696,0.46287573963717393,1.0,1.0
223,sequential,1,0.4631575415261541,0.4631575415261541,0.0002818018889801696,0.46287573963717393,1.0,1.0
224,sequential,1,0.4631575415261541,0.4631575415261541,0.0002818018889801696,0.46287573963717393,1.0,1.0
225,sequential,1,0.4631575415261541,0.4631575415261541,0.0002818018889801696,0.46287573963717393,1.0,1.0
226,sequential,1,0.4631575415261541,0.4631575415261541,0.0002818018889801696,0.46287573963717393,1.0,1.0
227,sequential,1,0.4631575415261541,0.4631575415261541,0.0002818018889801696,0.46287573963717393,1.0,1.0
228,sequential,1,0.4631575415261541,0.4631575415261541,0.0002818018889801696,0.46287573963717393,1.0,1.0
229,sequential,1,0.4631575415261541,0.4631575415261541,0.0002818018889801696,0.46287573963717393,1.0,1.0
230,sequential,1,0.4631575415261541,0.4631575415261541,0.0002818018889801696,0.46287573963717393,1.0,1.0
231,sequential,1,0.4631575415261541,0.4631575415261541,0.0002818018889801696,0.46287573963717393,1.0,1.0
232,sequential,1,0.4631575415261541,0.4631575415261541,0.0002818018889801696,0.46287573963717393,1.0,1.0
233,sequential,1,0.4631575415261541,0.4631575415261541,0.0002818018889801696,0.46287573963717393,1.0,1.0
234,sequential,1,0.4631575415261541,0.4631575415261541,0.0002818018889801696,0.46287573963717393,1.0,1.0
235,sequential,1,0.4631575415261541,0.4631575415261541,0.0002818018889801696,0.46287573963717393,1.0,1.0
236,sequential,1,0.4631575415261541,0.4631575415261541,0.0002818018889801696,0.46287573963717393,1.0,1.0
237,sequential,1,0.4631575415261541,0.4631575415261541,0.0002818018889801696,0.46287573963717393,1.0,1.0
238,sequential,1,0.4631575415261541,0.4631575415261541,0.0002818018889801696,0.46287573963717393,1.0,1.0
239,sequential,1,0.4631575415261541,0.4631575415261541,0.0002818018889801696,0.46287573963717393,1.0,1.0
240,sequential,1,0.4631575415261541,0.4631575415261541,0.0002818018889801696,0.46287573963717393,1.0,1.0
241,sequential,1,0.4631575415261541,0.4631575415261541,0.0002818018889801696,0.46287573963717393,1.0,1.0
242,sequential,1,0.4631575415261541,0.4631575415261541,0.0002818018889801696,0.46287573963717393,1.0,1.0
243,sequential,1,0.4631575415261541,0.4631575415261541,0.0002818018889801696,0.46287573963717393,1.0,1.0
244,sequential,1,0.4631575415261541,0.4631575415261541,0.0002818018889801696,0.46287573963717393,1.0,1.0
245,sequential,1,0.4631575415261541,0.4631575415261541,0.0002818018889801696,0.46287573963717393,1.0,1.0
246,sequential,1,0.4631575415261541,0.4631575415261541,0.0002818018889801696,0.46287573963717393,1.0,1.0
247,sequential,1,0.4631575415261541,0.4631575415261541,0.0002818018889801696,0.46287573963717393,1.0,1.0
248,sequential,1,0.4631575415261541,0.4631575415261541,0.0002818018889801696,0.46287573963717393,1.0,1.0
249,sequential,1,0.4631575415261541,0.4631575415261541,0.0002818018889801696,0.46287573963717393,1.0,1.0
250,sequential,1,0.4631575415261541,0.4631575415261541,0.0002818018889801696,0.46287573963717393,1.0,1.0
251,sequential,1,0.4631575415261541,0.4631575415261541,0.0002818018889801696,0.46287573963717393,1.0,1.0
252,sequential,1,0.4631575415261541,0.4631575415261541,0.0002818018889801696,0.46287573963717393,1.0,1.0
253,sequential,1,0.4631575415261541,0.4631575415261541,0.0002818018889801696,0.46287573963717393,1.0,1.0
254,sequential,1,0.4631575415261541,0.4631575415261541,0.0002818018889801696,0.46287573963717393,1.0,1.0
255,sequential,1,0.4631575415261541,0.4631575415261541,0.0002818018889801696,0.46287573963717393,1.0,1.0
256,sequential,1,0.4631575415261541,0.4631575415261541,0.0002818018889801696,0.46287573963717393,1.0,1.0
257,sequential,1,0.4631575415261541,0.4631575415261541,0.0002818018889801696,0.46287573963717393,1.0,1.0
258,sequential,1,0.4631575415261541,0.4631575415261541,0.0002818018889801696,0.46287573963717393,1.0,1.0
259,sequential,1,0.4631575415261541,0.4631575415261541,0.0002818018889801696,0.46287573963717393,1.0,1.0
260,sequential,1,0.4631575415261541,0.4631575415261541,0.0002818018889801696,0.46287573963717393,1.0,1.0
261,sequential,1,0.4631575415261541,0.4631575415261541,0.0002818018889801696,0.46287573963717393,1.0,1.0
262,sequential,1,0.4631575415261541,0.4631575415261541,0.0002818018889801696,0.46287573963717393,1.0,1.0
263,sequential,1,0.4631575415261541,0.4631575415261541,0.0002818018889801696,0.46287573963717393,1.0,1.0
264,sequential,1,0.4631575415261541,0.4631575415261541,0.0002818018889801696,0.46287573963717393,1.0,1.0
265,sequential,1,0.4631575415261541,0.4631575415261541,0.0002818018889801696,0.46287573963717393,1.0,1.0
266,sequential,1,0.4631575415261541,0.4631575415261541,0.0002818018889801696,0.46287573963717393,1.0,1.0
267,sequential,1,0.4631575415261541,0.4631575415261541,0.0002818018889801696,0.46287573963717393,1.0,1.0
268,sequential,1,0.4631575415261541,0.4631575415261541,0.0002818018889801696,0.46287573963717393,1.0,1.0
269,sequential,1,0.4631575415261541,0.4631575415261541,0.0002818018889801696,0.46287573963717393,1.0,1.0
270,sequential,1,0.4631575415261541,0.4631575415261541,0.0002818018889801696,0.46287573963717393,1.0,1.0
271,sequential,1,0.4631575415261541,0.4631575415261541,0.0002818018889801696,0.46287573963717393,1.0,1.0
272,sequential,1,0.4631575415261541,0.4631575415261541,0.0002818018889801696,0.46287573963717393,1.0,1.0
273,sequential,1,0.4631575415261541,0.4631575415261541,0.0002818018889801696,0.46287573963717393,1.0,1.0
274,sequential,1,0.4631575415261541,0.4631575415261541,0.0002818018889801696,0.46287573963717393,1.0,1.0
275,sequential,1,0.4631575415261541,0.4631575415261541,0.0002818018889801696,0.46287573963717393,1.0,1.0
276,sequential,1,0.4631575415261541,0.4631575415261541,0.0002818018889801696,0.46287573963717393,1.0,1.0
277,sequential,1,0.4631575415261541,0.4631575415261541,0.0002818018889801696,0.46287573963717393,1.0,1.0
278,sequential,1,0.4631575415261541,0.4631575415261541,0.0002818018889801696,0.46287573963717393,1.0,1.0
279,sequential,1,0.4631575415261541,0.4631575415261541,0.0002818018889801696,0.46287573963717393,1.0,1.0
280,sequential,1,0.4631575415261541,0.4631575415261541,0.0002818018889801696,0.46287573963717393,1.0,1.0
281,sequential,1,0.4631575415261541,0.4631575415261541,0.0002818018889801696,0.46287573963717393,1.0,1.0
282,sequential,1,0.4631575415261541,0.4631575415261541,0.0002818018889801696,0.46287573963717393,1.0,1.0
283,sequential,1,0.4631575415261541,0.4631575415261541,0.0002818018889801696,0.46287573963717393,1.0,1.0
284,sequential,1,0.4631575415261541,0.4631575415261541,0.0002818018889801696,0.46287573963717393,1.0,1.0
285,sequential,1,0.4631575415261541,0.4631575415261541,0.0002818018889801696,0.46287573963717393,1.0,1.0
286,sequential,1,0.4631575415261541,0.4631575415261541,0.0002818018889801696,0.46287573963717393,1.0,1.0
287,sequential,1,0.4631575415261541,0.4631575415261541,0.0002818018889801696,0.46287573963717393,1.0,1.0
288,sequential,1,0.4631575415261541,0.4631575415261541,0.0002818018889801696,0.46287573963717393,1.0,1.0
289,sequential,1,0.4631575415261541,0.4631575415261541,0.0002818018889801696,0.46287573963717393,1.0,1.0
290,sequential,1,0.4631575415261541,0.4631575415261541,0.0002818018889801696,0.46287573963717393,1.0,1.0
291,sequential,1,0.4631575415261541,0.4631575415261541,0.0002818018889801696,0.46287573963717393,1.0,1.0
292,sequential,1,0.4631575415261541,0.4631575415261541,0.0002818018889801696,0.46287573963717393,1.0,1.0
293,sequential,1,0.4631575415261541,0.4631575415261541,0.0002818018889801696,0.46287573963717393,1.0,1.0
294,sequential,1,0.4631575415261541,0.4631575415261541,0.0002818018889801696,0.46287573963717393,1.0,1.0
295,sequential,1,0.4631575415261541,0.4631575415261541,0.0002818018889801696,0.46287573963717393,1.0,1.0
296,sequential,1,0.4631575415261541,0.4631575415261541,0.0002818018889801696,0.46287573963717393,1.0,1.0
297,sequential,1,0.4631575415261541,0.4631575415261541,0.0002818018889801696,0.46287573963717393,1.0,1.0
298,sequential,1,0.4631575415261541,0.4631575415261541,0.0002818018889801696,0.46287573963717393,1.0,1.0
299,sequential,1,0.4631575415261541,0.4631575415261541,0.0002818018889801696,0.46287573963717393,1.0,1.0
300,sequential,1,0.4631575415261541,0.4631575415261541,0.0002818018889801696,0.46287573963717393,1.0,1.0
301,sequential,1,0.4631575415261541,0.4631575415261541,0.0002818018889801696,0.46287573963717393,1.0,1.0
302,sequential,1,0.4631575415261541,0.4631575415261541,0.0002818018889801696,0.46287573963717393,1.0,1.0
303,sequential,1,0.4631575415261541,0.4631575415261541,0.0002818018889801696,0.46287573963717393,1.0,1.0
304,sequential,1,0.4631575415261541,0.4631575415261541,0.0002818018889801696,0.46287573963717393,1.0,1.0
305,sequential,1,0.4631575415261541,0.4631575415261541,0.0002818018889801696,0.46287573963717393,1.0,1.0
306,sequential,1,0.4631575415261541,0.4631575415261541,0.0002818018889801696,0.46287573963717393,1.0,1.0
307,sequential,1,0.4631575415261541,0.4631575415261541,0.0002818018889801696,0.46287573963717393,1.0,1.0
308,sequential,1,0.4631575415261541,0.4631575415261541,0.0002818018889801696,0.46287573963717393,1.0,1.0
309,sequential,1,0.4631575415261541,0.4631575415261541,0.0002818018889801696,0.46287573963717393,1.0,1.0
310,sequential,1,0.4631575415261541,0.4631575415261541,0.0002818018889801696,0.46287573963717393,1.0,1.0
311,sequential,1,0.4631575415261541,0.4631575415261541,0.0002818018889801696,0.46287573963717393,1.0,1.0
312,sequential,1,0.4631575415261541,0.4631575415261541,0.0002818018889801696,0.46287573963717393,1.0,1.0
313,sequential,1,0.4631575415261541,0.4631575415261541,0.0002818018889801696,0.46287573963717393,1.0,1.0
314,sequential,1,0.4631575415261541,0.4631575415261541,0.0002818018889801696,0.46287573963717393,1.0,1.0
315,sequential,1,0.4631575415261541,0.4631575415261541,0.0002818018889801696,0.46287573963717393,1.0,1.0
316,sequential,1,0.4631575415261541,0.4631575415261541,0.0002818018889801696,0.46287573963717393,1.0,1.0
317,sequential,1,0.4631575415261541,0.4631575415261541,0.0002818018889801696,0.46287573963717393,1.0,1.0
318,sequential,1,0.4631575415261541,0.4631575415261541,0.0002818018889801696,0.46287573963717393,1.0,1.0
319,sequential,1,0.4631575415261541,0.4631575415261541,0.0002818018889801696,0.46287573963717393,1.0,1.0
320,sequential,1,0.4631575415261541,0.4631575415261541,0.0002818018889801696,0.46287573963717393,1.0,1.0
321,sequential,1,0.4631575415261541,0.4631575415261541,0.0002818018889801696,0.46287573963717393,1.0,1.0
322,sequential,1,0.4631575415261541,0.4631575415261541,0.0002818018889801696,0.46287573963717393,1.0,1.0
323,sequential,1,0.4631575415261541,0.4631575415261541,0.0002818018889801696,0.46287573963717393,1.0,1.0
324,sequential,1,0.4631575415261541,0.4631575415261541,0.0002818018889801696,0.46287573963717393,1.0,1.0
325,sequential,1,0.4631575415261541,0.4631575415261541,0.0002818018889801696,0.46287573963717393,1.0,1.0
326,sequential,1,0.4631575415261541,0.4631575415261541,0.0002818018889801696,0.46287573963717393,1.0,1.0
327,sequential,1,0.4631575415261541,0.4631575415261541,0.0002818018889801696,0.46287573963717393,1.0,1.0
328,sequential,1,0.4631575415261541,0.4631575415261541,0.0002818018889801696,0.46287573963717393,1.0,1.0
329,sequential,1,0.4631575415261541,0.4631575415261541,0.0002818018889801696,0.46287573963717393,1.0,1.0
330,sequential,1,0.4631575415261541,0.4631575415261541,0.0002818018889801696,0.46287573963717393,1.0,1.0
331,sequential,1,0.4631575415261541,0.4631575415261541,0.0002818018889801696,0.46287573963717393,1.0,1.0
332,sequential,1,0.4631575415261541,0.4631575415261541,0.0002818018889801696,0.46287573963717393,1.0,1.0
333,sequential,1,0.4631575415261541,0.4631575415261541,0.0002818018889801696,0.46287573963717393,1.0,1.0
334,sequential,1,0.4631575415261541,0.4631575415261541,0.0002818018889801696,0.46287573963717393,1.0,1.0
335,sequential,1,0.4631575415261541,0.4631575415261541,0.0002818018889801696,0.46287573963717393,1.0,1.0
336,sequential,1,0.4631575415261541,0.4631575415261541,0.0002818018889801696,0.46287573963717393,1.0,1.0
337,sequential,1,0.4631575415261541,0.4631575415261541,0.0002818018889801696,0.46287573963717393,1.0,1.0
338,sequential,1,0.4631575415261541,0.4631575415261541,0.0002818018889801696,0.46287573963717393,1.0,1.0
339,sequential,1,0.4631575415261541,0.4631575415261541,0.0002818018889801696,0.46287573963717393,1.0,1.0
340,sequential,1,0.4631575415261541,0.4631575415261541,0.0002818018889801696,0.46287573963717393,1.0,1.0
341,sequential,1,0.4631575415261541,0.4631575415261541,0.0002818018889801696,0.46287573963717393,1.0,1.0
342,sequential,1,0.4631575415261541,0.4631575415261541,0.0002818018889801696,0.46287573963717393,1.0,1.0
343,sequential,1,0.4631575415261541,0.4631575415261541,0.0002818018889801696,0.46287573963717393,1.0,1.0
344,sequential,1,0.4631575415261541,0.4631575415261541,0.0002818018889801696,0.46287573963717393,1.0,1.0
345,sequential,1,0.4631575415261541,0.4631575415261541,0.0002818018889801696,0.46287573963717393,1.0,1.0
346,sequential,1,0.4631575415261541,0.4631575415261541,0.0002818018889801696,0.46287573963717393,1.0,1.0
347,sequential,1,0.4631575415261541,0.4631575415261541,0.0002818018889801696,0.46287573963717393,1.0,1.0
348,sequential,1,0.4631575415261541,0.4631575415261541,0.0002818018889801696,0.46287573963717393,1.0,1.0
349,sequential,1,0.4631575415261541,0.4631575415261541,0.0002818018889801696,0.46287573963717393,1.0,1.0
350,sequential,1,0.4631575415261541,0.4631575415261541,0.0002818018889801696,0.46287573963717393,1.0,1.0
351,sequential,1,0.4631575415261541,0.4631575415261541,0.0002818018889801696,0.46287573963717393,1.0,1.0
352,sequential,1,0.4631575415261541,0.4631575415261541,0.0002818018889801696,0.46287573963717393,1.0,1.0
353,sequential,1,0.4631575415261541,0.4631575415261541,0.0002818018889801696,0.46287573963717393,1.0,1.0
354,sequential,1,0.4631575415261541,0.4631575415261541,0.0002818018889801696,0.46287573963717393,1.0,1.0
355,sequential,1,0.4631575415261541,0.4631575415261541,0.0002818018889801696,0.46287573963717393,1.0,1.0
356,sequential,1,0.4631575415261541,0.4631575415261541,0.0002818018889801696,0.46287573963717393,1.0,1.0
357,sequential,1,0.4631575415261541,0.4631575415261541,0.0002818018889801696,0.46287573963717393,1.0,1.0
358,sequential,1,0.4631575415261541,0.4631575415261541,0.0002818018889801696,0.46287573963717393,1.0,1.0
359,sequential,1,0.4631575415261541,0.4631575415261541,0.0002818018889801696,0.46287573963717393,1.0,1.0
360,sequential,1,0.4631575415261541,0.4631575415261541,0.0002818018889801696,0.46287573963717393,1.0,1.0
361,sequential,1,0.4631575415261541,0.4631575415261541,0.0002818018889801696,0.46287573963717393,1.0,1.0
362,sequential,1,0.4631575415261541,0.4631575415261541,0.0002818018889801696,0.46287573963717393,1.0,1.0
363,sequential,1,0.4631575415261541,0.4631575415261541,0.0002818018889801696,0.46287573963717393,1.0,1.0
364,sequential,1,0.4631575415261541,0.4631575415261541,0.0002818018889801696,0.46287573963717393,1.0,1.0
365,sequential,1,0.4631575415261541,0.4631575415261541,0.0002818018889801696,0.46287573963717393,1.0,1.0
366,sequential,1,0.4631575415261541,0.4631575415261541,0.0002818018889801696,0.46287573963717393,1.0,1.0
367,sequential,1,0.4631575415261541,0.4631575415261541,0.0002818018889801696,0.46287573963717393,1.0,1.0
368,sequential,1,0.4631575415261541,0.4631575415261541,0.0002818018889801696,0.46287573963717393,1.0,1.0
369,sequential,1,0.4631575415261541,0.4631575415261541,0.0002818018889801696,0.46287573963717393,1.0,1.0
370,sequential,1,0.4631575415261541,0.4631575415261541,0.0002818018889801696,0.46287573963717393,1.0,1.0
371,sequential,1,0.4631575415261541,0.4631575415261541,0.0002818018889801696,0.46287573963717393,1.0,1.0
372,sequential,1,0.4631575415261541,0.4631575415261541,0.0002818018889801696,0.46287573963717393,1.0,1.0
373,sequential,1,0.4631575415261541,0.4631575415261541,0.0002818018889801696,0.46287573963717393,1.0,1.0
374,sequential,1,0.4631575415261541,0.4631575415261541,0.0002818018889801696,0.46287573963717393,1.0,1.0
375,sequential,1,0.4631575415261541,0.4631575415261541,0.0002818018889801696,0.46287573963717393,1.0,1.0
376,sequential,1,0.4631575415261541,0.4631575415261541,0.0002818018889801696,0.46287573963717393,1.0,1.0
377,sequential,1,0.4631575415261541,0.4631575415261541,0.0002818018889801696,0.46287573963717393,1.0,1.0
378,sequential,1,0.4631575415261541,0.4631575415261541,0.0002818018889801696,0.46287573963717393,1.0,1.0
379,sequential,1,0.4631575415261541,0.4631575415261541,0.0002818018889801696,0.46287573963717393,1.0,1.0
380,sequential,1,0.4631575415261541,0.4631575415261541,0.0002818018889801696,0.46287573963717393,1.0,1.0
381,sequential,1,0.4631575415261541,0.4631575415261541,0.0002818018889801696,0.46287573963717393,1.0,1.0
382,sequential,1,0.4631575415261541,0.4631575415261541,0.0002818018889801696,0.46287573963717393,1.0,1.0
383,sequential,1,0.4631575415261541,0.4631575415261541,0.0002818018889801696,0.46287573963717393,1.0,1.0
384,sequential,1,0.4631575415261541,0.4631575415261541,0.0002818018889801696,0.46287573963717393,1.0,1.0
385,sequential,1,0.4631575415261541,0.4631575415261541,0.0002818018889801696,0.46287573963717393,1.0,1.0
386,sequential,1,0.4631575415261541,0.4631575415261541,0.0002818018889801696,0.46287573963717393,1.0,1.0
387,sequential,1,0.4631575415261541,0.4631575415261541,0.0002818018889801696,0.46287573963717393,1.0,1.0
388,sequential,1,0.4631575415261541,0.4631575415261541,0.0002818018889801696,0.46287573963717393,1.0,1.0
389,sequential,1,0.4631575415261541,0.4631575415261541,0.0002818018889801696,0.46287573963717393,1.0,1.0
390,sequential,1,0.4631575415261541,0.4631575415261541,0.0002818018889801696,0.46287573963717393,1.0,1.0
391,sequential,1,0.4631575415261541,0.4631575415261541,0.0002818018889801696,0.46287573963717393,1.0,1.0
392,sequential,1,0.4631575415261541,0.4631575415261541,0.0002818018889801696,0.46287573963717393,1.0,1.0
393,sequential,1,0.4631575415261541,0.4631575415261541,0.0002818018889801696,0.46287573963717393,1.0,1.0
394,sequential,1,0.4631575415261541,0.4631575415261541,0.0002818018889801696,0.46287573963717393,1.0,1.0
395,sequential,1,0.4631575415261541,0.4631575415261541,0.0002818018889801696,0.46287573963717393,1.0,1.0
396,sequential,1,0.4631575415261541,0.4631575415261541,0.0002818018889801696,0.46287573963717393,1.0,1.0
397,sequential,1,0.4631575415261541,0.4631575415261541,0.0002818018889801696,0.46287573963717393,1.0,1.0
398,sequential,1,0.4631575415261541,0.4631575415261541,0.0002818018889801696,0.46287573963717393,1.0,1.0
399,sequential,1,0.4631575415261541,0.4631575415261541,0.0002818018889801696,0.46287573963717393,1.0,1.0
400,sequential,1,0.4631575415261541,0.4631575415261541,0.0002818018889801696,0.46287573963717393,1.0,1.0
401,sequential,1,0.4631575415261541,0.4631575415261541,0.0002818018889801696,0.46287573963717393,1.0,1.0
402,sequential,1,0.4631575415261541,0.4631575415261541,0.0002818018889801696,0.46287573963717393,1.0,1.0
403,sequential,1,0.4631575415261541,0.4631575415261541,0.0002818018889801696,0.46287573963717393,1.0,1.0
404,sequential,1,0.4631575415261541,0.4631575415261541,0.0002818018889801696,0.46287573963717393,1.0,1.0
405,sequential,1,0.4631575415261541,0.4631575415261541,0.0002818018889801696,0.46287573963717393,1.0,1.0
406,sequential,1,0.4631575415261541,0.4631575415261541,0.0002818018889801696,0.46287573963717393,1.0,1.0
407,sequential,1,0.4631575415261541,0.4631575415261541,0.0002818018889801696,0.46287573963717393,1.0,1.0
408,sequential,1,0.4631575415261541,0.4631575415261541,0.0002818018889801696,0.46287573963717393,1.0,1.0
409,sequential,1,0.4631575415261541,0.4631575415261541,0.0002818018889801696,0.46287573963717393,1.0,1.0
410,sequential,1,0.4631575415261541,0.4631575415261541,0.0002818018889801696,0.46287573963717393,1.0,1.0
411,sequential,1,0.4631575415261541,0.4631575415261541,0.0002818018889801696,0.46287573963717393,1.0,1.0
412,sequential,1,0.4631575415261541,0.4631575415261541,0.0002818018889801696,0.46287573963717393,1.0,1.0
413,sequential,1,0.4631575415261541,0.4631575415261541,0.0002818018889801696,0.46287573963717393,1.0,1.0
414,sequential,1,0.4631575415261541,0.4631575415261541,0.0002818018889801696,0.46287573963717393,1.0,1.0
415,sequential,1,0.4631575415261541,0.4631575415261541,0.0002818018889801696,0.46287573963717393,1.0,1.0
416,sequential,1,0.4631575415261541,0.4631575415261541,0.0002818018889801696,0.46287573963717393,1.0,1.0
417,sequential,1,0.4631575415261541,0.4631575415261541,0.0002818018889801696,0.46287573963717393,1.0,1.0
418,sequential,1,0.4631575415261541,0.4631575415261541,0.0002818018889801696,0.46287573963717393,1.0,1.0
419,sequential,1,0.4631575415261541,0.4631575415261541,0.0002818018889801696,0.46287573963717393,1.0,1.0
420,sequential,1,0.4631575415261541,0.4631575415261541,0.0002818018889801696,0.46287573963717393,1.0,1.0
421,sequential,1,0.4631575415261541,0.4631575415261541,0.0002818018889801696,0.46287573963717393,1.0,1.0
422,sequential,1,0.4631575415261541,0.4631575415261541,0.0002818018889801696,0.46287573963717393,1.0,1.0
423,sequential,1,0.4631575415261541,0.4631575415261541,0.0002818018889801696,0.46287573963717393,1.0,1.0
424,sequential,1,0.4631575415261541,0.4631575415261541,0.0002818018889801696,0.46287573963717393,1.0,1.0
425,sequential,1,0.4631575415261541,0.4631575415261541,0.0002818018889801696,0.46287573963717393,1.0,1.0
426,sequential,1,0.4631575415261541,0.4631575415261541,0.0002818018889801696,0.46287573963717393,1.0,1.0
427,sequential,1,0.4631575415261541,0.4631575415261541,0.0002818018889801696,0.46287573963717393,1.0,1.0
428,sequential,1,0.4631575415261541,0.4631575415261541,0.0002818018889801696,0.46287573963717393,1.0,1.0
429,sequential,1,0.4631575415261541,0.4631575415261541,0.0002818018889801696,0.46287573963717393,1.0,1.0
430,sequential,1,0.4631575415261541,0.4631575415261541,0.0002818018889801696,0.46287573963717393,1.0,1.0
431,sequential,1,0.4631575415261541,0.4631575415261541,0.0002818018889801696,0.46287573963717393,1.0,1.0
432,sequential,1,0.4631575415261541,0.4631575415261541,0.0002818018889801696,0.46287573963717393,1.0,1.0
433,sequential,1,0.4631575415261541,0.4631575415261541,0.0002818018889801696,0.46287573963717393,1.0,1.0
434,sequential,1,0.4631575415261541,0.4631575415261541,0.0002818018889801696,0.46287573963717393,1.0,1.0
435,sequential,1,0.4631575415261541,0.4631575415261541,0.0002818018889801696,0.46287573963717393,1.0,1.0
436,sequential,1,0.4631575415261541,0.4631575415261541,0.0002818018889801696,0.46287573963717393,1.0,1.0
437,sequential,1,0.4631575415261541,0.4631575415261541,0.0002818018889801696,0.46287573963717393,1.0,1.0
438,sequential,1,0.4631575415261541,0.4631575415261541,0.0002818018889801696,0.46287573963717393,1.0,1.0
439,sequential,1,0.4631575415261541,0.4631575415261541,0.0002818018889801696,0.46287573963717393,1.0,1.0
440,sequential,1,0.4631575415261541,0.4631575415261541,0.0002818018889801696,0.46287573963717393,1.0,1.0
441,sequential,1,0.4631575415261541,0.4631575415261541,0.0002818018889801696,0.46287573963717393,1.0,1.0
442,sequential,1,0.4631575415261541,0.4631575415261541,0.0002818018889801696,0.46287573963717393,1.0,1.0
443,sequential,1,0.4631575415261541,0.4631575415261541,0.0002818018889801696,0.46287573963717393,1.0,1.0
444,sequential,1,0.4631575415261541,0.4631575415261541,0.0002818018889801696,0.46287573963717393,1.0,1.0
445,sequential,1,0.4631575415261541,0.4631575415261541,0.0002818018889801696,0.46287573963717393,1.0,1.0
446,sequential,1,0.4631575415261541,0.4631575415261541,0.0002818018889801696,0.46287573963717393,1.0,1.0
447,sequential,1,0.4631575415261541,0.4631575415261541,0.0002818018889801696,0.46287573963717393,1.0,1.0
448,sequential,1,0.4631575415261541,0.4631575415261541,0.0002818018889801696,0.46287573963717393,1.0,1.0
449,sequential,1,0.4631575415261541,0.4631575415261541,0.0002818018889801696,0.46287573963717393,1.0,1.0
450,sequential,1,0.4631575415261541,0.4631575415261541,0.0002818018889801696,0.46287573963717393,1.0,1.0
451,sequential,1,0.4631575415261541,0.4631575415261541,0.0002818018889801696,0.46287573963717393,1.0,1.0
452,sequential,1,0.4631575415261541,0.4631575415261541,0.0002818018889801696,0.46287573963717393,1.0,1.0
453,sequential,1,0.4631575415261541,0.4631575415261541,0.0002818018889801696,0.46287573963717393,1.0,1.0
454,sequential,1,0.4631575415261541,0.4631575415261541,0.0002818018889801696,0.46287573963717393,1.0,1.0
455,sequential,1,0.4631575415261541,0.4631575415261541,0.0002818018889801696,0.46287573963717393,1.0,1.0
456,sequential,1,0.4631575415261541,0.4631575415261541,0.0002818018889801696,0.46287573963717393,1.0,1.0
457,sequential,1,0.4631575415261541,0.4631575415261541,0.0002818018889801696,0.46287573963717393,1.0,1.0
458,sequential,1,0.4631575415261541,0.4631575415261541,0.0002818018889801696,0.46287573963717393,1.0,1.0
459,sequential,1,0.4631575415261541,0.4631575415261541,0.0002818018889801696,0.46287573963717393,1.0,1.0
460,sequential,1,0.4631575415261541,0.4631575415261541,0.0002818018889801696,0.46287573963717393,1.0,1.0
461,sequential,1,0.4631575415261541,0.4631575415261541,0.0002818018889801696,0.46287573963717393,1.0,1.0
462,sequential,1,0.4631575415261541,0.4631575415261541,0.0002818018889801696,0.46287573963717393,1.0,1.0
463,sequential,1,0.4631575415261541,0.4631575415261541,0.0002818018889801696,0.46287573963717393,1.0,1.0
464,sequential,1,0.4631575415261541,0.4631575415261541,0.0002818018889801696,0.46287573963717393,1.0,1.0
465,sequential,1,0.4631575415261541,0.4631575415261541,0.0002818018889801696,0.46287573963717393,1.0,1.0
466,sequential,1,0.4631575415261541,0.4631575415261541,0.0002818018889801696,0.46287573963717393,1.0,1.0
467,sequential,1,0.4631575415261541,0.4631575415261541,0.0002818018889801696,0.46287573963717393,1.0,1.0
468,sequential,1,0.4631575415261541,0.4631575415261541,0.0002818018889801696,0.46287573963717393,1.0,1.0
469,sequential,1,0.4631575415261541,0.4631575415261541,0.0002818018889801696,0.46287573963717393,1.0,1.0
470,sequential,1,0.4631575415261541,0.4631575415261541,0.0002818018889801696,0.46287573963717393,1.0,1.0
471,sequential,1,0.4631575415261541,0.4631575415261541,0.0002818018889801696,0.46287573963717393,1.0,1.0
472,sequential,1,0.4631575415261541,0.4631575415261541,0.0002818018889801696,0.46287573963717393,1.0,1.0
473,sequential,1,0.4631575415261541,0.4631575415261541,0.0002818018889801696,0.46287573963717393,1.0,1.0
474,sequential,1,0.4631575415261541,0.4631575415261541,0.0002818018889801696,0.46287573963717393,1.0,1.0
475,sequential,1,0.4631575415261541,0.4631575415261541,0.0002818018889801696,0.46287573963717393,1.0,1.0
476,sequential,1,0.4631575415261541,0.4631575415261541,0.0002818018889801696,0.46287573963717393,1.0,1.0
477,sequential,1,0.4631575415261541,0.4631575415261541,0.0002818018889801696,0.46287573963717393,1.0,1.0
478,sequential,1,0.4631575415261541,0.4631575415261541,0.0002818018889801696,0.46287573963717393,1.0,1.0
479,sequential,1,0.4631575415261541,0.4631575415261541,0.0002818018889801696,0.46287573963717393,1.0,1.0
480,sequential,1,0.4631575415261541,0.4631575415261541,0.0002818018889801696,0.46287573963717393,1.0,1.0
481,sequential,1,0.4631575415261541,0.4631575415261541,0.0002818018889801696,0.46287573963717393,1.0,1.0
482,sequential,1,0.4631575415261541,0.4631575415261541,0.0002818018889801696,0.46287573963717393,1.0,1.0
483,sequential,1,0.4631575415261541,0.4631575415261541,0.0002818018889801696,0.46287573963717393,1.0,1.0
484,sequential,1,0.4631575415261541,0.4631575415261541,0.0002818018889801696,0.46287573963717393,1.0,1.0
485,sequential,1,0.4631575415261541,0.4631575415261541,0.0002818018889801696,0.46287573963717393,1.0,1.0
486,sequential,1,0.4631575415261541,0.4631575415261541,0.0002818018889801696,0.46287573963717393,1.0,1.0
487,sequential,1,0.4631575415261541,0.4631575415261541,0.0002818018889801696,0.46287573963717393,1.0,1.0
488,sequential,1,0.4631575415261541,0.4631575415261541,0.0002818018889801696,0.46287573963717393,1.0,1.0
489,sequential,1,0.4631575415261541,0.4631575415261541,0.0002818018889801696,0.46287573963717393,1.0,1.0
490,sequential,1,0.4631575415261541,0.4631575415261541,0.0002818018889801696,0.46287573963717393,1.0,1.0
491,sequential,1,0.4631575415261541,0.4631575415261541,0.0002818018889801696,0.46287573963717393,1.0,1.0
492,sequential,1,0.4631575415261541,0.4631575415261541,0.0002818018889801696,0.46287573963717393,1.0,1.0
493,sequential,1,0.4631575415261541,0.4631575415261541,0.0002818018889801696,0.46287573963717393,1.0,1.0
494,sequential,1,0.4631575415261541,0.4631575415261541,0.0002818018889801696,0.46287573963717393,1.0,1.0
495,sequential,1,0.4631575415261541,0.4631575415261541,0.0002818018889801696,0.46287573963717393,1.0,1.0
496,sequential,1,0.4631575415261541,0.4631575415261541,0.0002818018889801696,0.46287573963717393,1.0,1.0
497,sequential,1,0.4631575415261541,0.4631575415261541,0.0002818018889801696,0.46287573963717393,1.0,1.0
498,sequential,1,0.4631575415261541,0.4631575415261541,0.0002818018889801696,0.46287573963717393,1.0,1.0
499,sequential,1,0.4631575415261541,0.4631575415261541,0.0002818018889801696,0.46287573963717393,1.0,1.0
500,sequential,1,0.4631575415261541,0.4631575415261541,0.0002818018889801696,0.46287573963717393,1.0,1.0
1,sequential,2,372.76565061970433,372.76565061970433,372.44902109249483,0.31662952720950804,1.0,1.0
2,sequential,2,85.59858820656868,85.59858820656868,74.57563767961958,11.022950526949105,1.0,1.0
3,sequential,2,32.068243829112994,32.068243829112994,20.07815137544501,11.990092453667982,1.0,1.0
4,sequential,2,7.839737830459693,7.839737830459693,0.10795306122509161,7.731784769234602,1.0,1.0
5,sequential,2,6.363957060479107,6.363957060479107,0.028843220879103015,6.335113839600004,1.0,1.0
6,sequential,2,3.7228791889898196,3.7228791889898196,0.1107804201729823,3.6120987688168373,1.0,1.0
7,sequential,2,2251.916930876246,2251.916930876246,27.946491960235953,2223.97043891601,1.0,1.0
8,sequential,2,3328952064679.8496,3328952064679.8496,3321648049445.8853,7304015233.964568,1.0,1.0
9,sequential,2,41069628754414.695,41069628754414.695,40673429433593.08,396199320821.6174,1.0,1.0
10,sequential,2,34960268241601.406,34960268241601.406,33485996924290.535,1474271317310.873,1.0,1.0
11,sequential,2,572201390623.3622,572201390623.3622,2382089482.1294837,569819301141.2327,1.0,1.0
12,sequential,2,14278356529.85451,14278356529.85451,14152949128.036097,125407401.8184129,1.0,1.0
13,sequential,2,37419884079.55304,37419884079.55304,1123114525.8641624,36296769553.68887,1.0,1.0
14,sequential,2,44869989975.26392,44869989975.26392,42746884034.27553,2123105940.9883986,1.0,1.0
15,sequential,2,12668431978734.355,12668431978734.355,5616107336880.824,7052324641853.53,1.0,1.0
16,sequential,2,1987706848826.3582,1987706848826.3582,1755312240691.9187,232394608134.43945,1.0,1.0
17,sequential,2,204554124250.63025,204554124250.63025,1515738269.0884438,203038385981.5418,1.0,1.0
18,sequential,2,180546095938.50082,180546095938.50082,4907228397.489795,175638867541.01102,1.0,1.0
19,sequential,2,87101030026.20378,87101030026.20378,37485966199.976974,49615063826.22681,1.0,1.0
20,sequential,2,3716402457.795978,3716402457.795978,3182908507.461522,533493950.3344558,1.0,1.0
21,sequential,2,275387018.0207852,275387018.0207852,219613.53391589888,275167404.48686934,1.0,1.0
22,sequential,2,142787880.60373566,142787880.60373566,211697.92853558643,142576182.67520007,1.0,1.0
23,sequential,2,657456.7914795324,657456.7914795324,640263.6198263866,17193.171653145782,1.0,1.0
24,sequential,2,93.51716690006012,93.51716690006012,0.23213373226348577,93.28503316779663,1.0,1.0
25,sequential,2,1.5851435699735597,1.5851435699735597,0.0038844872997562826,1.5812590826738033,1.0,1.0
26,sequential,2,1.58498161305579,1.58498161305579,0.003927504796187493,1.5810541082596026,1.0,1.0
27,sequential,2,1.58498161305579,1.58498161305579,0.003927504796187493,1.5810541082596026,1.0,1.0
28,sequential,2,1.58498161305579,1.58498161305579,0.003927504796187493,1.5810541082596026,1.0,1.0
29,sequential,2,1.58498161305579,1.58498161305579,0.003927504796187493,1.5810541082596026,1.0,1.0
30,sequential,2,1.58498161305579,1.58498161305579,0.003927504796187493,1.5810541082596026,1.0,1.0
31,sequential,2,1.58498161305579,1.58498161305579,0.003927504796187493,1.5810541082596026,1.0,1.0
32,sequential,2,1.58498161305579,1.58498161305579,0.003927504796187493,1.5810541082596026,1.0,1.0
33,sequential,2,1.58498161305579,1.58498161305579,0.003927504796187493,1.5810541082596026,1.0,1.0
34,sequential,2,1.58498161305579,1.58498161305579,0.003927504796187493,1.5810541082596026,1.0,1.0
35,sequential,2,1.58498161305579,1.58498161305579,0.003927504796187493,1.5810541082596026,1.0,1.0
36,sequential,2,1.58498161305579,1.58498161305579,0.003927504796187493,1.5810541082596026,1.0,1.0
37,sequential,2,1.58498161305579,1.58498161305579,0.003927504796187493,1.5810541082596026,1.0,1.0
38,sequential,2,1.58498161305579,1.58498161305579,0.003927504796187493,1.5810541082596026,1.0,1.0
39,sequential,2,1.58498161305579,1.58498161305579,0.003927504796187493,1.5810541082596026,1.0,1.0
40,sequential,2,1.58498161305579,1.58498161305579,0.003927504796187493,1.5810541082596026,1.0,1.0
41,sequential,2,1.58498161305579,1.58498161305579,0.003927504796187493,1.5810541082596026,1.0,1.0
42,sequential,2,1.58498161305579,1.58498161305579,0.003927504796187493,1.5810541082596026,1.0,1.0
43,sequential,2,1.58498161305579,1.58498161305579,0.003927504796187493,1.5810541082596026,1.0,1.0
44,sequential,2,1.58498161305579,1.58498161305579,0.003927504796187493,1.5810541082596026,1.0,1.0
45,sequential,2,1.58498161305579,1.58498161305579,0.003927504796187493,1.5810541082596026,1.0,1.0
46,sequential,2,1.58498161305579,1.58498161305579,0.003927504796187493,1.5810541082596026,1.0,1.0
47,sequential,2,1.58498161305579,1.58498161305579,0.003927504796187493,1.5810541082596026,1.0,1.0
48,sequential,2,1.58498161305579,1.58498161305579,0.003927504796187493,1.5810541082596026,1.0,1.0
49,sequential,2,1.58498161305579,1.58498161305579,0.003927504796187493,1.5810541082596026,1.0,1.0
50,sequential,2,1.58498161305579,1.58498161305579,0.003927504796187493,1.5810541082596026,1.0,1.0
51,sequential,2,1.58498161305579,1.58498161305579,0.003927504796187493,1.5810541082596026,1.0,1.0
52,sequential,2,1.58498161305579,1.58498161305579,0.003927504796187493,1.5810541082596026,1.0,1.0
53,sequential,2,1.58498161305579,1.58498161305579,0.003927504796187493,1.5810541082596026,1.0,1.0
54,sequential,2,1.58498161305579,1.58498161305579,0.003927504796187493,1.5810541082596026,1.0,1.0
55,sequential,2,1.58498161305579,1.58498161305579,0.003927504796187493,1.5810541082596026,1.0,1.0
56,sequential,2,1.58498161305579,1.58498161305579,0.003927504796187493,1.5810541082596026,1.0,1.0
57,sequential,2,1.58498161305579,1.58498161305579,0.003927504796187493,1.5810541082596026,1.0,1.0
58,sequential,2,1.58498161305579,1.58498161305579,0.003927504796187493,1.5810541082596026,1.0,1.0
59,sequential,2,1.58498161305579,1.58498161305579,0.003927504796187493,1.5810541082596026,1.0,1.0
60,sequential,2,1.58498161305579,1.58498161305579,0.003927504796187493,1.5810541082596026,1.0,1.0
61,sequential,2,1.58498161305579,1.58498161305579,0.003927504796187493,1.5810541082596026,1.0,1.0
62,sequential,2,1.58498161305579,1.58498161305579,0.003927504796187493,1.5810541082596026,1.0,1.0
63,sequential,2,1.58498161305579,1.58498161305579,0.003927504796187493,1.5810541082596026,1.0,1.0
64,sequential,2,1.58498161305579,1.58498161305579,0.003927504796187493,1.5810541082596026,1.0,1.0
65,sequential,2,1.58498161305579,1.58498161305579,0.003927504796187493,1.5810541082596026,1.0,1.0
66,sequential,2,1.58498161305579,1.58498161305579,0.003927504796187493,1.5810541082596026,1.0,1.0
67,sequential,2,1.58498161305579,1.58498161305579,0.003927504796187493,1.5810541082596026,1.0,1.0
68,sequential,2,1.58498161305579,1.58498161305579,0.003927504796187493,1.5810541082596026,1.0,1.0
69,sequential,2,1.58498161305579,1.58498161305579,0.003927504796187493,1.5810541082596026,1.0,1.0
70,sequential,2,1.58498161305579,1.58498161305579,0.003927504796187493,1.5810541082596026,1.0,1.0
71,sequential,2,1.58498161305579,1.58498161305579,0.003927504796187493,1.5810541082596026,1.0,1.0
72,sequential,2,1.58498161305579,1.58498161305579,0.003927504796187493,1.5810541082596026,1.0,1.0
73,sequential,2,1.58498161305579,1.58498161305579,0.003927504796187493,1.5810541082596026,1.0,1.0
74,sequential,2,1.58498161305579,1.58498161305579,0.003927504796187493,1.5810541082596026,1.0,1.0
75,sequential,2,1.58498161305579,1.58498161305579,0.003927504796187493,1.5810541082596026,1.0,1.0
76,sequential,2,1.58498161305579,1.58498161305579,0.003927504796187493,1.5810541082596026,1.0,1.0
77,sequential,2,1.58498161305579,1.58498161305579,0.003927504796187493,1.5810541082596026,1.0,1.0
78,sequential,2,1.58498161305579,1.58498161305579,0.003927504796187493,1.5810541082596026,1.0,1.0
79,sequential,2,1.58498161305579,1.58498161305579,0.003927504796187493,1.5810541082596026,1.0,1.0
80,sequential,2,1.58498161305579,1.58498161305579,0.003927504796187493,1.5810541082596026,1.0,1.0
81,sequential,2,1.58498161305579,1.58498161305579,0.003927504796187493,1.5810541082596026,1.0,1.0
82,sequential,2,1.58498161305579,1.58498161305579,0.003927504796187493,1.5810541082596026,1.0,1.0
83,sequential,2,1.58498161305579,1.58498161305579,0.003927504796187493,1.5810541082596026,1.0,1.0
84,sequential,2,1.58498161305579,1.58498161305579,0.003927504796187493,1.5810541082596026,1.0,1.0
85,sequential,2,1.58498161305579,1.58498161305579,0.003927504796187493,1.5810541082596026,1.0,1.0
86,sequential,2,1.58498161305579,1.58498161305579,0.003927504796187493,1.5810541082596026,1.0,1.0
87,sequential,2,1.58498161305579,1.58498161305579,0.003927504796187493,1.5810541082596026,1.0,1.0
88,sequential,2,1.58498161305579,1.58498161305579,0.003927504796187493,1.5810541082596026,1.0,1.0
89,sequential,2,1.58498161305579,1.58498161305579,0.003927504796187493,1.5810541082596026,1.0,1.0
90,sequential,2,1.58498161305579,1.58498161305579,0.003927504796187493,1.5810541082596026,1.0,1.0
91,sequential,2,1.58498161305579,1.58498161305579,0.003927504796187493,1.5810541082596026,1.0,1.0
92,sequential,2,1.58498161305579,1.58498161305579,0.003927504796187493,1.5810541082596026,1.0,1.0
93,sequential,2,1.58498161305579,1.58498161305579,0.003927504796187493,1.5810541082596026,1.0,1.0
94,sequential,2,1.58498161305579,1.58498161305579,0.003927504796187493,1.5810541082596026,1.0,1.0
95,sequential,2,1.58498161305579,1.58498161305579,0.003927504796187493,1.5810541082596026,1.0,1.0
96,sequential,2,1.58498161305579,1.58498161305579,0.003927504796187493,1.5810541082596026,1.0,1.0
97,sequential,2,1.58498161305579,1.58498161305579,0.003927504796187493,1.5810541082596026,1.0,1.0
98,sequential,2,1.58498161305579,1.58498161305579,0.003927504796187493,1.5810541082596026,1.0,1.0
99,sequential,2,1.58498161305579,1.58498161305579,0.003927504796187493,1.5810541082596026,1.0,1.0
100,sequential,2,1.58498161305579,1.58498161305579,0.003927504796187493,1.5810541082596026,1.0,1.0
101,sequential,2,1.58498161305579,1.58498161305579,0.003927504796187493,1.5810541082596026,1.0,1.0
102,sequential,2,1.58498161305579,1.58498161305579,0.003927504796187493,1.5810541082596026,1.0,1.0
103,sequential,2,1.58498161305579,1.58498161305579,0.003927504796187493,1.5810541082596026,1.0,1.0
104,sequential,2,1.58498161305579,1.58498161305579,0.003927504796187493,1.5810541082596026,1.0,1.0
105,sequential,2,1.58498161305579,1.58498161305579,0.003927504796187493,1.5810541082596026,1.0,1.0
106,sequential,2,1.58498161305579,1.58498161305579,0.003927504796187493,1.5810541082596026,1.0,1.0
107,sequential,2,1.58498161305579,1.58498161305579,0.003927504796187493,1.5810541082596026,1.0,1.0
108,sequential,2,1.58498161305579,1.58498161305579,0.003927504796187493,1.5810541082596026,1.0,1.0
109,sequential,2,1.58498161305579,1.58498161305579,0.003927504796187493,1.5810541082596026,1.0,1.0
110,sequential,2,1.58498161305579,1.58498161305579,0.003927504796187493,1.5810541082596026,1.0,1.0
111,sequential,2,1.58498161305579,1.58498161305579,0.003927504796187493,1.5810541082596026,1.0,1.0
112,sequential,2,1.58498161305579,1.58498161305579,0.003927504796187493,1.5810541082596026,1.0,1.0
113,sequential,2,1.58498161305579,1.58498161305579,0.003927504796187493,1.5810541082596026,1.0,1.0
114,sequential,2,1.58498161305579,1.58498161305579,0.003927504796187493,1.5810541082596026,1.0,1.0
115,sequential,2,1.58498161305579,1.58498161305579,0.003927504796187493,1.5810541082596026,1.0,1.0
116,sequential,2,1.58498161305579,1.58498161305579,0.003927504796187493,1.5810541082596026,1.0,1.0
117,sequential,2,1.58498161305579,1.58498161305579,0.003927504796187493,1.5810541082596026,1.0,1.0
118,sequential,2,1.58498161305579,1.58498161305579,0.003927504796187493,1.5810541082596026,1.0,1.0
119,sequential,2,1.58498161305579,1.58498161305579,0.003927504796187493,1.5810541082596026,1.0,1.0
120,sequential,2,1.58498161305579,1.58498161305579,0.003927504796187493,1.5810541082596026,1.0,1.0
121,sequential,2,1.58498161305579,1.58498161305579,0.003927504796187493,1.5810541082596026,1.0,1.0
122,sequential,2,1.58498161305579,1.58498161305579,0.003927504796187493,1.5810541082596026,1.0,1.0
123,sequential,2,1.58498161305579,1.58498161305579,0.003927504796187493,1.5810541082596026,1.0,1.0
124,sequential,2,1.58498161305579,1.58498161305579,0.003927504796187493,1.5810541082596026,1.0,1.0
125,sequential,2,1.58498161305579,1.58498161305579,0.003927504796187493,1.5810541082596026,1.0,1.0
126,sequential,2,1.58498161305579,1.58498161305579,0.003927504796187493,1.5810541082596026,1.0,1.0
127,sequential,2,1.58498161305579,1.58498161305579,0.003927504796187493,1.5810541082596026,1.0,1.0
128,sequential,2,1.58498161305579,1.58498161305579,0.003927504796187493,1.5810541082596026,1.0,1.0
129,sequential,2,1.58498161305579,1.58498161305579,0.003927504796187493,1.5810541082596026,1.0,1.0
130,sequential,2,1.58498161305579,1.58498161305579,0.003927504796187493,1.5810541082596026,1.0,1.0
131,sequential,2,1.58498161305579,1.58498161305579,0.003927504796187493,1.5810541082596026,1.0,1.0
132,sequential,2,1.58498161305579,1.58498161305579,0.003927504796187493,1.5810541082596026,1.0,1.0
133,sequential,2,1.58498161305579,1.58498161305579,0.003927504796187493,1.5810541082596026,1.0,1.0
134,sequential,2,1.58498161305579,1.58498161305579,0.003927504796187493,1.5810541082596026,1.0,1.0
135,sequential,2,1.58498161305579,1.58498161305579,0.003927504796187493,1.5810541082596026,1.0,1.0
136,sequential,2,1.58498161305579,1.58498161305579,0.003927504796187493,1.5810541082596026,1.0,1.0
137,sequential,2,1.58498161305579,1.58498161305579,0.003927504796187493,1.5810541082596026,1.0,1.0
138,sequential,2,1.58498161305579,1.58498161305579,0.003927504796187493,1.5810541082596026,1.0,1.0
139,sequential,2,1.58498161305579,1.58498161305579,0.003927504796187493,1.5810541082596026,1.0,1.0
140,sequential,2,1.58498161305579,1.58498161305579,0.003927504796187493,1.5810541082596026,1.0,1.0
141,sequential,2,1.58498161305579,1.58498161305579,0.003927504796187493,1.5810541082596026,1.0,1.0
142,sequential,2,1.58498161305579,1.58498161305579,0.003927504796187493,1.5810541082596026,1.0,1.0
143,sequential,2,1.58498161305579,1.58498161305579,0.003927504796187493,1.5810541082596026,1.0,1.0
144,sequential,2,1.58498161305579,1.58498161305579,0.003927504796187493,1.5810541082596026,1.0,1.0
145,sequential,2,1.58498161305579,1.58498161305579,0.003927504796187493,1.5810541082596026,1.0,1.0
146,sequential,2,1.58498161305579,1.58498161305579,0.003927504796187493,1.5810541082596026,1.0,1.0
147,sequential,2,1.58498161305579,1.58498161305579,0.003927504796187493,1.5810541082596026,1.0,1.0
148,sequential,2,1.58498161305579,1.58498161305579,0.003927504796187493,1.5810541082596026,1.0,1.0
149,sequential,2,1.58498161305579,1.58498161305579,0.003927504796187493,1.5810541082596026,1.0,1.0
150,sequential,2,1.58498161305579,1.58498161305579,0.003927504796187493,1.5810541082596026,1.0,1.0
151,sequential,2,1.58498161305579,1.58498161305579,0.003927504796187493,1.5810541082596026,1.0,1.0
152,sequential,2,1.58498161305579,1.58498161305579,0.003927504796187493,1.5810541082596026,1.0,1.0
153,sequential,2,1.58498161305579,1.58498161305579,0.003927504796187493,1.5810541082596026,1.0,1.0
154,sequential,2,1.58498161305579,1.58498161305579,0.003927504796187493,1.5810541082596026,1.0,1.0
155,sequential,2,1.58498161305579,1.58498161305579,0.003927504796187493,1.5810541082596026,1.0,1.0
156,sequential,2,1.58498161305579,1.58498161305579,0.003927504796187493,1.5810541082596026,1.0,1.0
157,sequential,2,1.58498161305579,1.58498161305579,0.003927504796187493,1.5810541082596026,1.0,1.0
158,sequential,2,1.58498161305579,1.58498161305579,0.003927504796187493,1.5810541082596026,1.0,1.0
159,sequential,2,1.58498161305579,1.58498161305579,0.003927504796187493,1.5810541082596026,1.0,1.0
160,sequential,2,1.58498161305579,1.58498161305579,0.003927504796187493,1.5810541082596026,1.0,1.0
161,sequential,2,1.58498161305579,1.58498161305579,0.003927504796187493,1.5810541082596026,1.0,1.0
162,sequential,2,1.58498161305579,1.58498161305579,0.003927504796187493,1.5810541082596026,1.0,1.0
163,sequential,2,1.58498161305579,1.58498161305579,0.003927504796187493,1.5810541082596026,1.0,1.0
164,sequential,2,1.58498161305579,1.58498161305579,0.003927504796187493,1.5810541082596026,1.0,1.0
165,sequential,2,1.58498161305579,1.58498161305579,0.003927504796187493,1.5810541082596026,1.0,1.0
166,sequential,2,1.58498161305579,1.58498161305579,0.003927504796187493,1.5810541082596026,1.0,1.0
167,sequential,2,1.58498161305579,1.58498161305579,0.003927504796187493,1.5810541082596026,1.0,1.0
168,sequential,2,1.58498161305579,1.58498161305579,0.003927504796187493,1.5810541082596026,1.0,1.0
169,sequential,2,1.58498161305579,1.58498161305579,0.003927504796187493,1.5810541082596026,1.0,1.0
170,sequential,2,1.58498161305579,1.58498161305579,0.003927504796187493,1.5810541082596026,1.0,1.0
171,sequential,2,1.58498161305579,1.58498161305579,0.003927504796187493,1.5810541082596026,1.0,1.0
172,sequential,2,1.58498161305579,1.58498161305579,0.003927504796187493,1.5810541082596026,1.0,1.0
173,sequential,2,1.58498161305579,1.58498161305579,0.003927504796187493,1.5810541082596026,1.0,1.0
174,sequential,2,1.58498161305579,1.58498161305579,0.003927504796187493,1.5810541082596026,1.0,1.0
175,sequential,2,1.58498161305579,1.58498161305579,0.003927504796187493,1.5810541082596026,1.0,1.0
176,sequential,2,1.58498161305579,1.58498161305579,0.003927504796187493,1.5810541082596026,1.0,1.0
177,sequential,2,1.58498161305579,1.58498161305579,0.003927504796187493,1.5810541082596026,1.0,1.0
178,sequential,2,1.58498161305579,1.58498161305579,0.003927504796187493,1.5810541082596026,1.0,1.0
179,sequential,2,1.58498161305579,1.58498161305579,0.003927504796187493,1.5810541082596026,1.0,1.0
180,sequential,2,1.58498161305579,1.58498161305579,0.003927504796187493,1.5810541082596026,1.0,1.0
181,sequential,2,1.58498161305579,1.58498161305579,0.003927504796187493,1.5810541082596026,1.0,1.0
182,sequential,2,1.58498161305579,1.58498161305579,0.003927504796187493,1.5810541082596026,1.0,1.0
183,sequential,2,1.58498161305579,1.58498161305579,0.003927504796187493,1.5810541082596026,1.0,1.0
184,sequential,2,1.58498161305579,1.58498161305579,0.003927504796187493,1.5810541082596026,1.0,1.0
185,sequential,2,1.58498161305579,1.58498161305579,0.003927504796187493,1.5810541082596026,1.0,1.0
186,sequential,2,1.58498161305579,1.58498161305579,0.003927504796187493,1.5810541082596026,1.0,1.0
187,sequential,2,1.58498161305579,1.58498161305579,0.003927504796187493,1.5810541082596026,1.0,1.0
188,sequential,2,1.58498161305579,1.58498161305579,0.003927504796187493,1.5810541082596026,1.0,1.0
189,sequential,2,1.58498161305579,1.58498161305579,0.003927504796187493,1.5810541082596026,1.0,1.0
190,sequential,2,1.58498161305579,1.58498161305579,0.003927504796187493,1.5810541082596026,1.0,1.0
191,sequential,2,1.58498161305579,1.58498161305579,0.003927504796187493,1.5810541082596026,1.0,1.0
192,sequential,2,1.58498161305579,1.58498161305579,0.003927504796187493,1.5810541082596026,1.0,1.0
193,sequential,2,1.58498161305579,1.58498161305579,0.003927504796187493,1.5810541082596026,1.0,1.0
194,sequential,2,1.58498161305579,1.58498161305579,0.003927504796187493,1.5810541082596026,1.0,1.0
195,sequential,2,1.58498161305579,1.58498161305579,0.003927504796187493,1.5810541082596026,1.0,1.0
196,sequential,2,1.58498161305579,1.58498161305579,0.003927504796187493,1.5810541082596026,1.0,1.0
197,sequential,2,1.58498161305579,1.58498161305579,0.003927504796187493,1.5810541082596026,1.0,1.0
198,sequential,2,1.58498161305579,1.58498161305579,0.003927504796187493,1.5810541082596026,1.0,1.0
199,sequential,2,1.58498161305579,1.58498161305579,0.003927504796187493,1.5810541082596026,1.0,1.0
200,sequential,2,1.58498161305579,1.58498161305579,0.003927504796187493,1.5810541082596026,1.0,1.0
201,sequential,2,1.58498161305579,1.58498161305579,0.003927504796187493,1.5810541082596026,1.0,1.0
202,sequential,2,1.58498161305579,1.58498161305579,0.003927504796187493,1.5810541082596026,1.0,1.0
203,sequential,2,1.58498161305579,1.58498161305579,0.003927504796187493,1.5810541082596026,1.0,1.0
204,sequential,2,1.58498161305579,1.58498161305579,0.003927504796187493,1.5810541082596026,1.0,1.0
205,sequential,2,1.58498161305579,1.58498161305579,0.003927504796187493,1.5810541082596026,1.0,1.0
206,sequential,2,1.58498161305579,1.58498161305579,0.003927504796187493,1.5810541082596026,1.0,1.0
207,sequential,2,1.58498161305579,1.58498161305579,0.003927504796187493,1.5810541082596026,1.0,1.0
208,sequential,2,1.58498161305579,1.58498161305579,0.003927504796187493,1.5810541082596026,1.0,1.0
209,sequential,2,1.58498161305579,1.58498161305579,0.003927504796187493,1.5810541082596026,1.0,1.0
210,sequential,2,1.58498161305579,1.58498161305579,0.003927504796187493,1.5810541082596026,1.0,1.0
211,sequential,2,1.58498161305579,1.58498161305579,0.003927504796187493,1.5810541082596026,1.0,1.0
212,sequential,2,1.58498161305579,1.58498161305579,0.003927504796187493,1.5810541082596026,1.0,1.0
213,sequential,2,1.58498161305579,1.58498161305579,0.003927504796187493,1.5810541082596026,1.0,1.0
214,sequential,2,1.58498161305579,1.58498161305579,0.003927504796187493,1.5810541082596026,1.0,1.0
215,sequential,2,1.58498161305579,1.58498161305579,0.003927504796187493,1.5810541082596026,1.0,1.0
216,sequential,2,1.58498161305579,1.58498161305579,0.003927504796187493,1.5810541082596026,1.0,1.0
217,sequential,2,1.58498161305579,1.58498161305579,0.003927504796187493,1.5810541082596026,1.0,1.0
218,sequential,2,1.58498161305579,1.58498161305579,0.003927504796187493,1.5810541082596026,1.0,1.0
219,sequential,2,1.58498161305579,1.58498161305579,0.003927504796187493,1.5810541082596026,1.0,1.0
220,sequential,2,1.58498161305579,1.58498161305579,0.003927504796187493,1.5810541082596026,1.0,1.0
221,sequential,2,1.58498161305579,1.58498161305579,0.003927504796187493,1.5810541082596026,1.0,1.0
222,sequential,2,1.58498161305579,1.58498161305579,0.003927504796187493,1.5810541082596026,1.0,1.0
223,sequential,2,1.58498161305579,1.58498161305579,0.003927504796187493,1.5810541082596026,1.0,1.0
224,sequential,2,1.58498161305579,1.58498161305579,0.003927504796187493,1.5810541082596026,1.0,1.0
225,sequential,2,1.58498161305579,1.58498161305579,0.003927504796187493,1.5810541082596026,1.0,1.0
226,sequential,2,1.58498161305579,1.58498161305579,0.003927504796187493,1.5810541082596026,1.0,1.0
227,sequential,2,1.58498161305579,1.58498161305579,0.003927504796187493,1.5810541082596026,1.0,1.0
228,sequential,2,1.58498161305579,1.58498161305579,0.003927504796187493,1.5810541082596026,1.0,1.0
229,sequential,2,1.58498161305579,1.58498161305579,0.003927504796187493,1.5810541082596026,1.0,1.0
230,sequential,2,1.58498161305579,1.58498161305579,0.003927504796187493,1.5810541082596026,1.0,1.0
231,sequential,2,1.58498161305579,1.58498161305579,0.003927504796187493,1.5810541082596026,1.0,1.0
232,sequential,2,1.58498161305579,1.58498161305579,0.003927504796187493,1.5810541082596026,1.0,1.0
233,sequential,2,1.58498161305579,1.58498161305579,0.003927504796187493,1.5810541082596026,1.0,1.0
234,sequential,2,1.58498161305579,1.58498161305579,0.003927504796187493,1.5810541082596026,1.0,1.0
235,sequential,2,1.58498161305579,1.58498161305579,0.003927504796187493,1.5810541082596026,1.0,1.0
236,sequential,2,1.58498161305579,1.58498161305579,0.003927504796187493,1.5810541082596026,1.0,1.0
237,sequential,2,1.58498161305579,1.58498161305579,0.003927504796187493,1.5810541082596026,1.0,1.0
238,sequential,2,1.58498161305579,1.58498161305579,0.003927504796187493,1.5810541082596026,1.0,1.0
239,sequential,2,1.58498161305579,1.58498161305579,0.003927504796187493,1.5810541082596026,1.0,1.0
240,sequential,2,1.58498161305579,1.58498161305579,0.003927504796187493,1.5810541082596026,1.0,1.0
241,sequential,2,1.58498161305579,1.58498161305579,0.003927504796187493,1.5810541082596026,1.0,1.0
242,sequential,2,1.58498161305579,1.58498161305579,0.003927504796187493,1.5810541082596026,1.0,1.0
243,sequential,2,1.58498161305579,1.58498161305579,0.003927504796187493,1.5810541082596026,1.0,1.0
244,sequential,2,1.58498161305579,1.58498161305579,0.003927504796187493,1.5810541082596026,1.0,1.0
245,sequential,2,1.58498161305579,1.58498161305579,0.003927504796187493,1.5810541082596026,1.0,1.0
246,sequential,2,1.58498161305579,1.58498161305579,0.003927504796187493,1.5810541082596026,1.0,1.0
247,sequential,2,1.58498161305579,1.58498161305579,0.003927504796187493,1.5810541082596026,1.0,1.0
248,sequential,2,1.58498161305579,1.58498161305579,0.003927504796187493,1.5810541082596026,1.0,1.0
249,sequential,2,1.58498161305579,1.58498161305579,0.003927504796187493,1.5810541082596026,1.0,1.0
250,sequential,2,1.58498161305579,1.58498161305579,0.003927504796187493,1.5810541082596026,1.0,1.0
251,sequential,2,1.58498161305579,1.58498161305579,0.003927504796187493,1.5810541082596026,1.0,1.0
252,sequential,2,1.58498161305579,1.58498161305579,0.003927504796187493,1.5810541082596026,1.0,1.0
253,sequential,2,1.58498161305579,1.58498161305579,0.003927504796187493,1.5810541082596026,1.0,1.0
254,sequential,2,1.58498161305579,1.58498161305579,0.003927504796187493,1.5810541082596026,1.0,1.0
255,sequential,2,1.58498161305579,1.58498161305579,0.003927504796187493,1.5810541082596026,1.0,1.0
256,sequential,2,1.58498161305579,1.58498161305579,0.003927504796187493,1.5810541082596026,1.0,1.0
257,sequential,2,1.58498161305579,1.58498161305579,0.003927504796187493,1.5810541082596026,1.0,1.0
258,sequential,2,1.58498161305579,1.58498161305579,0.003927504796187493,1.5810541082596026,1.0,1.0
259,sequential,2,1.58498161305579,1.58498161305579,0.003927504796187493,1.5810541082596026,1.0,1.0
260,sequential,2,1.58498161305579,1.58498161305579,0.003927504796187493,1.5810541082596026,1.0,1.0
261,sequential,2,1.58498161305579,1.58498161305579,0.003927504796187493,1.5810541082596026,1.0,1.0
262,sequential,2,1.58498161305579,1.58498161305579,0.003927504796187493,1.5810541082596026,1.0,1.0
263,sequential,2,1.58498161305579,1.58498161305579,0.003927504796187493,1.5810541082596026,1.0,1.0
264,sequential,2,1.58498161305579,1.58498161305579,0.003927504796187493,1.5810541082596026,1.0,1.0
265,sequential,2,1.58498161305579,1.58498161305579,0.003927504796187493,1.5810541082596026,1.0,1.0
266,sequential,2,1.58498161305579,1.58498161305579,0.003927504796187493,1.5810541082596026,1.0,1.0
267,sequential,2,1.58498161305579,1.58498161305579,0.003927504796187493,1.5810541082596026,1.0,1.0
268,sequential,2,1.58498161305579,1.58498161305579,0.003927504796187493,1.5810541082596026,1.0,1.0
269,sequential,2,1.58498161305579,1.58498161305579,0.003927504796187493,1.5810541082596026,1.0,1.0
270,sequential,2,1.58498161305579,1.58498161305579,0.003927504796187493,1.5810541082596026,1.0,1.0
271,sequential,2,1.58498161305579,1.58498161305579,0.003927504796187493,1.5810541082596026,1.0,1.0
272,sequential,2,1.58498161305579,1.58498161305579,0.003927504796187493,1.5810541082596026,1.0,1.0
273,sequential,2,1.58498161305579,1.58498161305579,0.003927504796187493,1.5810541082596026,1.0,1.0
274,sequential,2,1.58498161305579,1.58498161305579,0.003927504796187493,1.5810541082596026,1.0,1.0
275,sequential,2,1.58498161305579,1.58498161305579,0.003927504796187493,1.5810541082596026,1.0,1.0
276,sequential,2,1.58498161305579,1.58498161305579,0.003927504796187493,1.5810541082596026,1.0,1.0
277,sequential,2,1.58498161305579,1.58498161305579,0.003927504796187493,1.5810541082596026,1.0,1.0
278,sequential,2,1.58498161305579,1.58498161305579,0.003927504796187493,1.5810541082596026,1.0,1.0
279,sequential,2,1.58498161305579,1.58498161305579,0.003927504796187493,1.5810541082596026,1.0,1.0
280,sequential,2,1.58498161305579,1.58498161305579,0.003927504796187493,1.5810541082596026,1.0,1.0
281,sequential,2,1.58498161305579,1.58498161305579,0.003927504796187493,1.5810541082596026,1.0,1.0
282,sequential,2,1.58498161305579,1.58498161305579,0.003927504796187493,1.5810541082596026,1.0,1.0
283,sequential,2,1.58498161305579,1.58498161305579,0.003927504796187493,1.5810541082596026,1.0,1.0
284,sequential,2,1.58498161305579,1.58498161305579,0.003927504796187493,1.5810541082596026,1.0,1.0
285,sequential,2,1.58498161305579,1.58498161305579,0.003927504796187493,1.5810541082596026,1.0,1.0
286,sequential,2,1.58498161305579,1.58498161305579,0.003927504796187493,1.5810541082596026,1.0,1.0
287,sequential,2,1.58498161305579,1.58498161305579,0.003927504796187493,1.5810541082596026,1.0,1.0
288,sequential,2,1.58498161305579,1.58498161305579,0.003927504796187493,1.5810541082596026,1.0,1.0
289,sequential,2,1.58498161305579,1.58498161305579,0.003927504796187493,1.5810541082596026,1.0,1.0
290,sequential,2,1.58498161305579,1.58498161305579,0.003927504796187493,1.5810541082596026,1.0,1.0
291,sequential,2,1.58498161305579,1.58498161305579,0.003927504796187493,1.5810541082596026,1.0,1.0
292,sequential,2,1.58498161305579,1.58498161305579,0.003927504796187493,1.5810541082596026,1.0,1.0
293,sequential,2,1.58498161305579,1.58498161305579,0.003927504796187493,1.5810541082596026,1.0,1.0
294,sequential,2,1.58498161305579,1.58498161305579,0.003927504796187493,1.5810541082596026,1.0,1.0
295,sequential,2,1.58498161305579,1.58498161305579,0.003927504796187493,1.5810541082596026,1.0,1.0
296,sequential,2,1.58498161305579,1.58498161305579,0.003927504796187493,1.5810541082596026,1.0,1.0
297,sequential,2,1.58498161305579,1.58498161305579,0.003927504796187493,1.5810541082596026,1.0,1.0
298,sequential,2,1.58498161305579,1.58498161305579,0.003927504796187493,1.5810541082596026,1.0,1.0
299,sequential,2,1.58498161305579,1.58498161305579,0.003927504796187493,1.5810541082596026,1.0,1.0
300,sequential,2,1.58498161305579,1.58498161305579,0.003927504796187493,1.5810541082596026,1.0,1.0
301,sequential,2,1.58498161305579,1.58498161305579,0.003927504796187493,1.5810541082596026,1.0,1.0
302,sequential,2,1.58498161305579,1.58498161305579,0.003927504796187493,1.5810541082596026,1.0,1.0
303,sequential,2,1.58498161305579,1.58498161305579,0.003927504796187493,1.5810541082596026,1.0,1.0
304,sequential,2,1.58498161305579,1.58498161305579,0.003927504796187493,1.5810541082596026,1.0,1.0
305,sequential,2,1.58498161305579,1.58498161305579,0.003927504796187493,1.5810541082596026,1.0,1.0
306,sequential,2,1.58498161305579,1.58498161305579,0.003927504796187493,1.5810541082596026,1.0,1.0
307,sequential,2,1.58498161305579,1.58498161305579,0.003927504796187493,1.5810541082596026,1.0,1.0
308,sequential,2,1.58498161305579,1.58498161305579,0.003927504796187493,1.5810541082596026,1.0,1.0
309,sequential,2,1.58498161305579,1.58498161305579,0.003927504796187493,1.5810541082596026,1.0,1.0
310,sequential,2,1.58498161305579,1.58498161305579,0.003927504796187493,1.5810541082596026,1.0,1.0
311,sequential,2,1.58498161305579,1.58498161305579,0.003927504796187493,1.5810541082596026,1.0,1.0
312,sequential,2,1.58498161305579,1.58498161305579,0.003927504796187493,1.5810541082596026,1.0,1.0
313,sequential,2,1.58498161305579,1.58498161305579,0.003927504796187493,1.5810541082596026,1.0,1.0
314,sequential,2,1.58498161305579,1.58498161305579,0.003927504796187493,1.5810541082596026,1.0,1.0
315,sequential,2,1.58498161305579,1.58498161305579,0.003927504796187493,1.5810541082596026,1.0,1.0
316,sequential,2,1.58498161305579,1.58498161305579,0.003927504796187493,1.5810541082596026,1.0,1.0
317,sequential,2,1.58498161305579,1.58498161305579,0.003927504796187493,1.5810541082596026,1.0,1.0
318,sequential,2,1.58498161305579,1.58498161305579,0.003927504796187493,1.5810541082596026,1.0,1.0
319,sequential,2,1.58498161305579,1.58498161305579,0.003927504796187493,1.5810541082596026,1.0,1.0
320,sequential,2,1.58498161305579,1.58498161305579,0.003927504796187493,1.5810541082596026,1.0,1.0
321,sequential,2,1.58498161305579,1.58498161305579,0.003927504796187493,1.5810541082596026,1.0,1.0
322,sequential,2,1.58498161305579,1.58498161305579,0.003927504796187493,1.5810541082596026,1.0,1.0
323,sequential,2,1.58498161305579,1.58498161305579,0.003927504796187493,1.5810541082596026,1.0,1.0
324,sequential,2,1.58498161305579,1.58498161305579,0.003927504796187493,1.5810541082596026,1.0,1.0
325,sequential,2,1.58498161305579,1.58498161305579,0.003927504796187493,1.5810541082596026,1.0,1.0
326,sequential,2,1.58498161305579,1.58498161305579,0.003927504796187493,1.5810541082596026,1.0,1.0
327,sequential,2,1.58498161305579,1.58498161305579,0.003927504796187493,1.5810541082596026,1.0,1.0
328,sequential,2,1.58498161305579,1.58498161305579,0.003927504796187493,1.5810541082596026,1.0,1.0
329,sequential,2,1.58498161305579,1.58498161305579,0.003927504796187493,1.5810541082596026,1.0,1.0
330,sequential,2,1.58498161305579,1.58498161305579,0.003927504796187493,1.5810541082596026,1.0,1.0
331,sequential,2,1.58498161305579,1.58498161305579,0.003927504796187493,1.5810541082596026,1.0,1.0
332,sequential,2,1.58498161305579,1.58498161305579,0.003927504796187493,1.5810541082596026,1.0,1.0
333,sequential,2,1.58498161305579,1.58498161305579,0.003927504796187493,1.5810541082596026,1.0,1.0
334,sequential,2,1.58498161305579,1.58498161305579,0.003927504796187493,1.5810541082596026,1.0,1.0
335,sequential,2,1.58498161305579,1.58498161305579,0.003927504796187493,1.5810541082596026,1.0,1.0
336,sequential,2,1.58498161305579,1.58498161305579,0.003927504796187493,1.5810541082596026,1.0,1.0
337,sequential,2,1.58498161305579,1.58498161305579,0.003927504796187493,1.5810541082596026,1.0,1.0
338,sequential,2,1.58498161305579,1.58498161305579,0.003927504796187493,1.5810541082596026,1.0,1.0
339,sequential,2,1.58498161305579,1.58498161305579,0.003927504796187493,1.5810541082596026,1.0,1.0
340,sequential,2,1.58498161305579,1.58498161305579,0.003927504796187493,1.5810541082596026,1.0,1.0
341,sequential,2,1.58498161305579,1.58498161305579,0.003927504796187493,1.5810541082596026,1.0,1.0
342,sequential,2,1.58498161305579,1.58498161305579,0.003927504796187493,1.5810541082596026,1.0,1.0
343,sequential,2,1.58498161305579,1.58498161305579,0.003927504796187493,1.5810541082596026,1.0,1.0
344,sequential,2,1.58498161305579,1.58498161305579,0.003927504796187493,1.5810541082596026,1.0,1.0
345,sequential,2,1.58498161305579,1.58498161305579,0.003927504796187493,1.5810541082596026,1.0,1.0
346,sequential,2,1.58498161305579,1.58498161305579,0.003927504796187493,1.5810541082596026,1.0,1.0
347,sequential,2,1.58498161305579,1.58498161305579,0.003927504796187493,1.5810541082596026,1.0,1.0
348,sequential,2,1.58498161305579,1.58498161305579,0.003927504796187493,1.5810541082596026,1.0,1.0
349,sequential,2,1.58498161305579,1.58498161305579,0.003927504796187493,1.5810541082596026,1.0,1.0
350,sequential,2,1.58498161305579,1.58498161305579,0.003927504796187493,1.5810541082596026,1.0,1.0
351,sequential,2,1.58498161305579,1.58498161305579,0.003927504796187493,1.5810541082596026,1.0,1.0
352,sequential,2,1.58498161305579,1.58498161305579,0.003927504796187493,1.5810541082596026,1.0,1.0
353,sequential,2,1.58498161305579,1.58498161305579,0.003927504796187493,1.5810541082596026,1.0,1.0
354,sequential,2,1.58498161305579,1.58498161305579,0.003927504796187493,1.5810541082596026,1.0,1.0
355,sequential,2,1.58498161305579,1.58498161305579,0.003927504796187493,1.5810541082596026,1.0,1.0
356,sequential,2,1.58498161305579,1.58498161305579,0.003927504796187493,1.5810541082596026,1.0,1.0
357,sequential,2,1.58498161305579,1.58498161305579,0.003927504796187493,1.5810541082596026,1.0,1.0
358,sequential,2,1.58498161305579,1.58498161305579,0.003927504796187493,1.5810541082596026,1.0,1.0
359,sequential,2,1.58498161305579,1.58498161305579,0.003927504796187493,1.5810541082596026,1.0,1.0
360,sequential,2,1.58498161305579,1.58498161305579,0.003927504796187493,1.5810541082596026,1.0,1.0
361,sequential,2,1.58498161305579,1.58498161305579,0.003927504796187493,1.5810541082596026,1.0,1.0
362,sequential,2,1.58498161305579,1.58498161305579,0.003927504796187493,1.5810541082596026,1.0,1.0
363,sequential,2,1.58498161305579,1.58498161305579,0.003927504796187493,1.5810541082596026,1.0,1.0
364,sequential,2,1.58498161305579,1.58498161305579,0.003927504796187493,1.5810541082596026,1.0,1.0
365,sequential,2,1.58498161305579,1.58498161305579,0.003927504796187493,1.5810541082596026,1.0,1.0
366,sequential,2,1.58498161305579,1.58498161305579,0.003927504796187493,1.5810541082596026,1.0,1.0
367,sequential,2,1.58498161305579,1.58498161305579,0.003927504796187493,1.5810541082596026,1.0,1.0
368,sequential,2,1.58498161305579,1.58498161305579,0.003927504796187493,1.5810541082596026,1.0,1.0
369,sequential,2,1.58498161305579,1.58498161305579,0.003927504796187493,1.5810541082596026,1.0,1.0
370,sequential,2,1.58498161305579,1.58498161305579,0.003927504796187493,1.5810541082596026,1.0,1.0
371,sequential,2,1.58498161305579,1.58498161305579,0.003927504796187493,1.5810541082596026,1.0,1.0
372,sequential,2,1.58498161305579,1.58498161305579,0.003927504796187493,1.5810541082596026,1.0,1.0
373,sequential,2,1.58498161305579,1.58498161305579,0.003927504796187493,1.5810541082596026,1.0,1.0
374,sequential,2,1.58498161305579,1.58498161305579,0.003927504796187493,1.5810541082596026,1.0,1.0
375,sequential,2,1.58498161305579,1.58498161305579,0.003927504796187493,1.5810541082596026,1.0,1.0
376,sequential,2,1.58498161305579,1.58498161305579,0.003927504796187493,1.5810541082596026,1.0,1.0
377,sequential,2,1.58498161305579,1.58498161305579,0.003927504796187493,1.5810541082596026,1.0,1.0
378,sequential,2,1.58498161305579,1.58498161305579,0.003927504796187493,1.5810541082596026,1.0,1.0
379,sequential,2,1.58498161305579,1.58498161305579,0.003927504796187493,1.5810541082596026,1.0,1.0
380,sequential,2,1.58498161305579,1.58498161305579,0.003927504796187493,1.5810541082596026,1.0,1.0
381,sequential,2,1.58498161305579,1.58498161305579,0.003927504796187493,1.5810541082596026,1.0,1.0
382,sequential,2,1.58498161305579,1.58498161305579,0.003927504796187493,1.5810541082596026,1.0,1.0
383,sequential,2,1.58498161305579,1.58498161305579,0.003927504796187493,1.5810541082596026,1.0,1.0
384,sequential,2,1.58498161305579,1.58498161305579,0.003927504796187493,1.5810541082596026,1.0,1.0
385,sequential,2,1.58498161305579,1.58498161305579,0.003927504796187493,1.5810541082596026,1.0,1.0
386,sequential,2,1.58498161305579,1.58498161305579,0.003927504796187493,1.5810541082596026,1.0,1.0
387,sequential,2,1.58498161305579,1.58498161305579,0.003927504796187493,1.5810541082596026,1.0,1.0
388,sequential,2,1.58498161305579,1.58498161305579,0.003927504796187493,1.5810541082596026,1.0,1.0
389,sequential,2,1.58498161305579,1.58498161305579,0.003927504796187493,1.5810541082596026,1.0,1.0
390,sequential,2,1.58498161305579,1.58498161305579,0.003927504796187493,1.5810541082596026,1.0,1.0
391,sequential,2,1.58498161305579,1.58498161305579,0.003927504796187493,1.5810541082596026,1.0,1.0
392,sequential,2,1.58498161305579,1.58498161305579,0.003927504796187493,1.5810541082596026,1.0,1.0
393,sequential,2,1.58498161305579,1.58498161305579,0.003927504796187493,1.5810541082596026,1.0,1.0
394,sequential,2,1.58498161305579,1.58498161305579,0.003927504796187493,1.5810541082596026,1.0,1.0
395,sequential,2,1.58498161305579,1.58498161305579,0.003927504796187493,1.5810541082596026,1.0,1.0
396,sequential,2,1.58498161305579,1.58498161305579,0.003927504796187493,1.5810541082596026,1.0,1.0
397,sequential,2,1.58498161305579,1.58498161305579,0.003927504796187493,1.5810541082596026,1.0,1.0
398,sequential,2,1.58498161305579,1.58498161305579,0.003927504796187493,1.5810541082596026,1.0,1.0
399,sequential,2,1.58498161305579,1.58498161305579,0.003927504796187493,1.5810541082596026,1.0,1.0
400,sequential,2,1.58498161305579,1.58498161305579,0.003927504796187493,1.5810541082596026,1.0,1.0
401,sequential,2,1.58498161305579,1.58498161305579,0.003927504796187493,1.5810541082596026,1.0,1.0
402,sequential,2,1.58498161305579,1.58498161305579,0.003927504796187493,1.5810541082596026,1.0,1.0
403,sequential,2,1.58498161305579,1.58498161305579,0.003927504796187493,1.5810541082596026,1.0,1.0
404,sequential,2,1.58498161305579,1.58498161305579,0.003927504796187493,1.5810541082596026,1.0,1.0
405,sequential,2,1.58498161305579,1.58498161305579,0.003927504796187493,1.5810541082596026,1.0,1.0
406,sequential,2,1.58498161305579,1.58498161305579,0.003927504796187493,1.5810541082596026,1.0,1.0
407,sequential,2,1.58498161305579,1.58498161305579,0.003927504796187493,1.5810541082596026,1.0,1.0
408,sequential,2,1.58498161305579,1.58498161305579,0.003927504796187493,1.5810541082596026,1.0,1.0
409,sequential,2,1.58498161305579,1.58498161305579,0.003927504796187493,1.5810541082596026,1.0,1.0
410,sequential,2,1.58498161305579,1.58498161305579,0.003927504796187493,1.5810541082596026,1.0,1.0
411,sequential,2,1.58498161305579,1.58498161305579,0.003927504796187493,1.5810541082596026,1.0,1.0
412,sequential,2,1.58498161305579,1.58498161305579,0.003927504796187493,1.5810541082596026,1.0,1.0
413,sequential,2,1.58498161305579,1.58498161305579,0.003927504796187493,1.5810541082596026,1.0,1.0
414,sequential,2,1.58498161305579,1.58498161305579,0.003927504796187493,1.5810541082596026,1.0,1.0
415,sequential,2,1.58498161305579,1.58498161305579,0.003927504796187493,1.5810541082596026,1.0,1.0
416,sequential,2,1.58498161305579,1.58498161305579,0.003927504796187493,1.5810541082596026,1.0,1.0
417,sequential,2,1.58498161305579,1.58498161305579,0.003927504796187493,1.5810541082596026,1.0,1.0
418,sequential,2,1.58498161305579,1.58498161305579,0.003927504796187493,1.5810541082596026,1.0,1.0
419,sequential,2,1.58498161305579,1.58498161305579,0.003927504796187493,1.5810541082596026,1.0,1.0
420,sequential,2,1.58498161305579,1.58498161305579,0.003927504796187493,1.5810541082596026,1.0,1.0
421,sequential,2,1.58498161305579,1.58498161305579,0.003927504796187493,1.5810541082596026,1.0,1.0
422,sequential,2,1.58498161305579,1.58498161305579,0.003927504796187493,1.5810541082596026,1.0,1.0
423,sequential,2,1.58498161305579,1.58498161305579,0.003927504796187493,1.5810541082596026,1.0,1.0
424,sequential,2,1.58498161305579,1.58498161305579,0.003927504796187493,1.5810541082596026,1.0,1.0
425,sequential,2,1.58498161305579,1.58498161305579,0.003927504796187493,1.5810541082596026,1.0,1.0
426,sequential,2,1.58498161305579,1.58498161305579,0.003927504796187493,1.5810541082596026,1.0,1.0
427,sequential,2,1.58498161305579,1.58498161305579,0.003927504796187493,1.5810541082596026,1.0,1.0
428,sequential,2,1.58498161305579,1.58498161305579,0.003927504796187493,1.5810541082596026,1.0,1.0
429,sequential,2,1.58498161305579,1.58498161305579,0.003927504796187493,1.5810541082596026,1.0,1.0
430,sequential,2,1.58498161305579,1.58498161305579,0.003927504796187493,1.5810541082596026,1.0,1.0
431,sequential,2,1.58498161305579,1.58498161305579,0.003927504796187493,1.5810541082596026,1.0,1.0
432,sequential,2,1.58498161305579,1.58498161305579,0.003927504796187493,1.5810541082596026,1.0,1.0
433,sequential,2,1.58498161305579,1.58498161305579,0.003927504796187493,1.5810541082596026,1.0,1.0
434,sequential,2,1.58498161305579,1.58498161305579,0.003927504796187493,1.5810541082596026,1.0,1.0
435,sequential,2,1.58498161305579,1.58498161305579,0.003927504796187493,1.5810541082596026,1.0,1.0
436,sequential,2,1.58498161305579,1.58498161305579,0.003927504796187493,1.5810541082596026,1.0,1.0
437,sequential,2,1.58498161305579,1.58498161305579,0.003927504796187493,1.5810541082596026,1.0,1.0
438,sequential,2,1.58498161305579,1.58498161305579,0.003927504796187493,1.5810541082596026,1.0,1.0
439,sequential,2,1.58498161305579,1.58498161305579,0.003927504796187493,1.5810541082596026,1.0,1.0
440,sequential,2,1.58498161305579,1.58498161305579,0.003927504796187493,1.5810541082596026,1.0,1.0
441,sequential,2,1.58498161305579,1.58498161305579,0.003927504796187493,1.5810541082596026,1.0,1.0
442,sequential,2,1.58498161305579,1.58498161305579,0.003927504796187493,1.5810541082596026,1.0,1.0
443,sequential,2,1.58498161305579,1.58498161305579,0.003927504796187493,1.5810541082596026,1.0,1.0
444,sequential,2,1.58498161305579,1.58498161305579,0.003927504796187493,1.5810541082596026,1.0,1.0
445,sequential,2,1.58498161305579,1.58498161305579,0.003927504796187493,1.5810541082596026,1.0,1.0
446,sequential,2,1.58498161305579,1.58498161305579,0.003927504796187493,1.5810541082596026,1.0,1.0
447,sequential,2,1.58498161305579,1.58498161305579,0.003927504796187493,1.5810541082596026,1.0,1.0
448,sequential,2,1.58498161305579,1.58498161305579,0.003927504796187493,1.5810541082596026,1.0,1.0
449,sequential,2,1.58498161305579,1.58498161305579,0.003927504796187493,1.5810541082596026,1.0,1.0
450,sequential,2,1.58498161305579,1.58498161305579,0.003927504796187493,1.5810541082596026,1.0,1.0
451,sequential,2,1.58498161305579,1.58498161305579,0.003927504796187493,1.5810541082596026,1.0,1.0
452,sequential,2,1.58498161305579,1.58498161305579,0.003927504796187493,1.5810541082596026,1.0,1.0
453,sequential,2,1.58498161305579,1.58498161305579,0.003927504796187493,1.5810541082596026,1.0,1.0
454,sequential,2,1.58498161305579,1.58498161305579,0.003927504796187493,1.5810541082596026,1.0,1.0
455,sequential,2,1.58498161305579,1.58498161305579,0.003927504796187493,1.5810541082596026,1.0,1.0
456,sequential,2,1.58498161305579,1.58498161305579,0.003927504796187493,1.5810541082596026,1.0,1.0
457,sequential,2,1.58498161305579,1.58498161305579,0.003927504796187493,1.5810541082596026,1.0,1.0
458,sequential,2,1.58498161305579,1.58498161305579,0.003927504796187493,1.5810541082596026,1.0,1.0
459,sequential,2,1.58498161305579,1.58498161305579,0.003927504796187493,1.5810541082596026,1.0,1.0
460,sequential,2,1.58498161305579,1.58498161305579,0.003927504796187493,1.5810541082596026,1.0,1.0
461,sequential,2,1.58498161305579,1.58498161305579,0.003927504796187493,1.5810541082596026,1.0,1.0
462,sequential,2,1.58498161305579,1.58498161305579,0.003927504796187493,1.5810541082596026,1.0,1.0
463,sequential,2,1.58498161305579,1.58498161305579,0.003927504796187493,1.5810541082596026,1.0,1.0
464,sequential,2,1.58498161305579,1.58498161305579,0.003927504796187493,1.5810541082596026,1.0,1.0
465,sequential,2,1.58498161305579,1.58498161305579,0.003927504796187493,1.5810541082596026,1.0,1.0
466,sequential,2,1.58498161305579,1.58498161305579,0.003927504796187493,1.5810541082596026,1.0,1.0
467,sequential,2,1.58498161305579,1.58498161305579,0.003927504796187493,1.5810541082596026,1.0,1.0
468,sequential,2,1.58498161305579,1.58498161305579,0.003927504796187493,1.5810541082596026,1.0,1.0
469,sequential,2,1.58498161305579,1.58498161305579,0.003927504796187493,1.5810541082596026,1.0,1.0
470,sequential,2,1.58498161305579,1.58498161305579,0.003927504796187493,1.5810541082596026,1.0,1.0
471,sequential,2,1.58498161305579,1.58498161305579,0.003927504796187493,1.5810541082596026,1.0,1.0
472,sequential,2,1.58498161305579,1.58498161305579,0.003927504796187493,1.5810541082596026,1.0,1.0
473,sequential,2,1.58498161305579,1.58498161305579,0.003927504796187493,1.5810541082596026,1.0,1.0
474,sequential,2,1.58498161305579,1.58498161305579,0.003927504796187493,1.5810541082596026,1.0,1.0
475,sequential,2,1.58498161305579,1.58498161305579,0.003927504796187493,1.5810541082596026,1.0,1.0
476,sequential,2,1.58498161305579,1.58498161305579,0.003927504796187493,1.5810541082596026,1.0,1.0
477,sequential,2,1.58498161305579,1.58498161305579,0.003927504796187493,1.5810541082596026,1.0,1.0
478,sequential,2,1.58498161305579,1.58498161305579,0.003927504796187493,1.5810541082596026,1.0,1.0
479,sequential,2,1.58498161305579,1.58498161305579,0.003927504796187493,1.5810541082596026,1.0,1.0
480,sequential,2,1.58498161305579,1.58498161305579,0.003927504796187493,1.5810541082596026,1.0,1.0
481,sequential,2,1.58498161305579,1.58498161305579,0.003927504796187493,1.5810541082596026,1.0,1.0
482,sequential,2,1.58498161305579,1.58498161305579,0.003927504796187493,1.5810541082596026,1.0,1.0
483,sequential,2,1.58498161305579,1.58498161305579,0.003927504796187493,1.5810541082596026,1.0,1.0
484,sequential,2,1.58498161305579,1.58498161305579,0.003927504796187493,1.5810541082596026,1.0,1.0
485,sequential,2,1.58498161305579,1.58498161305579,0.003927504796187493,1.5810541082596026,1.0,1.0
486,sequential,2,1.58498161305579,1.58498161305579,0.003927504796187493,1.5810541082596026,1.0,1.0
487,sequential,2,1.58498161305579,1.58498161305579,0.003927504796187493,1.5810541082596026,1.0,1.0
488,sequential,2,1.58498161305579,1.58498161305579,0.003927504796187493,1.5810541082596026,1.0,1.0
489,sequential,2,1.58498161305579,1.58498161305579,0.003927504796187493,1.5810541082596026,1.0,1.0
490,sequential,2,1.58498161305579,1.58498161305579,0.003927504796187493,1.5810541082596026,1.0,1.0
491,sequential,2,1.58498161305579,1.58498161305579,0.003927504796187493,1.5810541082596026,1.0,1.0
492,sequential,2,1.58498161305579,1.58498161305579,0.003927504796187493,1.5810541082596026,1.0,1.0
493,sequential,2,1.58498161305579,1.58498161305579,0.003927504796187493,1.5810541082596026,1.0,1.0
494,sequential,2,1.58498161305579,1.58498161305579,0.003927504796187493,1.5810541082596026,1.0,1.0
495,sequential,2,1.58498161305579,1.58498161305579,0.003927504796187493,1.5810541082596026,1.0,1.0
496,sequential,2,1.58498161305579,1.58498161305579,0.003927504796187493,1.5810541082596026,1.0,1.0
497,sequential,2,1.58498161305579,1.58498161305579,0.003927504796187493,1.5810541082596026,1.0,1.0
498,sequential,2,1.58498161305579,1.58498161305579,0.003927504796187493,1.5810541082596026,1.0,1.0
499,sequential,2,1.58498161305579,1.58498161305579,0.003927504796187493,1.5810541082596026,1.0,1.0
500,sequential,2,1.58498161305579,1.58498161305579,0.003927504796187493,1.5810541082596026,1.0,1.0
1,sequential,3,314.25459089054164,314.25459089054164,313.0649183605655,1.1896725299761337,1.0,1.0
2,sequential,3,74.09542080462673,74.09542080462673,50.69001356081565,23.405407243811077,1.0,1.0
3,sequential,3,26.11952065091236,26.11952065091236,7.242299123754575,18.877221527157786,1.0,1.0
4,sequential,3,21.97703678187666,21.97703678187666,0.9083718853988492,21.06866489647781,1.0,1.0
5,sequential,3,82.13275106212106,82.13275106212106,79.49979920884695,2.6329518532741014,1.0,1.0
6,sequential,3,346.52267100203903,346.52267100203903,9.268974910202061,337.25369609183696,1.0,1.0
7,sequential,3,1627.615001588589,1627.615001588589,124.76863713777888,1502.8463644508101,1.0,1.0
8,sequential,3,245027720.41884205,245027720.41884205,243112830.14787212,1914890.2709699254,1.0,1.0
9,sequential,3,4974.664871260507,4974.664871260507,1933.259823907114,3041.405047353393,1.0,1.0
10,sequential,3,23224.68881607935,23224.68881607935,19378.98608502705,3845.7027310523,1.0,1.0
11,sequential,3,207.75774744735148,207.75774744735148,64.93094523044019,142.8268022169113,1.0,1.0
12,sequential,3,132.56505160537586,132.56505160537586,0.16276008217012436,132.40229152320572,1.0,1.0
13,sequential,3,42.60262345901103,42.60262345901103,5.32901914038994,37.27360431862109,1.0,1.0
14,sequential,3,17.550619547043908,17.550619547043908,0.9411580047597775,16.60946154228413,1.0,1.0
15,sequential,3,10.614142543240256,10.614142543240256,0.1536548324977656,10.46048771074249,1.0,1.0
16,sequential,3,8.237867131526912,8.237867131526912,0.33426077674630467,7.9036063547806075,1.0,1.0
17,sequential,3,4.024786415262176,4.024786415262176,0.6092953613024961,3.4154910539596806,1.0,1.0
18,sequential,3,3.234682896638725,3.234682896638725,0.023311434633320055,3.211371462005405,1.0,1.0
19,sequential,3,3.233300010322029,3.233300010322029,0.020562953552452093,3.2127370567695768,1.0,1.0
20,sequential,3,3.2296070558651797,3.2296070558651797,0.021326477606180488,3.208280578258999,1.0,1.0
21,sequential,3,3.22960683056366,3.22960683056366,0.021359466129346596,3.2082473644343135,1.0,1.0
22,sequential,3,3.22960683056366,3.22960683056366,0.021359466129346596,3.2082473644343135,1.0,1.0
23,sequential,3,3.22960683056366,3.22960683056366,0.021359466129346596,3.2082473644343135,1.0,1.0
24,sequential,3,3.22960683056366,3.22960683056366,0.021359466129346596,3.2082473644343135,1.0,1.0
25,sequential,3,3.22960683056366,3.22960683056366,0.021359466129346596,3.2082473644343135,1.0,1.0
26,sequential,3,3.22960683056366,3.22960683056366,0.021359466129346596,3.2082473644343135,1.0,1.0
27,sequential,3,3.22960683056366,3.22960683056366,0.021359466129346596,3.2082473644343135,1.0,1.0
28,sequential,3,3.22960683056366,3.22960683056366,0.021359466129346596,3.2082473644343135,1.0,1.0
29,sequential,3,3.22960683056366,3.22960683056366,0.021359466129346596,3.2082473644343135,1.0,1.0
30,sequential,3,3.22960683056366,3.22960683056366,0.021359466129346596,3.2082473644343135,1.0,1.0
31,sequential,3,3.22960683056366,3.22960683056366,0.021359466129346596,3.2082473644343135,1.0,1.0
32,sequential,3,3.22960683056366,3.22960683056366,0.021359466129346596,3.2082473644343135,1.0,1.0
33,sequential,3,3.22960683056366,3.22960683056366,0.021359466129346596,3.2082473644343135,1.0,1.0
34,sequential,3,3.22960683056366,3.22960683056366,0.021359466129346596,3.2082473644343135,1.0,1.0
35,sequential,3,3.22960683056366,3.22960683056366,0.021359466129346596,3.2082473644343135,1.0,1.0
36,sequential,3,3.22960683056366,3.22960683056366,0.021359466129346596,3.2082473644343135,1.0,1.0
37,sequential,3,3.22960683056366,3.22960683056366,0.021359466129346596,3.2082473644343135,1.0,1.0
38,sequential,3,3.22960683056366,3.22960683056366,0.021359466129346596,3.2082473644343135,1.0,1.0
39,sequential,3,3.22960683056366,3.22960683056366,0.021359466129346596,3.2082473644343135,1.0,1.0
40,sequential,3,3.22960683056366,3.22960683056366,0.021359466129346596,3.2082473644343135,1.0,1.0
41,sequential,3,3.22960683056366,3.22960683056366,0.021359466129346596,3.2082473644343135,1.0,1.0
42,sequential,3,3.22960683056366,3.22960683056366,0.021359466129346596,3.2082473644343135,1.0,1.0
43,sequential,3,3.22960683056366,3.22960683056366,0.021359466129346596,3.2082473644343135,1.0,1.0
44,sequential,3,3.22960683056366,3.22960683056366,0.021359466129346596,3.2082473644343135,1.0,1.0
45,sequential,3,3.22960683056366,3.22960683056366,0.021359466129346596,3.2082473644343135,1.0,1.0
46,sequential,3,3.22960683056366,3.22960683056366,0.021359466129346596,3.2082473644343135,1.0,1.0
47,sequential,3,3.22960683056366,3.22960683056366,0.021359466129346596,3.2082473644343135,1.0,1.0
48,sequential,3,3.22960683056366,3.22960683056366,0.021359466129346596,3.2082473644343135,1.0,1.0
49,sequential,3,3.22960683056366,3.22960683056366,0.021359466129346596,3.2082473644343135,1.0,1.0
50,sequential,3,3.22960683056366,3.22960683056366,0.021359466129346596,3.2082473644343135,1.0,1.0
51,sequential,3,3.22960683056366,3.22960683056366,0.021359466129346596,3.2082473644343135,1.0,1.0
52,sequential,3,3.22960683056366,3.22960683056366,0.021359466129346596,3.2082473644343135,1.0,1.0
53,sequential,3,3.22960683056366,3.22960683056366,0.021359466129346596,3.2082473644343135,1.0,1.0
54,sequential,3,3.22960683056366,3.22960683056366,0.021359466129346596,3.2082473644343135,1.0,1.0
55,sequential,3,3.22960683056366,3.22960683056366,0.021359466129346596,3.2082473644343135,1.0,1.0
56,sequential,3,3.22960683056366,3.22960683056366,0.021359466129346596,3.2082473644343135,1.0,1.0
57,sequential,3,3.22960683056366,3.22960683056366,0.021359466129346596,3.2082473644343135,1.0,1.0
58,sequential,3,3.22960683056366,3.22960683056366,0.021359466129346596,3.2082473644343135,1.0,1.0
59,sequential,3,3.22960683056366,3.22960683056366,0.021359466129346596,3.2082473644343135,1.0,1.0
60,sequential,3,3.22960683056366,3.22960683056366,0.021359466129346596,3.2082473644343135,1.0,1.0
61,sequential,3,3.22960683056366,3.22960683056366,0.021359466129346596,3.2082473644343135,1.0,1.0
62,sequential,3,3.22960683056366,3.22960683056366,0.021359466129346596,3.2082473644343135,1.0,1.0
63,sequential,3,3.22960683056366,3.22960683056366,0.021359466129346596,3.2082473644343135,1.0,1.0
64,sequential,3,3.22960683056366,3.22960683056366,0.021359466129346596,3.2082473644343135,1.0,1.0
65,sequential,3,3.22960683056366,3.22960683056366,0.021359466129346596,3.2082473644343135,1.0,1.0
66,sequential,3,3.22960683056366,3.22960683056366,0.021359466129346596,3.2082473644343135,1.0,1.0
67,sequential,3,3.22960683056366,3.22960683056366,0.021359466129346596,3.2082473644343135,1.0,1.0
68,sequential,3,3.22960683056366,3.22960683056366,0.021359466129346596,3.2082473644343135,1.0,1.0
69,sequential,3,3.22960683056366,3.22960683056366,0.021359466129346596,3.2082473644343135,1.0,1.0
70,sequential,3,3.22960683056366,3.22960683056366,0.021359466129346596,3.2082473644343135,1.0,1.0
71,sequential,3,3.22960683056366,3.22960683056366,0.021359466129346596,3.2082473644343135,1.0,1.0
72,sequential,3,3.22960683056366,3.22960683056366,0.021359466129346596,3.2082473644343135,1.0,1.0
73,sequential,3,3.22960683056366,3.22960683056366,0.021359466129346596,3.2082473644343135,1.0,1.0
74,sequential,3,3.22960683056366,3.22960683056366,0.021359466129346596,3.2082473644343135,1.0,1.0
75,sequential,3,3.22960683056366,3.22960683056366,0.021359466129346596,3.2082473644343135,1.0,1.0
76,sequential,3,3.22960683056366,3.22960683056366,0.021359466129346596,3.2082473644343135,1.0,1.0
77,sequential,3,3.22960683056366,3.22960683056366,0.021359466129346596,3.2082473644343135,1.0,1.0
78,sequential,3,3.22960683056366,3.22960683056366,0.021359466129346596,3.2082473644343135,1.0,1.0
79,sequential,3,3.22960683056366,3.22960683056366,0.021359466129346596,3.2082473644343135,1.0,1.0
80,sequential,3,3.22960683056366,3.22960683056366,0.021359466129346596,3.2082473644343135,1.0,1.0
81,sequential,3,3.22960683056366,3.22960683056366,0.021359466129346596,3.2082473644343135,1.0,1.0
82,sequential,3,3.22960683056366,3.22960683056366,0.021359466129346596,3.2082473644343135,1.0,1.0
83,sequential,3,3.22960683056366,3.22960683056366,0.021359466129346596,3.2082473644343135,1.0,1.0
84,sequential,3,3.22960683056366,3.22960683056366,0.021359466129346596,3.2082473644343135,1.0,1.0
85,sequential,3,3.22960683056366,3.22960683056366,0.021359466129346596,3.2082473644343135,1.0,1.0
86,sequential,3,3.22960683056366,3.22960683056366,0.021359466129346596,3.2082473644343135,1.0,1.0
87,sequential,3,3.22960683056366,3.22960683056366,0.021359466129346596,3.2082473644343135,1.0,1.0
88,sequential,3,3.22960683056366,3.22960683056366,0.021359466129346596,3.2082473644343135,1.0,1.0
89,sequential,3,3.22960683056366,3.22960683056366,0.021359466129346596,3.2082473644343135,1.0,1.0
90,sequential,3,3.22960683056366,3.22960683056366,0.021359466129346596,3.2082473644343135,1.0,1.0
91,sequential,3,3.22960683056366,3.22960683056366,0.021359466129346596,3.2082473644343135,1.0,1.0
92,sequential,3,3.22960683056366,3.22960683056366,0.021359466129346596,3.2082473644343135,1.0,1.0
93,sequential,3,3.22960683056366,3.22960683056366,0.021359466129346596,3.2082473644343135,1.0,1.0
94,sequential,3,3.22960683056366,3.22960683056366,0.021359466129346596,3.2082473644343135,1.0,1.0
95,sequential,3,3.22960683056366,3.22960683056366,0.021359466129346596,3.2082473644343135,1.0,1.0
96,sequential,3,3.22960683056366,3.22960683056366,0.021359466129346596,3.2082473644343135,1.0,1.0
97,sequential,3,3.22960683056366,3.22960683056366,0.021359466129346596,3.2082473644343135,1.0,1.0
98,sequential,3,3.22960683056366,3.22960683056366,0.021359466129346596,3.2082473644343135,1.0,1.0
99,sequential,3,3.22960683056366,3.22960683056366,0.021359466129346596,3.2082473644343135,1.0,1.0
100,sequential,3,3.22960683056366,3.22960683056366,0.021359466129346596,3.2082473644343135,1.0,1.0
101,sequential,3,3.22960683056366,3.22960683056366,0.021359466129346596,3.2082473644343135,1.0,1.0
102,sequential,3,3.22960683056366,3.22960683056366,0.021359466129346596,3.2082473644343135,1.0,1.0
103,sequential,3,3.22960683056366,3.22960683056366,0.021359466129346596,3.2082473644343135,1.0,1.0
104,sequential,3,3.22960683056366,3.22960683056366,0.021359466129346596,3.2082473644343135,1.0,1.0
105,sequential,3,3.22960683056366,3.22960683056366,0.021359466129346596,3.2082473644343135,1.0,1.0
106,sequential,3,3.22960683056366,3.22960683056366,0.021359466129346596,3.2082473644343135,1.0,1.0
107,sequential,3,3.22960683056366,3.22960683056366,0.021359466129346596,3.2082473644343135,1.0,1.0
108,sequential,3,3.22960683056366,3.22960683056366,0.021359466129346596,3.2082473644343135,1.0,1.0
109,sequential,3,3.22960683056366,3.22960683056366,0.021359466129346596,3.2082473644343135,1.0,1.0
110,sequential,3,3.22960683056366,3.22960683056366,0.021359466129346596,3.2082473644343135,1.0,1.0
111,sequential,3,3.22960683056366,3.22960683056366,0.021359466129346596,3.2082473644343135,1.0,1.0
112,sequential,3,3.22960683056366,3.22960683056366,0.021359466129346596,3.2082473644343135,1.0,1.0
113,sequential,3,3.22960683056366,3.22960683056366,0.021359466129346596,3.2082473644343135,1.0,1.0
114,sequential,3,3.22960683056366,3.22960683056366,0.021359466129346596,3.2082473644343135,1.0,1.0
115,sequential,3,3.22960683056366,3.22960683056366,0.021359466129346596,3.2082473644343135,1.0,1.0
116,sequential,3,3.22960683056366,3.22960683056366,0.021359466129346596,3.2082473644343135,1.0,1.0
117,sequential,3,3.22960683056366,3.22960683056366,0.021359466129346596,3.2082473644343135,1.0,1.0
118,sequential,3,3.22960683056366,3.22960683056366,0.021359466129346596,3.2082473644343135,1.0,1.0
119,sequential,3,3.22960683056366,3.22960683056366,0.021359466129346596,3.2082473644343135,1.0,1.0
120,sequential,3,3.22960683056366,3.22960683056366,0.021359466129346596,3.2082473644343135,1.0,1.0
121,sequential,3,3.22960683056366,3.22960683056366,0.021359466129346596,3.2082473644343135,1.0,1.0
122,sequential,3,3.22960683056366,3.22960683056366,0.021359466129346596,3.2082473644343135,1.0,1.0
123,sequential,3,3.22960683056366,3.22960683056366,0.021359466129346596,3.2082473644343135,1.0,1.0
124,sequential,3,3.22960683056366,3.22960683056366,0.021359466129346596,3.2082473644343135,1.0,1.0
125,sequential,3,3.22960683056366,3.22960683056366,0.021359466129346596,3.2082473644343135,1.0,1.0
126,sequential,3,3.22960683056366,3.22960683056366,0.021359466129346596,3.2082473644343135,1.0,1.0
127,sequential,3,3.22960683056366,3.22960683056366,0.021359466129346596,3.2082473644343135,1.0,1.0
128,sequential,3,3.22960683056366,3.22960683056366,0.021359466129346596,3.2082473644343135,1.0,1.0
129,sequential,3,3.22960683056366,3.22960683056366,0.021359466129346596,3.2082473644343135,1.0,1.0
130,sequential,3,3.22960683056366,3.22960683056366,0.021359466129346596,3.2082473644343135,1.0,1.0
131,sequential,3,3.22960683056366,3.22960683056366,0.021359466129346596,3.2082473644343135,1.0,1.0
132,sequential,3,3.22960683056366,3.22960683056366,0.021359466129346596,3.2082473644343135,1.0,1.0
133,sequential,3,3.22960683056366,3.22960683056366,0.021359466129346596,3.2082473644343135,1.0,1.0
134,sequential,3,3.22960683056366,3.22960683056366,0.021359466129346596,3.2082473644343135,1.0,1.0
135,sequential,3,3.22960683056366,3.22960683056366,0.021359466129346596,3.2082473644343135,1.0,1.0
136,sequential,3,3.22960683056366,3.22960683056366,0.021359466129346596,3.2082473644343135,1.0,1.0
137,sequential,3,3.22960683056366,3.22960683056366,0.021359466129346596,3.2082473644343135,1.0,1.0
138,sequential,3,3.22960683056366,3.22960683056366,0.021359466129346596,3.2082473644343135,1.0,1.0
139,sequential,3,3.22960683056366,3.22960683056366,0.021359466129346596,3.2082473644343135,1.0,1.0
140,sequential,3,3.22960683056366,3.22960683056366,0.021359466129346596,3.2082473644343135,1.0,1.0
141,sequential,3,3.22960683056366,3.22960683056366,0.021359466129346596,3.2082473644343135,1.0,1.0
142,sequential,3,3.22960683056366,3.22960683056366,0.021359466129346596,3.2082473644343135,1.0,1.0
143,sequential,3,3.22960683056366,3.22960683056366,0.021359466129346596,3.2082473644343135,1.0,1.0
144,sequential,3,3.22960683056366,3.22960683056366,0.021359466129346596,3.2082473644343135,1.0,1.0
145,sequential,3,3.22960683056366,3.22960683056366,0.021359466129346596,3.2082473644343135,1.0,1.0
146,sequential,3,3.22960683056366,3.22960683056366,0.021359466129346596,3.2082473644343135,1.0,1.0
147,sequential,3,3.22960683056366,3.22960683056366,0.021359466129346596,3.2082473644343135,1.0,1.0
148,sequential,3,3.22960683056366,3.22960683056366,0.021359466129346596,3.2082473644343135,1.0,1.0
149,sequential,3,3.22960683056366,3.22960683056366,0.021359466129346596,3.2082473644343135,1.0,1.0
150,sequential,3,3.22960683056366,3.22960683056366,0.021359466129346596,3.2082473644343135,1.0,1.0
151,sequential,3,3.22960683056366,3.22960683056366,0.021359466129346596,3.2082473644343135,1.0,1.0
152,sequential,3,3.22960683056366,3.22960683056366,0.021359466129346596,3.2082473644343135,1.0,1.0
153,sequential,3,3.22960683056366,3.22960683056366,0.021359466129346596,3.2082473644343135,1.0,1.0
154,sequential,3,3.22960683056366,3.22960683056366,0.021359466129346596,3.2082473644343135,1.0,1.0
155,sequential,3,3.22960683056366,3.22960683056366,0.021359466129346596,3.2082473644343135,1.0,1.0
156,sequential,3,3.22960683056366,3.22960683056366,0.021359466129346596,3.2082473644343135,1.0,1.0
157,sequential,3,3.22960683056366,3.22960683056366,0.021359466129346596,3.2082473644343135,1.0,1.0
158,sequential,3,3.22960683056366,3.22960683056366,0.021359466129346596,3.2082473644343135,1.0,1.0
159,sequential,3,3.22960683056366,3.22960683056366,0.021359466129346596,3.2082473644343135,1.0,1.0
160,sequential,3,3.22960683056366,3.22960683056366,0.021359466129346596,3.2082473644343135,1.0,1.0
161,sequential,3,3.22960683056366,3.22960683056366,0.021359466129346596,3.2082473644343135,1.0,1.0
162,sequential,3,3.22960683056366,3.22960683056366,0.021359466129346596,3.2082473644343135,1.0,1.0
163,sequential,3,3.22960683056366,3.22960683056366,0.021359466129346596,3.2082473644343135,1.0,1.0
164,sequential,3,3.22960683056366,3.22960683056366,0.021359466129346596,3.2082473644343135,1.0,1.0
165,sequential,3,3.22960683056366,3.22960683056366,0.021359466129346596,3.2082473644343135,1.0,1.0
166,sequential,3,3.22960683056366,3.22960683056366,0.021359466129346596,3.2082473644343135,1.0,1.0
167,sequential,3,3.22960683056366,3.22960683056366,0.021359466129346596,3.2082473644343135,1.0,1.0
168,sequential,3,3.22960683056366,3.22960683056366,0.021359466129346596,3.2082473644343135,1.0,1.0
169,sequential,3,3.22960683056366,3.22960683056366,0.021359466129346596,3.2082473644343135,1.0,1.0
170,sequential,3,3.22960683056366,3.22960683056366,0.021359466129346596,3.2082473644343135,1.0,1.0
171,sequential,3,3.22960683056366,3.22960683056366,0.021359466129346596,3.2082473644343135,1.0,1.0
172,sequential,3,3.22960683056366,3.22960683056366,0.021359466129346596,3.2082473644343135,1.0,1.0
173,sequential,3,3.22960683056366,3.22960683056366,0.021359466129346596,3.2082473644343135,1.0,1.0
174,sequential,3,3.22960683056366,3.22960683056366,0.021359466129346596,3.2082473644343135,1.0,1.0
175,sequential,3,3.22960683056366,3.22960683056366,0.021359466129346596,3.2082473644343135,1.0,1.0
176,sequential,3,3.22960683056366,3.22960683056366,0.021359466129346596,3.2082473644343135,1.0,1.0
177,sequential,3,3.22960683056366,3.22960683056366,0.021359466129346596,3.2082473644343135,1.0,1.0
178,sequential,3,3.22960683056366,3.22960683056366,0.021359466129346596,3.2082473644343135,1.0,1.0
179,sequential,3,3.22960683056366,3.22960683056366,0.021359466129346596,3.2082473644343135,1.0,1.0
180,sequential,3,3.22960683056366,3.22960683056366,0.021359466129346596,3.2082473644343135,1.0,1.0
181,sequential,3,3.22960683056366,3.22960683056366,0.021359466129346596,3.2082473644343135,1.0,1.0
182,sequential,3,3.22960683056366,3.22960683056366,0.021359466129346596,3.2082473644343135,1.0,1.0
183,sequential,3,3.22960683056366,3.22960683056366,0.021359466129346596,3.2082473644343135,1.0,1.0
184,sequential,3,3.22960683056366,3.22960683056366,0.021359466129346596,3.2082473644343135,1.0,1.0
185,sequential,3,3.22960683056366,3.22960683056366,0.021359466129346596,3.2082473644343135,1.0,1.0
186,sequential,3,3.22960683056366,3.22960683056366,0.021359466129346596,3.2082473644343135,1.0,1.0
187,sequential,3,3.22960683056366,3.22960683056366,0.021359466129346596,3.2082473644343135,1.0,1.0
188,sequential,3,3.22960683056366,3.22960683056366,0.021359466129346596,3.2082473644343135,1.0,1.0
189,sequential,3,3.22960683056366,3.22960683056366,0.021359466129346596,3.2082473644343135,1.0,1.0
190,sequential,3,3.22960683056366,3.22960683056366,0.021359466129346596,3.2082473644343135,1.0,1.0
191,sequential,3,3.22960683056366,3.22960683056366,0.021359466129346596,3.2082473644343135,1.0,1.0
192,sequential,3,3.22960683056366,3.22960683056366,0.021359466129346596,3.2082473644343135,1.0,1.0
193,sequential,3,3.22960683056366,3.22960683056366,0.021359466129346596,3.2082473644343135,1.0,1.0
194,sequential,3,3.22960683056366,3.22960683056366,0.021359466129346596,3.2082473644343135,1.0,1.0
195,sequential,3,3.22960683056366,3.22960683056366,0.021359466129346596,3.2082473644343135,1.0,1.0
196,sequential,3,3.22960683056366,3.22960683056366,0.021359466129346596,3.2082473644343135,1.0,1.0
197,sequential,3,3.22960683056366,3.22960683056366,0.021359466129346596,3.2082473644343135,1.0,1.0
198,sequential,3,3.22960683056366,3.22960683056366,0.021359466129346596,3.2082473644343135,1.0,1.0
199,sequential,3,3.22960683056366,3.22960683056366,0.021359466129346596,3.2082473644343135,1.0,1.0
200,sequential,3,3.22960683056366,3.22960683056366,0.021359466129346596,3.2082473644343135,1.0,1.0
201,sequential,3,3.22960683056366,3.22960683056366,0.021359466129346596,3.2082473644343135,1.0,1.0
202,sequential,3,3.22960683056366,3.22960683056366,0.021359466129346596,3.2082473644343135,1.0,1.0
203,sequential,3,3.22960683056366,3.22960683056366,0.021359466129346596,3.2082473644343135,1.0,1.0
204,sequential,3,3.22960683056366,3.22960683056366,0.021359466129346596,3.2082473644343135,1.0,1.0
205,sequential,3,3.22960683056366,3.22960683056366,0.021359466129346596,3.2082473644343135,1.0,1.0
206,sequential,3,3.22960683056366,3.22960683056366,0.021359466129346596,3.2082473644343135,1.0,1.0
207,sequential,3,3.22960683056366,3.22960683056366,0.021359466129346596,3.2082473644343135,1.0,1.0
208,sequential,3,3.22960683056366,3.22960683056366,0.021359466129346596,3.2082473644343135,1.0,1.0
209,sequential,3,3.22960683056366,3.22960683056366,0.021359466129346596,3.2082473644343135,1.0,1.0
210,sequential,3,3.22960683056366,3.22960683056366,0.021359466129346596,3.2082473644343135,1.0,1.0
211,sequential,3,3.22960683056366,3.22960683056366,0.021359466129346596,3.2082473644343135,1.0,1.0
212,sequential,3,3.22960683056366,3.22960683056366,0.021359466129346596,3.2082473644343135,1.0,1.0
213,sequential,3,3.22960683056366,3.22960683056366,0.021359466129346596,3.2082473644343135,1.0,1.0
214,sequential,3,3.22960683056366,3.22960683056366,0.021359466129346596,3.2082473644343135,1.0,1.0
215,sequential,3,3.22960683056366,3.22960683056366,0.021359466129346596,3.2082473644343135,1.0,1.0
216,sequential,3,3.22960683056366,3.22960683056366,0.021359466129346596,3.2082473644343135,1.0,1.0
217,sequential,3,3.22960683056366,3.22960683056366,0.021359466129346596,3.2082473644343135,1.0,1.0
218,sequential,3,3.22960683056366,3.22960683056366,0.021359466129346596,3.2082473644343135,1.0,1.0
219,sequential,3,3.22960683056366,3.22960683056366,0.021359466129346596,3.2082473644343135,1.0,1.0
220,sequential,3,3.22960683056366,3.22960683056366,0.021359466129346596,3.2082473644343135,1.0,1.0
221,sequential,3,3.22960683056366,3.22960683056366,0.021359466129346596,3.2082473644343135,1.0,1.0
222,sequential,3,3.22960683056366,3.22960683056366,0.021359466129346596,3.2082473644343135,1.0,1.0
223,sequential,3,3.22960683056366,3.22960683056366,0.021359466129346596,3.2082473644343135,1.0,1.0
224,sequential,3,3.22960683056366,3.22960683056366,0.021359466129346596,3.2082473644343135,1.0,1.0
225,sequential,3,3.22960683056366,3.22960683056366,0.021359466129346596,3.2082473644343135,1.0,1.0
226,sequential,3,3.22960683056366,3.22960683056366,0.021359466129346596,3.2082473644343135,1.0,1.0
227,sequential,3,3.22960683056366,3.22960683056366,0.021359466129346596,3.2082473644343135,1.0,1.0
228,sequential,3,3.22960683056366,3.22960683056366,0.021359466129346596,3.2082473644343135,1.0,1.0
229,sequential,3,3.22960683056366,3.22960683056366,0.021359466129346596,3.2082473644343135,1.0,1.0
230,sequential,3,3.22960683056366,3.22960683056366,0.021359466129346596,3.2082473644343135,1.0,1.0
231,sequential,3,3.22960683056366,3.22960683056366,0.021359466129346596,3.2082473644343135,1.0,1.0
232,sequential,3,3.22960683056366,3.22960683056366,0.021359466129346596,3.2082473644343135,1.0,1.0
233,sequential,3,3.22960683056366,3.22960683056366,0.021359466129346596,3.2082473644343135,1.0,1.0
234,sequential,3,3.22960683056366,3.22960683056366,0.021359466129346596,3.2082473644343135,1.0,1.0
235,sequential,3,3.22960683056366,3.22960683056366,0.021359466129346596,3.2082473644343135,1.0,1.0
236,sequential,3,3.22960683056366,3.22960683056366,0.021359466129346596,3.2082473644343135,1.0,1.0
237,sequential,3,3.22960683056366,3.22960683056366,0.021359466129346596,3.2082473644343135,1.0,1.0
238,sequential,3,3.22960683056366,3.22960683056366,0.021359466129346596,3.2082473644343135,1.0,1.0
239,sequential,3,3.22960683056366,3.22960683056366,0.021359466129346596,3.2082473644343135,1.0,1.0
240,sequential,3,3.22960683056366,3.22960683056366,0.021359466129346596,3.2082473644343135,1.0,1.0
241,sequential,3,3.22960683056366,3.22960683056366,0.021359466129346596,3.2082473644343135,1.0,1.0
242,sequential,3,3.22960683056366,3.22960683056366,0.021359466129346596,3.2082473644343135,1.0,1.0
243,sequential,3,3.22960683056366,3.22960683056366,0.021359466129346596,3.2082473644343135,1.0,1.0
244,sequential,3,3.22960683056366,3.22960683056366,0.021359466129346596,3.2082473644343135,1.0,1.0
245,sequential,3,3.22960683056366,3.22960683056366,0.021359466129346596,3.2082473644343135,1.0,1.0
246,sequential,3,3.22960683056366,3.22960683056366,0.021359466129346596,3.2082473644343135,1.0,1.0
247,sequential,3,3.22960683056366,3.22960683056366,0.021359466129346596,3.2082473644343135,1.0,1.0
248,sequential,3,3.22960683056366,3.22960683056366,0.021359466129346596,3.2082473644343135,1.0,1.0
249,sequential,3,3.22960683056366,3.22960683056366,0.021359466129346596,3.2082473644343135,1.0,1.0
250,sequential,3,3.22960683056366,3.22960683056366,0.021359466129346596,3.2082473644343135,1.0,1.0
251,sequential,3,3.22960683056366,3.22960683056366,0.021359466129346596,3.2082473644343135,1.0,1.0
252,sequential,3,3.22960683056366,3.22960683056366,0.021359466129346596,3.2082473644343135,1.0,1.0
253,sequential,3,3.22960683056366,3.22960683056366,0.021359466129346596,3.2082473644343135,1.0,1.0
254,sequential,3,3.22960683056366,3.22960683056366,0.021359466129346596,3.2082473644343135,1.0,1.0
255,sequential,3,3.22960683056366,3.22960683056366,0.021359466129346596,3.2082473644343135,1.0,1.0
256,sequential,3,3.22960683056366,3.22960683056366,0.021359466129346596,3.2082473644343135,1.0,1.0
257,sequential,3,3.22960683056366,3.22960683056366,0.021359466129346596,3.2082473644343135,1.0,1.0
258,sequential,3,3.22960683056366,3.22960683056366,0.021359466129346596,3.2082473644343135,1.0,1.0
259,sequential,3,3.22960683056366,3.22960683056366,0.021359466129346596,3.2082473644343135,1.0,1.0
260,sequential,3,3.22960683056366,3.22960683056366,0.021359466129346596,3.2082473644343135,1.0,1.0
261,sequential,3,3.22960683056366,3.22960683056366,0.021359466129346596,3.2082473644343135,1.0,1.0
262,sequential,3,3.22960683056366,3.22960683056366,0.021359466129346596,3.2082473644343135,1.0,1.0
263,sequential,3,3.22960683056366,3.22960683056366,0.021359466129346596,3.2082473644343135,1.0,1.0
264,sequential,3,3.22960683056366,3.22960683056366,0.021359466129346596,3.2082473644343135,1.0,1.0
265,sequential,3,3.22960683056366,3.22960683056366,0.021359466129346596,3.2082473644343135,1.0,1.0
266,sequential,3,3.22960683056366,3.22960683056366,0.021359466129346596,3.2082473644343135,1.0,1.0
267,sequential,3,3.22960683056366,3.22960683056366,0.021359466129346596,3.2082473644343135,1.0,1.0
268,sequential,3,3.22960683056366,3.22960683056366,0.021359466129346596,3.2082473644343135,1.0,1.0
269,sequential,3,3.22960683056366,3.22960683056366,0.021359466129346596,3.2082473644343135,1.0,1.0
270,sequential,3,3.22960683056366,3.22960683056366,0.021359466129346596,3.2082473644343135,1.0,1.0
271,sequential,3,3.22960683056366,3.22960683056366,0.021359466129346596,3.2082473644343135,1.0,1.0
272,sequential,3,3.22960683056366,3.22960683056366,0.021359466129346596,3.2082473644343135,1.0,1.0
273,sequential,3,3.22960683056366,3.22960683056366,0.021359466129346596,3.2082473644343135,1.0,1.0
274,sequential,3,3.22960683056366,3.22960683056366,0.021359466129346596,3.2082473644343135,1.0,1.0
275,sequential,3,3.22960683056366,3.22960683056366,0.021359466129346596,3.2082473644343135,1.0,1.0
276,sequential,3,3.22960683056366,3.22960683056366,0.021359466129346596,3.2082473644343135,1.0,1.0
277,sequential,3,3.22960683056366,3.22960683056366,0.021359466129346596,3.2082473644343135,1.0,1.0
278,sequential,3,3.22960683056366,3.22960683056366,0.021359466129346596,3.2082473644343135,1.0,1.0
279,sequential,3,3.22960683056366,3.22960683056366,0.021359466129346596,3.2082473644343135,1.0,1.0
280,sequential,3,3.22960683056366,3.22960683056366,0.021359466129346596,3.2082473644343135,1.0,1.0
281,sequential,3,3.22960683056366,3.22960683056366,0.021359466129346596,3.2082473644343135,1.0,1.0
282,sequential,3,3.22960683056366,3.22960683056366,0.021359466129346596,3.2082473644343135,1.0,1.0
283,sequential,3,3.22960683056366,3.22960683056366,0.021359466129346596,3.2082473644343135,1.0,1.0
284,sequential,3,3.22960683056366,3.22960683056366,0.021359466129346596,3.2082473644343135,1.0,1.0
285,sequential,3,3.22960683056366,3.22960683056366,0.021359466129346596,3.2082473644343135,1.0,1.0
286,sequential,3,3.22960683056366,3.22960683056366,0.021359466129346596,3.2082473644343135,1.0,1.0
287,sequential,3,3.22960683056366,3.22960683056366,0.021359466129346596,3.2082473644343135,1.0,1.0
288,sequential,3,3.22960683056366,3.22960683056366,0.021359466129346596,3.2082473644343135,1.0,1.0
289,sequential,3,3.22960683056366,3.22960683056366,0.021359466129346596,3.2082473644343135,1.0,1.0
290,sequential,3,3.22960683056366,3.22960683056366,0.021359466129346596,3.2082473644343135,1.0,1.0
291,sequential,3,3.22960683056366,3.22960683056366,0.021359466129346596,3.2082473644343135,1.0,1.0
292,sequential,3,3.22960683056366,3.22960683056366,0.021359466129346596,3.2082473644343135,1.0,1.0
293,sequential,3,3.22960683056366,3.22960683056366,0.021359466129346596,3.2082473644343135,1.0,1.0
294,sequential,3,3.22960683056366,3.22960683056366,0.021359466129346596,3.2082473644343135,1.0,1.0
295,sequential,3,3.22960683056366,3.22960683056366,0.021359466129346596,3.2082473644343135,1.0,1.0
296,sequential,3,3.22960683056366,3.22960683056366,0.021359466129346596,3.2082473644343135,1.0,1.0
297,sequential,3,3.22960683056366,3.22960683056366,0.021359466129346596,3.2082473644343135,1.0,1.0
298,sequential,3,3.22960683056366,3.22960683056366,0.021359466129346596,3.2082473644343135,1.0,1.0
299,sequential,3,3.22960683056366,3.22960683056366,0.021359466129346596,3.2082473644343135,1.0,1.0
300,sequential,3,3.22960683056366,3.22960683056366,0.021359466129346596,3.2082473644343135,1.0,1.0
301,sequential,3,3.22960683056366,3.22960683056366,0.021359466129346596,3.2082473644343135,1.0,1.0
302,sequential,3,3.22960683056366,3.22960683056366,0.021359466129346596,3.2082473644343135,1.0,1.0
303,sequential,3,3.22960683056366,3.22960683056366,0.021359466129346596,3.2082473644343135,1.0,1.0
304,sequential,3,3.22960683056366,3.22960683056366,0.021359466129346596,3.2082473644343135,1.0,1.0
305,sequential,3,3.22960683056366,3.22960683056366,0.021359466129346596,3.2082473644343135,1.0,1.0
306,sequential,3,3.22960683056366,3.22960683056366,0.021359466129346596,3.2082473644343135,1.0,1.0
307,sequential,3,3.22960683056366,3.22960683056366,0.021359466129346596,3.2082473644343135,1.0,1.0
308,sequential,3,3.22960683056366,3.22960683056366,0.021359466129346596,3.2082473644343135,1.0,1.0
309,sequential,3,3.22960683056366,3.22960683056366,0.021359466129346596,3.2082473644343135,1.0,1.0
310,sequential,3,3.22960683056366,3.22960683056366,0.021359466129346596,3.2082473644343135,1.0,1.0
311,sequential,3,3.22960683056366,3.22960683056366,0.021359466129346596,3.2082473644343135,1.0,1.0
312,sequential,3,3.22960683056366,3.22960683056366,0.021359466129346596,3.2082473644343135,1.0,1.0
313,sequential,3,3.22960683056366,3.22960683056366,0.021359466129346596,3.2082473644343135,1.0,1.0
314,sequential,3,3.22960683056366,3.22960683056366,0.021359466129346596,3.2082473644343135,1.0,1.0
315,sequential,3,3.22960683056366,3.22960683056366,0.021359466129346596,3.2082473644343135,1.0,1.0
316,sequential,3,3.22960683056366,3.22960683056366,0.021359466129346596,3.2082473644343135,1.0,1.0
317,sequential,3,3.22960683056366,3.22960683056366,0.021359466129346596,3.2082473644343135,1.0,1.0
318,sequential,3,3.22960683056366,3.22960683056366,0.021359466129346596,3.2082473644343135,1.0,1.0
319,sequential,3,3.22960683056366,3.22960683056366,0.021359466129346596,3.2082473644343135,1.0,1.0
320,sequential,3,3.22960683056366,3.22960683056366,0.021359466129346596,3.2082473644343135,1.0,1.0
321,sequential,3,3.22960683056366,3.22960683056366,0.021359466129346596,3.2082473644343135,1.0,1.0
322,sequential,3,3.22960683056366,3.22960683056366,0.021359466129346596,3.2082473644343135,1.0,1.0
323,sequential,3,3.22960683056366,3.22960683056366,0.021359466129346596,3.2082473644343135,1.0,1.0
324,sequential,3,3.22960683056366,3.22960683056366,0.021359466129346596,3.2082473644343135,1.0,1.0
325,sequential,3,3.22960683056366,3.22960683056366,0.021359466129346596,3.2082473644343135,1.0,1.0
326,sequential,3,3.22960683056366,3.22960683056366,0.021359466129346596,3.2082473644343135,1.0,1.0
327,sequential,3,3.22960683056366,3.22960683056366,0.021359466129346596,3.2082473644343135,1.0,1.0
328,sequential,3,3.22960683056366,3.22960683056366,0.021359466129346596,3.2082473644343135,1.0,1.0
329,sequential,3,3.22960683056366,3.22960683056366,0.021359466129346596,3.2082473644343135,1.0,1.0
330,sequential,3,3.22960683056366,3.22960683056366,0.021359466129346596,3.2082473644343135,1.0,1.0
331,sequential,3,3.22960683056366,3.22960683056366,0.021359466129346596,3.2082473644343135,1.0,1.0
332,sequential,3,3.22960683056366,3.22960683056366,0.021359466129346596,3.2082473644343135,1.0,1.0
333,sequential,3,3.22960683056366,3.22960683056366,0.021359466129346596,3.2082473644343135,1.0,1.0
334,sequential,3,3.22960683056366,3.22960683056366,0.021359466129346596,3.2082473644343135,1.0,1.0
335,sequential,3,3.22960683056366,3.22960683056366,0.021359466129346596,3.2082473644343135,1.0,1.0
336,sequential,3,3.22960683056366,3.22960683056366,0.021359466129346596,3.2082473644343135,1.0,1.0
337,sequential,3,3.22960683056366,3.22960683056366,0.021359466129346596,3.2082473644343135,1.0,1.0
338,sequential,3,3.22960683056366,3.22960683056366,0.021359466129346596,3.2082473644343135,1.0,1.0
339,sequential,3,3.22960683056366,3.22960683056366,0.021359466129346596,3.2082473644343135,1.0,1.0
340,sequential,3,3.22960683056366,3.22960683056366,0.021359466129346596,3.2082473644343135,1.0,1.0
341,sequential,3,3.22960683056366,3.22960683056366,0.021359466129346596,3.2082473644343135,1.0,1.0
342,sequential,3,3.22960683056366,3.22960683056366,0.021359466129346596,3.2082473644343135,1.0,1.0
343,sequential,3,3.22960683056366,3.22960683056366,0.021359466129346596,3.2082473644343135,1.0,1.0
344,sequential,3,3.22960683056366,3.22960683056366,0.021359466129346596,3.2082473644343135,1.0,1.0
345,sequential,3,3.22960683056366,3.22960683056366,0.021359466129346596,3.2082473644343135,1.0,1.0
346,sequential,3,3.22960683056366,3.22960683056366,0.021359466129346596,3.2082473644343135,1.0,1.0
347,sequential,3,3.22960683056366,3.22960683056366,0.021359466129346596,3.2082473644343135,1.0,1.0
348,sequential,3,3.22960683056366,3.22960683056366,0.021359466129346596,3.2082473644343135,1.0,1.0
349,sequential,3,3.22960683056366,3.22960683056366,0.021359466129346596,3.2082473644343135,1.0,1.0
350,sequential,3,3.22960683056366,3.22960683056366,0.021359466129346596,3.2082473644343135,1.0,1.0
351,sequential,3,3.22960683056366,3.22960683056366,0.021359466129346596,3.2082473644343135,1.0,1.0
352,sequential,3,3.22960683056366,3.22960683056366,0.021359466129346596,3.2082473644343135,1.0,1.0
353,sequential,3,3.22960683056366,3.22960683056366,0.021359466129346596,3.2082473644343135,1.0,1.0
354,sequential,3,3.22960683056366,3.22960683056366,0.021359466129346596,3.2082473644343135,1.0,1.0
355,sequential,3,3.22960683056366,3.22960683056366,0.021359466129346596,3.2082473644343135,1.0,1.0
356,sequential,3,3.22960683056366,3.22960683056366,0.021359466129346596,3.2082473644343135,1.0,1.0
357,sequential,3,3.22960683056366,3.22960683056366,0.021359466129346596,3.2082473644343135,1.0,1.0
358,sequential,3,3.22960683056366,3.22960683056366,0.021359466129346596,3.2082473644343135,1.0,1.0
359,sequential,3,3.22960683056366,3.22960683056366,0.021359466129346596,3.2082473644343135,1.0,1.0
360,sequential,3,3.22960683056366,3.22960683056366,0.021359466129346596,3.2082473644343135,1.0,1.0
361,sequential,3,3.22960683056366,3.22960683056366,0.021359466129346596,3.2082473644343135,1.0,1.0
362,sequential,3,3.22960683056366,3.22960683056366,0.021359466129346596,3.2082473644343135,1.0,1.0
363,sequential,3,3.22960683056366,3.22960683056366,0.021359466129346596,3.2082473644343135,1.0,1.0
364,sequential,3,3.22960683056366,3.22960683056366,0.021359466129346596,3.2082473644343135,1.0,1.0
365,sequential,3,3.22960683056366,3.22960683056366,0.021359466129346596,3.2082473644343135,1.0,1.0
366,sequential,3,3.22960683056366,3.22960683056366,0.021359466129346596,3.2082473644343135,1.0,1.0
367,sequential,3,3.22960683056366,3.22960683056366,0.021359466129346596,3.2082473644343135,1.0,1.0
368,sequential,3,3.22960683056366,3.22960683056366,0.021359466129346596,3.2082473644343135,1.0,1.0
369,sequential,3,3.22960683056366,3.22960683056366,0.021359466129346596,3.2082473644343135,1.0,1.0
370,sequential,3,3.22960683056366,3.22960683056366,0.021359466129346596,3.2082473644343135,1.0,1.0
371,sequential,3,3.22960683056366,3.22960683056366,0.021359466129346596,3.2082473644343135,1.0,1.0
372,sequential,3,3.22960683056366,3.22960683056366,0.021359466129346596,3.2082473644343135,1.0,1.0
373,sequential,3,3.22960683056366,3.22960683056366,0.021359466129346596,3.2082473644343135,1.0,1.0
374,sequential,3,3.22960683056366,3.22960683056366,0.021359466129346596,3.2082473644343135,1.0,1.0
375,sequential,3,3.22960683056366,3.22960683056366,0.021359466129346596,3.2082473644343135,1.0,1.0
376,sequential,3,3.22960683056366,3.22960683056366,0.021359466129346596,3.2082473644343135,1.0,1.0
377,sequential,3,3.22960683056366,3.22960683056366,0.021359466129346596,3.2082473644343135,1.0,1.0
378,sequential,3,3.22960683056366,3.22960683056366,0.021359466129346596,3.2082473644343135,1.0,1.0
379,sequential,3,3.22960683056366,3.22960683056366,0.021359466129346596,3.2082473644343135,1.0,1.0
380,sequential,3,3.22960683056366,3.22960683056366,0.021359466129346596,3.2082473644343135,1.0,1.0
381,sequential,3,3.22960683056366,3.22960683056366,0.021359466129346596,3.2082473644343135,1.0,1.0
382,sequential,3,3.22960683056366,3.22960683056366,0.021359466129346596,3.2082473644343135,1.0,1.0
383,sequential,3,3.22960683056366,3.22960683056366,0.021359466129346596,3.2082473644343135,1.0,1.0
384,sequential,3,3.22960683056366,3.22960683056366,0.021359466129346596,3.2082473644343135,1.0,1.0
385,sequential,3,3.22960683056366,3.22960683056366,0.021359466129346596,3.2082473644343135,1.0,1.0
386,sequential,3,3.22960683056366,3.22960683056366,0.021359466129346596,3.2082473644343135,1.0,1.0
387,sequential,3,3.22960683056366,3.22960683056366,0.021359466129346596,3.2082473644343135,1.0,1.0
388,sequential,3,3.22960683056366,3.22960683056366,0.021359466129346596,3.2082473644343135,1.0,1.0
389,sequential,3,3.22960683056366,3.22960683056366,0.021359466129346596,3.2082473644343135,1.0,1.0
390,sequential,3,3.22960683056366,3.22960683056366,0.021359466129346596,3.2082473644343135,1.0,1.0
391,sequential,3,3.22960683056366,3.22960683056366,0.021359466129346596,3.2082473644343135,1.0,1.0
392,sequential,3,3.22960683056366,3.22960683056366,0.021359466129346596,3.2082473644343135,1.0,1.0
393,sequential,3,3.22960683056366,3.22960683056366,0.021359466129346596,3.2082473644343135,1.0,1.0
394,sequential,3,3.22960683056366,3.22960683056366,0.021359466129346596,3.2082473644343135,1.0,1.0
395,sequential,3,3.22960683056366,3.22960683056366,0.021359466129346596,3.2082473644343135,1.0,1.0
396,sequential,3,3.22960683056366,3.22960683056366,0.021359466129346596,3.2082473644343135,1.0,1.0
397,sequential,3,3.22960683056366,3.22960683056366,0.021359466129346596,3.2082473644343135,1.0,1.0
398,sequential,3,3.22960683056366,3.22960683056366,0.021359466129346596,3.2082473644343135,1.0,1.0
399,sequential,3,3.22960683056366,3.22960683056366,0.021359466129346596,3.2082473644343135,1.0,1.0
400,sequential,3,3.22960683056366,3.22960683056366,0.021359466129346596,3.2082473644343135,1.0,1.0
401,sequential,3,3.22960683056366,3.22960683056366,0.021359466129346596,3.2082473644343135,1.0,1.0
402,sequential,3,3.22960683056366,3.22960683056366,0.021359466129346596,3.2082473644343135,1.0,1.0
403,sequential,3,3.22960683056366,3.22960683056366,0.021359466129346596,3.2082473644343135,1.0,1.0
404,sequential,3,3.22960683056366,3.22960683056366,0.021359466129346596,3.2082473644343135,1.0,1.0
405,sequential,3,3.22960683056366,3.22960683056366,0.021359466129346596,3.2082473644343135,1.0,1.0
406,sequential,3,3.22960683056366,3.22960683056366,0.021359466129346596,3.2082473644343135,1.0,1.0
407,sequential,3,3.22960683056366,3.22960683056366,0.021359466129346596,3.2082473644343135,1.0,1.0
408,sequential,3,3.22960683056366,3.22960683056366,0.021359466129346596,3.2082473644343135,1.0,1.0
409,sequential,3,3.22960683056366,3.22960683056366,0.021359466129346596,3.2082473644343135,1.0,1.0
410,sequential,3,3.22960683056366,3.22960683056366,0.021359466129346596,3.2082473644343135,1.0,1.0
411,sequential,3,3.22960683056366,3.22960683056366,0.021359466129346596,3.2082473644343135,1.0,1.0
412,sequential,3,3.22960683056366,3.22960683056366,0.021359466129346596,3.2082473644343135,1.0,1.0
413,sequential,3,3.22960683056366,3.22960683056366,0.021359466129346596,3.2082473644343135,1.0,1.0
414,sequential,3,3.22960683056366,3.22960683056366,0.021359466129346596,3.2082473644343135,1.0,1.0
415,sequential,3,3.22960683056366,3.22960683056366,0.021359466129346596,3.2082473644343135,1.0,1.0
416,sequential,3,3.22960683056366,3.22960683056366,0.021359466129346596,3.2082473644343135,1.0,1.0
417,sequential,3,3.22960683056366,3.22960683056366,0.021359466129346596,3.2082473644343135,1.0,1.0
418,sequential,3,3.22960683056366,3.22960683056366,0.021359466129346596,3.2082473644343135,1.0,1.0
419,sequential,3,3.22960683056366,3.22960683056366,0.021359466129346596,3.2082473644343135,1.0,1.0
420,sequential,3,3.22960683056366,3.22960683056366,0.021359466129346596,3.2082473644343135,1.0,1.0
421,sequential,3,3.22960683056366,3.22960683056366,0.021359466129346596,3.2082473644343135,1.0,1.0
422,sequential,3,3.22960683056366,3.22960683056366,0.021359466129346596,3.2082473644343135,1.0,1.0
423,sequential,3,3.22960683056366,3.22960683056366,0.021359466129346596,3.2082473644343135,1.0,1.0
424,sequential,3,3.22960683056366,3.22960683056366,0.021359466129346596,3.2082473644343135,1.0,1.0
425,sequential,3,3.22960683056366,3.22960683056366,0.021359466129346596,3.2082473644343135,1.0,1.0
426,sequential,3,3.22960683056366,3.22960683056366,0.021359466129346596,3.2082473644343135,1.0,1.0
427,sequential,3,3.22960683056366,3.22960683056366,0.021359466129346596,3.2082473644343135,1.0,1.0
428,sequential,3,3.22960683056366,3.22960683056366,0.021359466129346596,3.2082473644343135,1.0,1.0
429,sequential,3,3.22960683056366,3.22960683056366,0.021359466129346596,3.2082473644343135,1.0,1.0
430,sequential,3,3.22960683056366,3.22960683056366,0.021359466129346596,3.2082473644343135,1.0,1.0
431,sequential,3,3.22960683056366,3.22960683056366,0.021359466129346596,3.2082473644343135,1.0,1.0
432,sequential,3,3.22960683056366,3.22960683056366,0.021359466129346596,3.2082473644343135,1.0,1.0
433,sequential,3,3.22960683056366,3.22960683056366,0.021359466129346596,3.2082473644343135,1.0,1.0
434,sequential,3,3.22960683056366,3.22960683056366,0.021359466129346596,3.2082473644343135,1.0,1.0
435,sequential,3,3.22960683056366,3.22960683056366,0.021359466129346596,3.2082473644343135,1.0,1.0
436,sequential,3,3.22960683056366,3.22960683056366,0.021359466129346596,3.2082473644343135,1.0,1.0
437,sequential,3,3.22960683056366,3.22960683056366,0.021359466129346596,3.2082473644343135,1.0,1.0
438,sequential,3,3.22960683056366,3.22960683056366,0.021359466129346596,3.2082473644343135,1.0,1.0
439,sequential,3,3.22960683056366,3.22960683056366,0.021359466129346596,3.2082473644343135,1.0,1.0
440,sequential,3,3.22960683056366,3.22960683056366,0.021359466129346596,3.2082473644343135,1.0,1.0
441,sequential,3,3.22960683056366,3.22960683056366,0.021359466129346596,3.2082473644343135,1.0,1.0
442,sequential,3,3.22960683056366,3.22960683056366,0.021359466129346596,3.2082473644343135,1.0,1.0
443,sequential,3,3.22960683056366,3.22960683056366,0.021359466129346596,3.2082473644343135,1.0,1.0
444,sequential,3,3.22960683056366,3.22960683056366,0.021359466129346596,3.2082473644343135,1.0,1.0
445,sequential,3,3.22960683056366,3.22960683056366,0.021359466129346596,3.2082473644343135,1.0,1.0
446,sequential,3,3.22960683056366,3.22960683056366,0.021359466129346596,3.2082473644343135,1.0,1.0
447,sequential,3,3.22960683056366,3.22960683056366,0.021359466129346596,3.2082473644343135,1.0,1.0
448,sequential,3,3.22960683056366,3.22960683056366,0.021359466129346596,3.2082473644343135,1.0,1.0
449,sequential,3,3.22960683056366,3.22960683056366,0.021359466129346596,3.2082473644343135,1.0,1.0
450,sequential,3,3.22960683056366,3.22960683056366,0.021359466129346596,3.2082473644343135,1.0,1.0
451,sequential,3,3.22960683056366,3.22960683056366,0.021359466129346596,3.2082473644343135,1.0,1.0
452,sequential,3,3.22960683056366,3.22960683056366,0.021359466129346596,3.2082473644343135,1.0,1.0
453,sequential,3,3.22960683056366,3.22960683056366,0.021359466129346596,3.2082473644343135,1.0,1.0
454,sequential,3,3.22960683056366,3.22960683056366,0.021359466129346596,3.2082473644343135,1.0,1.0
455,sequential,3,3.22960683056366,3.22960683056366,0.021359466129346596,3.2082473644343135,1.0,1.0
456,sequential,3,3.22960683056366,3.22960683056366,0.021359466129346596,3.2082473644343135,1.0,1.0
457,sequential,3,3.22960683056366,3.22960683056366,0.021359466129346596,3.2082473644343135,1.0,1.0
458,sequential,3,3.22960683056366,3.22960683056366,0.021359466129346596,3.2082473644343135,1.0,1.0
459,sequential,3,3.22960683056366,3.22960683056366,0.021359466129346596,3.2082473644343135,1.0,1.0
460,sequential,3,3.22960683056366,3.22960683056366,0.021359466129346596,3.2082473644343135,1.0,1.0
461,sequential,3,3.22960683056366,3.22960683056366,0.021359466129346596,3.2082473644343135,1.0,1.0
462,sequential,3,3.22960683056366,3.22960683056366,0.021359466129346596,3.2082473644343135,1.0,1.0
463,sequential,3,3.22960683056366,3.22960683056366,0.021359466129346596,3.2082473644343135,1.0,1.0
464,sequential,3,3.22960683056366,3.22960683056366,0.021359466129346596,3.2082473644343135,1.0,1.0
465,sequential,3,3.22960683056366,3.22960683056366,0.021359466129346596,3.2082473644343135,1.0,1.0
466,sequential,3,3.22960683056366,3.22960683056366,0.021359466129346596,3.2082473644343135,1.0,1.0
467,sequential,3,3.22960683056366,3.22960683056366,0.021359466129346596,3.2082473644343135,1.0,1.0
468,sequential,3,3.22960683056366,3.22960683056366,0.021359466129346596,3.2082473644343135,1.0,1.0
469,sequential,3,3.22960683056366,3.22960683056366,0.021359466129346596,3.2082473644343135,1.0,1.0
470,sequential,3,3.22960683056366,3.22960683056366,0.021359466129346596,3.2082473644343135,1.0,1.0
471,sequential,3,3.22960683056366,3.22960683056366,0.021359466129346596,3.2082473644343135,1.0,1.0
472,sequential,3,3.22960683056366,3.22960683056366,0.021359466129346596,3.2082473644343135,1.0,1.0
473,sequential,3,3.22960683056366,3.22960683056366,0.021359466129346596,3.2082473644343135,1.0,1.0
474,sequential,3,3.22960683056366,3.22960683056366,0.021359466129346596,3.2082473644343135,1.0,1.0
475,sequential,3,3.22960683056366,3.22960683056366,0.021359466129346596,3.2082473644343135,1.0,1.0
476,sequential,3,3.22960683056366,3.22960683056366,0.021359466129346596,3.2082473644343135,1.0,1.0
477,sequential,3,3.22960683056366,3.22960683056366,0.021359466129346596,3.2082473644343135,1.0,1.0
478,sequential,3,3.22960683056366,3.22960683056366,0.021359466129346596,3.2082473644343135,1.0,1.0
479,sequential,3,3.22960683056366,3.22960683056366,0.021359466129346596,3.2082473644343135,1.0,1.0
480,sequential,3,3.22960683056366,3.22960683056366,0.021359466129346596,3.2082473644343135,1.0,1.0
481,sequential,3,3.22960683056366,3.22960683056366,0.021359466129346596,3.2082473644343135,1.0,1.0
482,sequential,3,3.22960683056366,3.22960683056366,0.021359466129346596,3.2082473644343135,1.0,1.0
483,sequential,3,3.22960683056366,3.22960683056366,0.021359466129346596,3.2082473644343135,1.0,1.0
484,sequential,3,3.22960683056366,3.22960683056366,0.021359466129346596,3.2082473644343135,1.0,1.0
485,sequential,3,3.22960683056366,3.22960683056366,0.021359466129346596,3.2082473644343135,1.0,1.0
486,sequential,3,3.22960683056366,3.22960683056366,0.021359466129346596,3.2082473644343135,1.0,1.0
487,sequential,3,3.22960683056366,3.22960683056366,0.021359466129346596,3.2082473644343135,1.0,1.0
488,sequential,3,3.22960683056366,3.22960683056366,0.021359466129346596,3.2082473644343135,1.0,1.0
489,sequential,3,3.22960683056366,3.22960683056366,0.021359466129346596,3.2082473644343135,1.0,1.0
490,sequential,3,3.22960683056366,3.22960683056366,0.021359466129346596,3.2082473644343135,1.0,1.0
491,sequential,3,3.22960683056366,3.22960683056366,0.021359466129346596,3.2082473644343135,1.0,1.0
492,sequential,3,3.22960683056366,3.22960683056366,0.021359466129346596,3.2082473644343135,1.0,1.0
493,sequential,3,3.22960683056366,3.22960683056366,0.021359466129346596,3.2082473644343135,1.0,1.0
494,sequential,3,3.22960683056366,3.22960683056366,0.021359466129346596,3.2082473644343135,1.0,1.0
495,sequential,3,3.22960683056366,3.22960683056366,0.021359466129346596,3.2082473644343135,1.0,1.0
496,sequential,3,3.22960683056366,3.22960683056366,0.021359466129346596,3.2082473644343135,1.0,1.0
497,sequential,3,3.22960683056366,3.22960683056366,0.021359466129346596,3.2082473644343135,1.0,1.0
498,sequential,3,3.22960683056366,3.22960683056366,0.021359466129346596,3.2082473644343135,1.0,1.0
499,sequential,3,3.22960683056366,3.22960683056366,0.021359466129346596,3.2082473644343135,1.0,1.0
500,sequential,3,3.22960683056366,3.22960683056366,0.021359466129346596,3.2082473644343135,1.0,1.0
1,sequential,4,178.4793174797754,178.4793174797754,173.51511092432938,4.964206555446014,1.0,1.0
2,sequential,4,46.71442308185959,46.71442308185959,6.86862316741973,39.845799914439866,1.0,1.0
3,sequential,4,46.694874969054126,46.694874969054126,6.294023956019822,40.400851013034305,1.0,1.0
4,sequential,4,46.69435013495739,46.69435013495739,6.293775035571983,40.40057509938541,1.0,1.0
5,sequential,4,46.69373184835028,46.69373184835028,6.293484491701062,40.40024735664922,1.0,1.0
6,sequential,4,46.69299390653802,46.69299390653802,6.293141583834414,40.39985232270361,1.0,1.0
7,sequential,4,46.692099761040026,46.692099761040026,6.292731747491463,40.39936801354856,1.0,1.0
8,sequential,4,46.69099709284049,46.69099709284049,6.292234804771826,40.39876228806867,1.0,1.0
9,sequential,4,46.6896087346522,46.6896087346522,6.291622131117555,40.39798660353464,1.0,1.0
10,sequential,4,46.68781683447982,46.68781683447982,6.290852002276593,40.396964832203224,1.0,1.0
11,sequential,4,46.68543382631924,46.68543382631924,6.289861638256878,40.39557218806236,1.0,1.0
12,sequential,4,46.68214587146842,46.68214587146842,6.2885528799796155,40.39359299148881,1.0,1.0
13,sequential,4,46.67739359986946,46.67739359986946,6.2867645149018205,40.39062908496764,1.0,1.0
14,sequential,4,46.67009167171252,46.67009167171252,6.28421302596257,40.38587864574995,1.0,1.0
15,sequential,4,46.65785553560765,46.65785553560765,6.280345117269141,40.37751041833851,1.0,1.0
16,sequential,4,46.634287915055616,46.634287915055616,6.273884576636761,40.360403338418855,1.0,1.0
17,sequential,4,46.57491551060917,46.57491551060917,6.260971423847508,40.313944086761666,1.0,1.0
18,sequential,4,46.2736049918865,46.2736049918865,6.222840134533533,40.050764857352966,1.0,1.0
19,sequential,4,23.353323816725204,23.353323816725204,6.212435401882067,17.140888414843136,1.0,1.0
20,sequential,4,51.95538723538638,51.95538723538638,1.2096603138870314,50.745726921499354,1.0,1.0
21,sequential,4,46.68375387160535,46.68375387160535,6.344658866642522,40.33909500496283,1.0,1.0
22,sequential,4,46.67607461170288,46.67607461170288,6.361139521804465,40.31493508989841,1.0,1.0
23,sequential,4,46.65845458013822,46.65845458013822,6.393760941199843,40.264693638938375,1.0,1.0
24,sequential,4,46.59297419850738,46.59297419850738,6.4697015645497595,40.12327263395762,1.0,1.0
25,sequential,4,45.92137470564429,45.92137470564429,6.683709668571056,39.237665037073235,1.0,1.0
26,sequential,4,383.44828150579656,383.44828150579656,8.909286974162935,374.53899453163365,1.0,1.0
27,sequential,4,34244.27720453866,34244.27720453866,30455.912583112546,3788.3646214261125,1.0,1.0
28,sequential,4,5984.743407699862,5984.743407699862,5168.750050184551,815.9933575153108,1.0,1.0
29,sequential,4,887.7405363219434,887.7405363219434,598.614963519709,289.12557280223444,1.0,1.0
30,sequential,4,46.70069495455943,46.70069495455943,6.297086931400387,40.403608023159045,1.0,1.0
31,sequential,4,46.70069495455943,46.70069495455943,6.297086931400387,40.403608023159045,1.0,1.0
32,sequential,4,46.70069495455943,46.70069495455943,6.297086931400387,40.403608023159045,1.0,1.0
33,sequential,4,46.70069495455943,46.70069495455943,6.297086931400387,40.403608023159045,1.0,1.0
34,sequential,4,46.70069495455943,46.70069495455943,6.297086931400387,40.403608023159045,1.0,1.0
35,sequential,4,46.70069495455943,46.70069495455943,6.297086931400387,40.403608023159045,1.0,1.0
36,sequential,4,46.70069495455943,46.70069495455943,6.297086931400387,40.403608023159045,1.0,1.0
37,sequential,4,46.70069495455943,46.70069495455943,6.297086931400387,40.403608023159045,1.0,1.0
38,sequential,4,46.70069495455943,46.70069495455943,6.297086931400387,40.403608023159045,1.0,1.0
39,sequential,4,46.70069495455943,46.70069495455943,6.297086931400387,40.403608023159045,1.0,1.0
40,sequential,4,46.70069495455943,46.70069495455943,6.297086931400387,40.403608023159045,1.0,1.0
41,sequential,4,46.70069495455943,46.70069495455943,6.297086931400387,40.403608023159045,1.0,1.0
42,sequential,4,46.70069495455943,46.70069495455943,6.297086931400387,40.403608023159045,1.0,1.0
43,sequential,4,46.70069495455943,46.70069495455943,6.297086931400387,40.403608023159045,1.0,1.0
44,sequential,4,46.70069495455943,46.70069495455943,6.297086931400387,40.403608023159045,1.0,1.0
45,sequential,4,46.70069495455943,46.70069495455943,6.297086931400387,40.403608023159045,1.0,1.0
46,sequential,4,46.70069495455943,46.70069495455943,6.297086931400387,40.403608023159045,1.0,1.0
47,sequential,4,46.70069495455943,46.70069495455943,6.297086931400387,40.403608023159045,1.0,1.0
48,sequential,4,46.70069495455943,46.70069495455943,6.297086931400387,40.403608023159045,1.0,1.0
49,sequential,4,46.70069495455943,46.70069495455943,6.297086931400387,40.403608023159045,1.0,1.0
50,sequential,4,46.70069495455943,46.70069495455943,6.297086931400387,40.403608023159045,1.0,1.0
51,sequential,4,46.70069495455943,46.70069495455943,6.297086931400387,40.403608023159045,1.0,1.0
52,sequential,4,46.70069495455943,46.70069495455943,6.297086931400387,40.403608023159045,1.0,1.0
53,sequential,4,46.70069495455943,46.70069495455943,6.297086931400387,40.403608023159045,1.0,1.0
54,sequential,4,46.70069495455943,46.70069495455943,6.297086931400387,40.403608023159045,1.0,1.0
55,sequential,4,46.70069495455943,46.70069495455943,6.297086931400387,40.403608023159045,1.0,1.0
56,sequential,4,46.70069495455943,46.70069495455943,6.297086931400387,40.403608023159045,1.0,1.0
57,sequential,4,46.70069495455943,46.70069495455943,6.297086931400387,40.403608023159045,1.0,1.0
58,sequential,4,46.70069495455943,46.70069495455943,6.297086931400387,40.403608023159045,1.0,1.0
59,sequential,4,46.70069495455943,46.70069495455943,6.297086931400387,40.403608023159045,1.0,1.0
60,sequential,4,46.70069495455943,46.70069495455943,6.297086931400387,40.403608023159045,1.0,1.0
61,sequential,4,46.70069495455943,46.70069495455943,6.297086931400387,40.403608023159045,1.0,1.0
62,sequential,4,46.70069495455943,46.70069495455943,6.297086931400387,40.403608023159045,1.0,1.0
63,sequential,4,46.70069495455943,46.70069495455943,6.297086931400387,40.403608023159045,1.0,1.0
64,sequential,4,46.70069495455943,46.70069495455943,6.297086931400387,40.403608023159045,1.0,1.0
65,sequential,4,46.70069495455943,46.70069495455943,6.297086931400387,40.403608023159045,1.0,1.0
66,sequential,4,46.70069495455943,46.70069495455943,6.297086931400387,40.403608023159045,1.0,1.0
67,sequential,4,46.70069495455943,46.70069495455943,6.297086931400387,40.403608023159045,1.0,1.0
68,sequential,4,46.70069495455943,46.70069495455943,6.297086931400387,40.403608023159045,1.0,1.0
69,sequential,4,46.70069495455943,46.70069495455943,6.297086931400387,40.403608023159045,1.0,1.0
70,sequential,4,46.70069495455943,46.70069495455943,6.297086931400387,40.403608023159045,1.0,1.0
71,sequential,4,46.70069495455943,46.70069495455943,6.297086931400387,40.403608023159045,1.0,1.0
72,sequential,4,46.70069495455943,46.70069495455943,6.297086931400387,40.403608023159045,1.0,1.0
73,sequential,4,46.70069495455943,46.70069495455943,6.297086931400387,40.403608023159045,1.0,1.0
74,sequential,4,46.70069495455943,46.70069495455943,6.297086931400387,40.403608023159045,1.0,1.0
75,sequential,4,46.70069495455943,46.70069495455943,6.297086931400387,40.403608023159045,1.0,1.0
76,sequential,4,46.70069495455943,46.70069495455943,6.297086931400387,40.403608023159045,1.0,1.0
77,sequential,4,46.70069495455943,46.70069495455943,6.297086931400387,40.403608023159045,1.0,1.0
78,sequential,4,46.70069495455943,46.70069495455943,6.297086931400387,40.403608023159045,1.0,1.0
79,sequential,4,46.70069495455943,46.70069495455943,6.297086931400387,40.403608023159045,1.0,1.0
80,sequential,4,46.70069495455943,46.70069495455943,6.297086931400387,40.403608023159045,1.0,1.0
81,sequential,4,46.70069495455943,46.70069495455943,6.297086931400387,40.403608023159045,1.0,1.0
82,sequential,4,46.70069495455943,46.70069495455943,6.297086931400387,40.403608023159045,1.0,1.0
83,sequential,4,46.70069495455943,46.70069495455943,6.297086931400387,40.403608023159045,1.0,1.0
84,sequential,4,46.70069495455943,46.70069495455943,6.297086931400387,40.403608023159045,1.0,1.0
85,sequential,4,46.70069495455943,46.70069495455943,6.297086931400387,40.403608023159045,1.0,1.0
86,sequential,4,46.70069495455943,46.70069495455943,6.297086931400387,40.403608023159045,1.0,1.0
87,sequential,4,46.70069495455943,46.70069495455943,6.297086931400387,40.403608023159045,1.0,1.0
88,sequential,4,46.70069495455943,46.70069495455943,6.297086931400387,40.403608023159045,1.0,1.0
89,sequential,4,46.70069495455943,46.70069495455943,6.297086931400387,40.403608023159045,1.0,1.0
90,sequential,4,46.70069495455943,46.70069495455943,6.297086931400387,40.403608023159045,1.0,1.0
91,sequential,4,46.70069495455943,46.70069495455943,6.297086931400387,40.403608023159045,1.0,1.0
92,sequential,4,46.70069495455943,46.70069495455943,6.297086931400387,40.403608023159045,1.0,1.0
93,sequential,4,46.70069495455943,46.70069495455943,6.297086931400387,40.403608023159045,1.0,1.0
94,sequential,4,46.70069495455943,46.70069495455943,6.297086931400387,40.403608023159045,1.0,1.0
95,sequential,4,46.70069495455943,46.70069495455943,6.297086931400387,40.403608023159045,1.0,1.0
96,sequential,4,46.70069495455943,46.70069495455943,6.297086931400387,40.403608023159045,1.0,1.0
97,sequential,4,46.70069495455943,46.70069495455943,6.297086931400387,40.403608023159045,1.0,1.0
98,sequential,4,46.70069495455943,46.70069495455943,6.297086931400387,40.403608023159045,1.0,1.0
99,sequential,4,46.70069495455943,46.70069495455943,6.297086931400387,40.403608023159045,1.0,1.0
100,sequential,4,46.70069495455943,46.70069495455943,6.297086931400387,40.403608023159045,1.0,1.0
101,sequential,4,46.70069495455943,46.70069495455943,6.297086931400387,40.403608023159045,1.0,1.0
102,sequential,4,46.70069495455943,46.70069495455943,6.297086931400387,40.403608023159045,1.0,1.0
103,sequential,4,46.70069495455943,46.70069495455943,6.297086931400387,40.403608023159045,1.0,1.0
104,sequential,4,46.70069495455943,46.70069495455943,6.297086931400387,40.403608023159045,1.0,1.0
105,sequential,4,46.70069495455943,46.70069495455943,6.297086931400387,40.403608023159045,1.0,1.0
106,sequential,4,46.70069495455943,46.70069495455943,6.297086931400387,40.403608023159045,1.0,1.0
107,sequential,4,46.70069495455943,46.70069495455943,6.297086931400387,40.403608023159045,1.0,1.0
108,sequential,4,46.70069495455943,46.70069495455943,6.297086931400387,40.403608023159045,1.0,1.0
109,sequential,4,46.70069495455943,46.70069495455943,6.297086931400387,40.403608023159045,1.0,1.0
110,sequential,4,46.70069495455943,46.70069495455943,6.297086931400387,40.403608023159045,1.0,1.0
111,sequential,4,46.70069495455943,46.70069495455943,6.297086931400387,40.403608023159045,1.0,1.0
112,sequential,4,46.70069495455943,46.70069495455943,6.297086931400387,40.403608023159045,1.0,1.0
113,sequential,4,46.70069495455943,46.70069495455943,6.297086931400387,40.403608023159045,1.0,1.0
114,sequential,4,46.70069495455943,46.70069495455943,6.297086931400387,40.403608023159045,1.0,1.0
115,sequential,4,46.70069495455943,46.70069495455943,6.297086931400387,40.403608023159045,1.0,1.0
116,sequential,4,46.70069495455943,46.70069495455943,6.297086931400387,40.403608023159045,1.0,1.0
117,sequential,4,46.70069495455943,46.70069495455943,6.297086931400387,40.403608023159045,1.0,1.0
118,sequential,4,46.70069495455943,46.70069495455943,6.297086931400387,40.403608023159045,1.0,1.0
119,sequential,4,46.70069495455943,46.70069495455943,6.297086931400387,40.403608023159045,1.0,1.0
120,sequential,4,46.70069495455943,46.70069495455943,6.297086931400387,40.403608023159045,1.0,1.0
121,sequential,4,46.70069495455943,46.70069495455943,6.297086931400387,40.403608023159045,1.0,1.0
122,sequential,4,46.70069495455943,46.70069495455943,6.297086931400387,40.403608023159045,1.0,1.0
123,sequential,4,46.70069495455943,46.70069495455943,6.297086931400387,40.403608023159045,1.0,1.0
124,sequential,4,46.70069495455943,46.70069495455943,6.297086931400387,40.403608023159045,1.0,1.0
125,sequential,4,46.70069495455943,46.70069495455943,6.297086931400387,40.403608023159045,1.0,1.0
126,sequential,4,46.70069495455943,46.70069495455943,6.297086931400387,40.403608023159045,1.0,1.0
127,sequential,4,46.70069495455943,46.70069495455943,6.297086931400387,40.403608023159045,1.0,1.0
128,sequential,4,46.70069495455943,46.70069495455943,6.297086931400387,40.403608023159045,1.0,1.0
129,sequential,4,46.70069495455943,46.70069495455943,6.297086931400387,40.403608023159045,1.0,1.0
130,sequential,4,46.70069495455943,46.70069495455943,6.297086931400387,40.403608023159045,1.0,1.0
131,sequential,4,46.70069495455943,46.70069495455943,6.297086931400387,40.403608023159045,1.0,1.0
132,sequential,4,46.70069495455943,46.70069495455943,6.297086931400387,40.403608023159045,1.0,1.0
133,sequential,4,46.70069495455943,46.70069495455943,6.297086931400387,40.403608023159045,1.0,1.0
134,sequential,4,46.70069495455943,46.70069495455943,6.297086931400387,40.403608023159045,1.0,1.0
135,sequential,4,46.70069495455943,46.70069495455943,6.297086931400387,40.403608023159045,1.0,1.0
136,sequential,4,46.70069495455943,46.70069495455943,6.297086931400387,40.403608023159045,1.0,1.0
137,sequential,4,46.70069495455943,46.70069495455943,6.297086931400387,40.403608023159045,1.0,1.0
138,sequential,4,46.70069495455943,46.70069495455943,6.297086931400387,40.403608023159045,1.0,1.0
139,sequential,4,46.70069495455943,46.70069495455943,6.297086931400387,40.403608023159045,1.0,1.0
140,sequential,4,46.70069495455943,46.70069495455943,6.297086931400387,40.403608023159045,1.0,1.0
141,sequential,4,46.70069495455943,46.70069495455943,6.297086931400387,40.403608023159045,1.0,1.0
142,sequential,4,46.70069495455943,46.70069495455943,6.297086931400387,40.403608023159045,1.0,1.0
143,sequential,4,46.70069495455943,46.70069495455943,6.297086931400387,40.403608023159045,1.0,1.0
144,sequential,4,46.70069495455943,46.70069495455943,6.297086931400387,40.403608023159045,1.0,1.0
145,sequential,4,46.70069495455943,46.70069495455943,6.297086931400387,40.403608023159045,1.0,1.0
146,sequential,4,46.70069495455943,46.70069495455943,6.297086931400387,40.403608023159045,1.0,1.0
147,sequential,4,46.70069495455943,46.70069495455943,6.297086931400387,40.403608023159045,1.0,1.0
148,sequential,4,46.70069495455943,46.70069495455943,6.297086931400387,40.403608023159045,1.0,1.0
149,sequential,4,46.70069495455943,46.70069495455943,6.297086931400387,40.403608023159045,1.0,1.0
150,sequential,4,46.70069495455943,46.70069495455943,6.297086931400387,40.403608023159045,1.0,1.0
151,sequential,4,46.70069495455943,46.70069495455943,6.297086931400387,40.403608023159045,1.0,1.0
152,sequential,4,46.70069495455943,46.70069495455943,6.297086931400387,40.403608023159045,1.0,1.0
153,sequential,4,46.70069495455943,46.70069495455943,6.297086931400387,40.403608023159045,1.0,1.0
154,sequential,4,46.70069495455943,46.70069495455943,6.297086931400387,40.403608023159045,1.0,1.0
155,sequential,4,46.70069495455943,46.70069495455943,6.297086931400387,40.403608023159045,1.0,1.0
156,sequential,4,46.70069495455943,46.70069495455943,6.297086931400387,40.403608023159045,1.0,1.0
157,sequential,4,46.70069495455943,46.70069495455943,6.297086931400387,40.403608023159045,1.0,1.0
158,sequential,4,46.70069495455943,46.70069495455943,6.297086931400387,40.403608023159045,1.0,1.0
159,sequential,4,46.70069495455943,46.70069495455943,6.297086931400387,40.403608023159045,1.0,1.0
160,sequential,4,46.70069495455943,46.70069495455943,6.297086931400387,40.403608023159045,1.0,1.0
161,sequential,4,46.70069495455943,46.70069495455943,6.297086931400387,40.403608023159045,1.0,1.0
162,sequential,4,46.70069495455943,46.70069495455943,6.297086931400387,40.403608023159045,1.0,1.0
163,sequential,4,46.70069495455943,46.70069495455943,6.297086931400387,40.403608023159045,1.0,1.0
164,sequential,4,46.70069495455943,46.70069495455943,6.297086931400387,40.403608023159045,1.0,1.0
165,sequential,4,46.70069495455943,46.70069495455943,6.297086931400387,40.403608023159045,1.0,1.0
166,sequential,4,46.70069495455943,46.70069495455943,6.297086931400387,40.403608023159045,1.0,1.0
167,sequential,4,46.70069495455943,46.70069495455943,6.297086931400387,40.403608023159045,1.0,1.0
168,sequential,4,46.70069495455943,46.70069495455943,6.297086931400387,40.403608023159045,1.0,1.0
169,sequential,4,46.70069495455943,46.70069495455943,6.297086931400387,40.403608023159045,1.0,1.0
170,sequential,4,46.70069495455943,46.70069495455943,6.297086931400387,40.403608023159045,1.0,1.0
171,sequential,4,46.70069495455943,46.70069495455943,6.297086931400387,40.403608023159045,1.0,1.0
172,sequential,4,46.70069495455943,46.70069495455943,6.297086931400387,40.403608023159045,1.0,1.0
173,sequential,4,46.70069495455943,46.70069495455943,6.297086931400387,40.403608023159045,1.0,1.0
174,sequential,4,46.70069495455943,46.70069495455943,6.297086931400387,40.403608023159045,1.0,1.0
175,sequential,4,46.70069495455943,46.70069495455943,6.297086931400387,40.403608023159045,1.0,1.0
176,sequential,4,46.70069495455943,46.70069495455943,6.297086931400387,40.403608023159045,1.0,1.0
177,sequential,4,46.70069495455943,46.70069495455943,6.297086931400387,40.403608023159045,1.0,1.0
178,sequential,4,46.70069495455943,46.70069495455943,6.297086931400387,40.403608023159045,1.0,1.0
179,sequential,4,46.70069495455943,46.70069495455943,6.297086931400387,40.403608023159045,1.0,1.0
180,sequential,4,46.70069495455943,46.70069495455943,6.297086931400387,40.403608023159045,1.0,1.0
181,sequential,4,46.70069495455943,46.70069495455943,6.297086931400387,40.403608023159045,1.0,1.0
182,sequential,4,46.70069495455943,46.70069495455943,6.297086931400387,40.403608023159045,1.0,1.0
183,sequential,4,46.70069495455943,46.70069495455943,6.297086931400387,40.403608023159045,1.0,1.0
184,sequential,4,46.70069495455943,46.70069495455943,6.297086931400387,40.403608023159045,1.0,1.0
185,sequential,4,46.70069495455943,46.70069495455943,6.297086931400387,40.403608023159045,1.0,1.0
186,sequential,4,46.70069495455943,46.70069495455943,6.297086931400387,40.403608023159045,1.0,1.0
187,sequential,4,46.70069495455943,46.70069495455943,6.297086931400387,40.403608023159045,1.0,1.0
188,sequential,4,46.70069495455943,46.70069495455943,6.297086931400387,40.403608023159045,1.0,1.0
189,sequential,4,46.70069495455943,46.70069495455943,6.297086931400387,40.403608023159045,1.0,1.0
190,sequential,4,46.70069495455943,46.70069495455943,6.297086931400387,40.403608023159045,1.0,1.0
191,sequential,4,46.70069495455943,46.70069495455943,6.297086931400387,40.403608023159045,1.0,1.0
192,sequential,4,46.70069495455943,46.70069495455943,6.297086931400387,40.403608023159045,1.0,1.0
193,sequential,4,46.70069495455943,46.70069495455943,6.297086931400387,40.403608023159045,1.0,1.0
194,sequential,4,46.70069495455943,46.70069495455943,6.297086931400387,40.403608023159045,1.0,1.0
195,sequential,4,46.70069495455943,46.70069495455943,6.297086931400387,40.403608023159045,1.0,1.0
196,sequential,4,46.70069495455943,46.70069495455943,6.297086931400387,40.403608023159045,1.0,1.0
197,sequential,4,46.70069495455943,46.70069495455943,6.297086931400387,40.403608023159045,1.0,1.0
198,sequential,4,46.70069495455943,46.70069495455943,6.297086931400387,40.403608023159045,1.0,1.0
199,sequential,4,46.70069495455943,46.70069495455943,6.297086931400387,40.403608023159045,1.0,1.0
200,sequential,4,46.70069495455943,46.70069495455943,6.297086931400387,40.403608023159045,1.0,1.0
201,sequential,4,46.70069495455943,46.70069495455943,6.297086931400387,40.403608023159045,1.0,1.0
202,sequential,4,46.70069495455943,46.70069495455943,6.297086931400387,40.403608023159045,1.0,1.0
203,sequential,4,46.70069495455943,46.70069495455943,6.297086931400387,40.403608023159045,1.0,1.0
204,sequential,4,46.70069495455943,46.70069495455943,6.297086931400387,40.403608023159045,1.0,1.0
205,sequential,4,46.70069495455943,46.70069495455943,6.297086931400387,40.403608023159045,1.0,1.0
206,sequential,4,46.70069495455943,46.70069495455943,6.297086931400387,40.403608023159045,1.0,1.0
207,sequential,4,46.70069495455943,46.70069495455943,6.297086931400387,40.403608023159045,1.0,1.0
208,sequential,4,46.70069495455943,46.70069495455943,6.297086931400387,40.403608023159045,1.0,1.0
209,sequential,4,46.70069495455943,46.70069495455943,6.297086931400387,40.403608023159045,1.0,1.0
210,sequential,4,46.70069495455943,46.70069495455943,6.297086931400387,40.403608023159045,1.0,1.0
211,sequential,4,46.70069495455943,46.70069495455943,6.297086931400387,40.403608023159045,1.0,1.0
212,sequential,4,46.70069495455943,46.70069495455943,6.297086931400387,40.403608023159045,1.0,1.0
213,sequential,4,46.70069495455943,46.70069495455943,6.297086931400387,40.403608023159045,1.0,1.0
214,sequential,4,46.70069495455943,46.70069495455943,6.297086931400387,40.403608023159045,1.0,1.0
215,sequential,4,46.70069495455943,46.70069495455943,6.297086931400387,40.403608023159045,1.0,1.0
216,sequential,4,46.70069495455943,46.70069495455943,6.297086931400387,40.403608023159045,1.0,1.0
217,sequential,4,46.70069495455943,46.70069495455943,6.297086931400387,40.403608023159045,1.0,1.0
218,sequential,4,46.70069495455943,46.70069495455943,6.297086931400387,40.403608023159045,1.0,1.0
219,sequential,4,46.70069495455943,46.70069495455943,6.297086931400387,40.403608023159045,1.0,1.0
220,sequential,4,46.70069495455943,46.70069495455943,6.297086931400387,40.403608023159045,1.0,1.0
221,sequential,4,46.70069495455943,46.70069495455943,6.297086931400387,40.403608023159045,1.0,1.0
222,sequential,4,46.70069495455943,46.70069495455943,6.297086931400387,40.403608023159045,1.0,1.0
223,sequential,4,46.70069495455943,46.70069495455943,6.297086931400387,40.403608023159045,1.0,1.0
224,sequential,4,46.70069495455943,46.70069495455943,6.297086931400387,40.403608023159045,1.0,1.0
225,sequential,4,46.70069495455943,46.70069495455943,6.297086931400387,40.403608023159045,1.0,1.0
226,sequential,4,46.70069495455943,46.70069495455943,6.297086931400387,40.403608023159045,1.0,1.0
227,sequential,4,46.70069495455943,46.70069495455943,6.297086931400387,40.403608023159045,1.0,1.0
228,sequential,4,46.70069495455943,46.70069495455943,6.297086931400387,40.403608023159045,1.0,1.0
229,sequential,4,46.70069495455943,46.70069495455943,6.297086931400387,40.403608023159045,1.0,1.0
230,sequential,4,46.70069495455943,46.70069495455943,6.297086931400387,40.403608023159045,1.0,1.0
231,sequential,4,46.70069495455943,46.70069495455943,6.297086931400387,40.403608023159045,1.0,1.0
232,sequential,4,46.70069495455943,46.70069495455943,6.297086931400387,40.403608023159045,1.0,1.0
233,sequential,4,46.70069495455943,46.70069495455943,6.297086931400387,40.403608023159045,1.0,1.0
234,sequential,4,46.70069495455943,46.70069495455943,6.297086931400387,40.403608023159045,1.0,1.0
235,sequential,4,46.70069495455943,46.70069495455943,6.297086931400387,40.403608023159045,1.0,1.0
236,sequential,4,46.70069495455943,46.70069495455943,6.297086931400387,40.403608023159045,1.0,1.0
237,sequential,4,46.70069495455943,46.70069495455943,6.297086931400387,40.403608023159045,1.0,1.0
238,sequential,4,46.70069495455943,46.70069495455943,6.297086931400387,40.403608023159045,1.0,1.0
239,sequential,4,46.70069495455943,46.70069495455943,6.297086931400387,40.403608023159045,1.0,1.0
240,sequential,4,46.70069495455943,46.70069495455943,6.297086931400387,40.403608023159045,1.0,1.0
241,sequential,4,46.70069495455943,46.70069495455943,6.297086931400387,40.403608023159045,1.0,1.0
242,sequential,4,46.70069495455943,46.70069495455943,6.297086931400387,40.403608023159045,1.0,1.0
243,sequential,4,46.70069495455943,46.70069495455943,6.297086931400387,40.403608023159045,1.0,1.0
244,sequential,4,46.70069495455943,46.70069495455943,6.297086931400387,40.403608023159045,1.0,1.0
245,sequential,4,46.70069495455943,46.70069495455943,6.297086931400387,40.403608023159045,1.0,1.0
246,sequential,4,46.70069495455943,46.70069495455943,6.297086931400387,40.403608023159045,1.0,1.0
247,sequential,4,46.70069495455943,46.70069495455943,6.297086931400387,40.403608023159045,1.0,1.0
248,sequential,4,46.70069495455943,46.70069495455943,6.297086931400387,40.403608023159045,1.0,1.0
249,sequential,4,46.70069495455943,46.70069495455943,6.297086931400387,40.403608023159045,1.0,1.0
250,sequential,4,46.70069495455943,46.70069495455943,6.297086931400387,40.403608023159045,1.0,1.0
251,sequential,4,46.70069495455943,46.70069495455943,6.297086931400387,40.403608023159045,1.0,1.0
252,sequential,4,46.70069495455943,46.70069495455943,6.297086931400387,40.403608023159045,1.0,1.0
253,sequential,4,46.70069495455943,46.70069495455943,6.297086931400387,40.403608023159045,1.0,1.0
254,sequential,4,46.70069495455943,46.70069495455943,6.297086931400387,40.403608023159045,1.0,1.0
255,sequential,4,46.70069495455943,46.70069495455943,6.297086931400387,40.403608023159045,1.0,1.0
256,sequential,4,46.70069495455943,46.70069495455943,6.297086931400387,40.403608023159045,1.0,1.0
257,sequential,4,46.70069495455943,46.70069495455943,6.297086931400387,40.403608023159045,1.0,1.0
258,sequential,4,46.70069495455943,46.70069495455943,6.297086931400387,40.403608023159045,1.0,1.0
259,sequential,4,46.70069495455943,46.70069495455943,6.297086931400387,40.403608023159045,1.0,1.0
260,sequential,4,46.70069495455943,46.70069495455943,6.297086931400387,40.403608023159045,1.0,1.0
261,sequential,4,46.70069495455943,46.70069495455943,6.297086931400387,40.403608023159045,1.0,1.0
262,sequential,4,46.70069495455943,46.70069495455943,6.297086931400387,40.403608023159045,1.0,1.0
263,sequential,4,46.70069495455943,46.70069495455943,6.297086931400387,40.403608023159045,1.0,1.0
264,sequential,4,46.70069495455943,46.70069495455943,6.297086931400387,40.403608023159045,1.0,1.0
265,sequential,4,46.70069495455943,46.70069495455943,6.297086931400387,40.403608023159045,1.0,1.0
266,sequential,4,46.70069495455943,46.70069495455943,6.297086931400387,40.403608023159045,1.0,1.0
267,sequential,4,46.70069495455943,46.70069495455943,6.297086931400387,40.403608023159045,1.0,1.0
268,sequential,4,46.70069495455943,46.70069495455943,6.297086931400387,40.403608023159045,1.0,1.0
269,sequential,4,46.70069495455943,46.70069495455943,6.297086931400387,40.403608023159045,1.0,1.0
270,sequential,4,46.70069495455943,46.70069495455943,6.297086931400387,40.403608023159045,1.0,1.0
271,sequential,4,46.70069495455943,46.70069495455943,6.297086931400387,40.403608023159045,1.0,1.0
272,sequential,4,46.70069495455943,46.70069495455943,6.297086931400387,40.403608023159045,1.0,1.0
273,sequential,4,46.70069495455943,46.70069495455943,6.297086931400387,40.403608023159045,1.0,1.0
274,sequential,4,46.70069495455943,46.70069495455943,6.297086931400387,40.403608023159045,1.0,1.0
275,sequential,4,46.70069495455943,46.70069495455943,6.297086931400387,40.403608023159045,1.0,1.0
276,sequential,4,46.70069495455943,46.70069495455943,6.297086931400387,40.403608023159045,1.0,1.0
277,sequential,4,46.70069495455943,46.70069495455943,6.297086931400387,40.403608023159045,1.0,1.0
278,sequential,4,46.70069495455943,46.70069495455943,6.297086931400387,40.403608023159045,1.0,1.0
279,sequential,4,46.70069495455943,46.70069495455943,6.297086931400387,40.403608023159045,1.0,1.0
280,sequential,4,46.70069495455943,46.70069495455943,6.297086931400387,40.403608023159045,1.0,1.0
281,sequential,4,46.70069495455943,46.70069495455943,6.297086931400387,40.403608023159045,1.0,1.0
282,sequential,4,46.70069495455943,46.70069495455943,6.297086931400387,40.403608023159045,1.0,1.0
283,sequential,4,46.70069495455943,46.70069495455943,6.297086931400387,40.403608023159045,1.0,1.0
284,sequential,4,46.70069495455943,46.70069495455943,6.297086931400387,40.403608023159045,1.0,1.0
285,sequential,4,46.70069495455943,46.70069495455943,6.297086931400387,40.403608023159045,1.0,1.0
286,sequential,4,46.70069495455943,46.70069495455943,6.297086931400387,40.403608023159045,1.0,1.0
287,sequential,4,46.70069495455943,46.70069495455943,6.297086931400387,40.403608023159045,1.0,1.0
288,sequential,4,46.70069495455943,46.70069495455943,6.297086931400387,40.403608023159045,1.0,1.0
289,sequential,4,46.70069495455943,46.70069495455943,6.297086931400387,40.403608023159045,1.0,1.0
290,sequential,4,46.70069495455943,46.70069495455943,6.297086931400387,40.403608023159045,1.0,1.0
291,sequential,4,46.70069495455943,46.70069495455943,6.297086931400387,40.403608023159045,1.0,1.0
292,sequential,4,46.70069495455943,46.70069495455943,6.297086931400387,40.403608023159045,1.0,1.0
293,sequential,4,46.70069495455943,46.70069495455943,6.297086931400387,40.403608023159045,1.0,1.0
294,sequential,4,46.70069495455943,46.70069495455943,6.297086931400387,40.403608023159045,1.0,1.0
295,sequential,4,46.70069495455943,46.70069495455943,6.297086931400387,40.403608023159045,1.0,1.0
296,sequential,4,46.70069495455943,46.70069495455943,6.297086931400387,40.403608023159045,1.0,1.0
297,sequential,4,46.70069495455943,46.70069495455943,6.297086931400387,40.403608023159045,1.0,1.0
298,sequential,4,46.70069495455943,46.70069495455943,6.297086931400387,40.403608023159045,1.0,1.0
299,sequential,4,46.70069495455943,46.70069495455943,6.297086931400387,40.403608023159045,1.0,1.0
300,sequential,4,46.70069495455943,46.70069495455943,6.297086931400387,40.403608023159045,1.0,1.0
301,sequential,4,46.70069495455943,46.70069495455943,6.297086931400387,40.403608023159045,1.0,1.0
302,sequential,4,46.70069495455943,46.70069495455943,6.297086931400387,40.403608023159045,1.0,1.0
303,sequential,4,46.70069495455943,46.70069495455943,6.297086931400387,40.403608023159045,1.0,1.0
304,sequential,4,46.70069495455943,46.70069495455943,6.297086931400387,40.403608023159045,1.0,1.0
305,sequential,4,46.70069495455943,46.70069495455943,6.297086931400387,40.403608023159045,1.0,1.0
306,sequential,4,46.70069495455943,46.70069495455943,6.297086931400387,40.403608023159045,1.0,1.0
307,sequential,4,46.70069495455943,46.70069495455943,6.297086931400387,40.403608023159045,1.0,1.0
308,sequential,4,46.70069495455943,46.70069495455943,6.297086931400387,40.403608023159045,1.0,1.0
309,sequential,4,46.70069495455943,46.70069495455943,6.297086931400387,40.403608023159045,1.0,1.0
310,sequential,4,46.70069495455943,46.70069495455943,6.297086931400387,40.403608023159045,1.0,1.0
311,sequential,4,46.70069495455943,46.70069495455943,6.297086931400387,40.403608023159045,1.0,1.0
312,sequential,4,46.70069495455943,46.70069495455943,6.297086931400387,40.403608023159045,1.0,1.0
313,sequential,4,46.70069495455943,46.70069495455943,6.297086931400387,40.403608023159045,1.0,1.0
314,sequential,4,46.70069495455943,46.70069495455943,6.297086931400387,40.403608023159045,1.0,1.0
315,sequential,4,46.70069495455943,46.70069495455943,6.297086931400387,40.403608023159045,1.0,1.0
316,sequential,4,46.70069495455943,46.70069495455943,6.297086931400387,40.403608023159045,1.0,1.0
317,sequential,4,46.70069495455943,46.70069495455943,6.297086931400387,40.403608023159045,1.0,1.0
318,sequential,4,46.70069495455943,46.70069495455943,6.297086931400387,40.403608023159045,1.0,1.0
319,sequential,4,46.70069495455943,46.70069495455943,6.297086931400387,40.403608023159045,1.0,1.0
320,sequential,4,46.70069495455943,46.70069495455943,6.297086931400387,40.403608023159045,1.0,1.0
321,sequential,4,46.70069495455943,46.70069495455943,6.297086931400387,40.403608023159045,1.0,1.0
322,sequential,4,46.70069495455943,46.70069495455943,6.297086931400387,40.403608023159045,1.0,1.0
323,sequential,4,46.70069495455943,46.70069495455943,6.297086931400387,40.403608023159045,1.0,1.0
324,sequential,4,46.70069495455943,46.70069495455943,6.297086931400387,40.403608023159045,1.0,1.0
325,sequential,4,46.70069495455943,46.70069495455943,6.297086931400387,40.403608023159045,1.0,1.0
326,sequential,4,46.70069495455943,46.70069495455943,6.297086931400387,40.403608023159045,1.0,1.0
327,sequential,4,46.70069495455943,46.70069495455943,6.297086931400387,40.403608023159045,1.0,1.0
328,sequential,4,46.70069495455943,46.70069495455943,6.297086931400387,40.403608023159045,1.0,1.0
329,sequential,4,46.70069495455943,46.70069495455943,6.297086931400387,40.403608023159045,1.0,1.0
330,sequential,4,46.70069495455943,46.70069495455943,6.297086931400387,40.403608023159045,1.0,1.0
331,sequential,4,46.70069495455943,46.70069495455943,6.297086931400387,40.403608023159045,1.0,1.0
332,sequential,4,46.70069495455943,46.70069495455943,6.297086931400387,40.403608023159045,1.0,1.0
333,sequential,4,46.70069495455943,46.70069495455943,6.297086931400387,40.403608023159045,1.0,1.0
334,sequential,4,46.70069495455943,46.70069495455943,6.297086931400387,40.403608023159045,1.0,1.0
335,sequential,4,46.70069495455943,46.70069495455943,6.297086931400387,40.403608023159045,1.0,1.0
336,sequential,4,46.70069495455943,46.70069495455943,6.297086931400387,40.403608023159045,1.0,1.0
337,sequential,4,46.70069495455943,46.70069495455943,6.297086931400387,40.403608023159045,1.0,1.0
338,sequential,4,46.70069495455943,46.70069495455943,6.297086931400387,40.403608023159045,1.0,1.0
339,sequential,4,46.70069495455943,46.70069495455943,6.297086931400387,40.403608023159045,1.0,1.0
340,sequential,4,46.70069495455943,46.70069495455943,6.297086931400387,40.403608023159045,1.0,1.0
341,sequential,4,46.70069495455943,46.70069495455943,6.297086931400387,40.403608023159045,1.0,1.0
342,sequential,4,46.70069495455943,46.70069495455943,6.297086931400387,40.403608023159045,1.0,1.0
343,sequential,4,46.70069495455943,46.70069495455943,6.297086931400387,40.403608023159045,1.0,1.0
344,sequential,4,46.70069495455943,46.70069495455943,6.297086931400387,40.403608023159045,1.0,1.0
345,sequential,4,46.70069495455943,46.70069495455943,6.297086931400387,40.403608023159045,1.0,1.0
346,sequential,4,46.70069495455943,46.70069495455943,6.297086931400387,40.403608023159045,1.0,1.0
347,sequential,4,46.70069495455943,46.70069495455943,6.297086931400387,40.403608023159045,1.0,1.0
348,sequential,4,46.70069495455943,46.70069495455943,6.297086931400387,40.403608023159045,1.0,1.0
349,sequential,4,46.70069495455943,46.70069495455943,6.297086931400387,40.403608023159045,1.0,1.0
350,sequential,4,46.70069495455943,46.70069495455943,6.297086931400387,40.403608023159045,1.0,1.0
351,sequential,4,46.70069495455943,46.70069495455943,6.297086931400387,40.403608023159045,1.0,1.0
352,sequential,4,46.70069495455943,46.70069495455943,6.297086931400387,40.403608023159045,1.0,1.0
353,sequential,4,46.70069495455943,46.70069495455943,6.297086931400387,40.403608023159045,1.0,1.0
354,sequential,4,46.70069495455943,46.70069495455943,6.297086931400387,40.403608023159045,1.0,1.0
355,sequential,4,46.70069495455943,46.70069495455943,6.297086931400387,40.403608023159045,1.0,1.0
356,sequential,4,46.70069495455943,46.70069495455943,6.297086931400387,40.403608023159045,1.0,1.0
357,sequential,4,46.70069495455943,46.70069495455943,6.297086931400387,40.403608023159045,1.0,1.0
358,sequential,4,46.70069495455943,46.70069495455943,6.297086931400387,40.403608023159045,1.0,1.0
359,sequential,4,46.70069495455943,46.70069495455943,6.297086931400387,40.403608023159045,1.0,1.0
360,sequential,4,46.70069495455943,46.70069495455943,6.297086931400387,40.403608023159045,1.0,1.0
361,sequential,4,46.70069495455943,46.70069495455943,6.297086931400387,40.403608023159045,1.0,1.0
362,sequential,4,46.70069495455943,46.70069495455943,6.297086931400387,40.403608023159045,1.0,1.0
363,sequential,4,46.70069495455943,46.70069495455943,6.297086931400387,40.403608023159045,1.0,1.0
364,sequential,4,46.70069495455943,46.70069495455943,6.297086931400387,40.403608023159045,1.0,1.0
365,sequential,4,46.70069495455943,46.70069495455943,6.297086931400387,40.403608023159045,1.0,1.0
366,sequential,4,46.70069495455943,46.70069495455943,6.297086931400387,40.403608023159045,1.0,1.0
367,sequential,4,46.70069495455943,46.70069495455943,6.297086931400387,40.403608023159045,1.0,1.0
368,sequential,4,46.70069495455943,46.70069495455943,6.297086931400387,40.403608023159045,1.0,1.0
369,sequential,4,46.70069495455943,46.70069495455943,6.297086931400387,40.403608023159045,1.0,1.0
370,sequential,4,46.70069495455943,46.70069495455943,6.297086931400387,40.403608023159045,1.0,1.0
371,sequential,4,46.70069495455943,46.70069495455943,6.297086931400387,40.403608023159045,1.0,1.0
372,sequential,4,46.70069495455943,46.70069495455943,6.297086931400387,40.403608023159045,1.0,1.0
373,sequential,4,46.70069495455943,46.70069495455943,6.297086931400387,40.403608023159045,1.0,1.0
374,sequential,4,46.70069495455943,46.70069495455943,6.297086931400387,40.403608023159045,1.0,1.0
375,sequential,4,46.70069495455943,46.70069495455943,6.297086931400387,40.403608023159045,1.0,1.0
376,sequential,4,46.70069495455943,46.70069495455943,6.297086931400387,40.403608023159045,1.0,1.0
377,sequential,4,46.70069495455943,46.70069495455943,6.297086931400387,40.403608023159045,1.0,1.0
378,sequential,4,46.70069495455943,46.70069495455943,6.297086931400387,40.403608023159045,1.0,1.0
379,sequential,4,46.70069495455943,46.70069495455943,6.297086931400387,40.403608023159045,1.0,1.0
380,sequential,4,46.70069495455943,46.70069495455943,6.297086931400387,40.403608023159045,1.0,1.0
381,sequential,4,46.70069495455943,46.70069495455943,6.297086931400387,40.403608023159045,1.0,1.0
382,sequential,4,46.70069495455943,46.70069495455943,6.297086931400387,40.403608023159045,1.0,1.0
383,sequential,4,46.70069495455943,46.70069495455943,6.297086931400387,40.403608023159045,1.0,1.0
384,sequential,4,46.70069495455943,46.70069495455943,6.297086931400387,40.403608023159045,1.0,1.0
385,sequential,4,46.70069495455943,46.70069495455943,6.297086931400387,40.403608023159045,1.0,1.0
386,sequential,4,46.70069495455943,46.70069495455943,6.297086931400387,40.403608023159045,1.0,1.0
387,sequential,4,46.70069495455943,46.70069495455943,6.297086931400387,40.403608023159045,1.0,1.0
388,sequential,4,46.70069495455943,46.70069495455943,6.297086931400387,40.403608023159045,1.0,1.0
389,sequential,4,46.70069495455943,46.70069495455943,6.297086931400387,40.403608023159045,1.0,1.0
390,sequential,4,46.70069495455943,46.70069495455943,6.297086931400387,40.403608023159045,1.0,1.0
391,sequential,4,46.70069495455943,46.70069495455943,6.297086931400387,40.403608023159045,1.0,1.0
392,sequential,4,46.70069495455943,46.70069495455943,6.297086931400387,40.403608023159045,1.0,1.0
393,sequential,4,46.70069495455943,46.70069495455943,6.297086931400387,40.403608023159045,1.0,1.0
394,sequential,4,46.70069495455943,46.70069495455943,6.297086931400387,40.403608023159045,1.0,1.0
395,sequential,4,46.70069495455943,46.70069495455943,6.297086931400387,40.403608023159045,1.0,1.0
396,sequential,4,46.70069495455943,46.70069495455943,6.297086931400387,40.403608023159045,1.0,1.0
397,sequential,4,46.70069495455943,46.70069495455943,6.297086931400387,40.403608023159045,1.0,1.0
398,sequential,4,46.70069495455943,46.70069495455943,6.297086931400387,40.403608023159045,1.0,1.0
399,sequential,4,46.70069495455943,46.70069495455943,6.297086931400387,40.403608023159045,1.0,1.0
400,sequential,4,46.70069495455943,46.70069495455943,6.297086931400387,40.403608023159045,1.0,1.0
401,sequential,4,46.70069495455943,46.70069495455943,6.297086931400387,40.403608023159045,1.0,1.0
402,sequential,4,46.70069495455943,46.70069495455943,6.297086931400387,40.403608023159045,1.0,1.0
403,sequential,4,46.70069495455943,46.70069495455943,6.297086931400387,40.403608023159045,1.0,1.0
404,sequential,4,46.70069495455943,46.70069495455943,6.297086931400387,40.403608023159045,1.0,1.0
405,sequential,4,46.70069495455943,46.70069495455943,6.297086931400387,40.403608023159045,1.0,1.0
406,sequential,4,46.70069495455943,46.70069495455943,6.297086931400387,40.403608023159045,1.0,1.0
407,sequential,4,46.70069495455943,46.70069495455943,6.297086931400387,40.403608023159045,1.0,1.0
408,sequential,4,46.70069495455943,46.70069495455943,6.297086931400387,40.403608023159045,1.0,1.0
409,sequential,4,46.70069495455943,46.70069495455943,6.297086931400387,40.403608023159045,1.0,1.0
410,sequential,4,46.70069495455943,46.70069495455943,6.297086931400387,40.403608023159045,1.0,1.0
411,sequential,4,46.70069495455943,46.70069495455943,6.297086931400387,40.403608023159045,1.0,1.0
412,sequential,4,46.70069495455943,46.70069495455943,6.297086931400387,40.403608023159045,1.0,1.0
413,sequential,4,46.70069495455943,46.70069495455943,6.297086931400387,40.403608023159045,1.0,1.0
414,sequential,4,46.70069495455943,46.70069495455943,6.297086931400387,40.403608023159045,1.0,1.0
415,sequential,4,46.70069495455943,46.70069495455943,6.297086931400387,40.403608023159045,1.0,1.0
416,sequential,4,46.70069495455943,46.70069495455943,6.297086931400387,40.403608023159045,1.0,1.0
417,sequential,4,46.70069495455943,46.70069495455943,6.297086931400387,40.403608023159045,1.0,1.0
418,sequential,4,46.70069495455943,46.70069495455943,6.297086931400387,40.403608023159045,1.0,1.0
419,sequential,4,46.70069495455943,46.70069495455943,6.297086931400387,40.403608023159045,1.0,1.0
420,sequential,4,46.70069495455943,46.70069495455943,6.297086931400387,40.403608023159045,1.0,1.0
421,sequential,4,46.70069495455943,46.70069495455943,6.297086931400387,40.403608023159045,1.0,1.0
422,sequential,4,46.70069495455943,46.70069495455943,6.297086931400387,40.403608023159045,1.0,1.0
423,sequential,4,46.70069495455943,46.70069495455943,6.297086931400387,40.403608023159045,1.0,1.0
424,sequential,4,46.70069495455943,46.70069495455943,6.297086931400387,40.403608023159045,1.0,1.0
425,sequential,4,46.70069495455943,46.70069495455943,6.297086931400387,40.403608023159045,1.0,1.0
426,sequential,4,46.70069495455943,46.70069495455943,6.297086931400387,40.403608023159045,1.0,1.0
427,sequential,4,46.70069495455943,46.70069495455943,6.297086931400387,40.403608023159045,1.0,1.0
428,sequential,4,46.70069495455943,46.70069495455943,6.297086931400387,40.403608023159045,1.0,1.0
429,sequential,4,46.70069495455943,46.70069495455943,6.297086931400387,40.403608023159045,1.0,1.0
430,sequential,4,46.70069495455943,46.70069495455943,6.297086931400387,40.403608023159045,1.0,1.0
431,sequential,4,46.70069495455943,46.70069495455943,6.297086931400387,40.403608023159045,1.0,1.0
432,sequential,4,46.70069495455943,46.70069495455943,6.297086931400387,40.403608023159045,1.0,1.0
433,sequential,4,46.70069495455943,46.70069495455943,6.297086931400387,40.403608023159045,1.0,1.0
434,sequential,4,46.70069495455943,46.70069495455943,6.297086931400387,40.403608023159045,1.0,1.0
435,sequential,4,46.70069495455943,46.70069495455943,6.297086931400387,40.403608023159045,1.0,1.0
436,sequential,4,46.70069495455943,46.70069495455943,6.297086931400387,40.403608023159045,1.0,1.0
437,sequential,4,46.70069495455943,46.70069495455943,6.297086931400387,40.403608023159045,1.0,1.0
438,sequential,4,46.70069495455943,46.70069495455943,6.297086931400387,40.403608023159045,1.0,1.0
439,sequential,4,46.70069495455943,46.70069495455943,6.297086931400387,40.403608023159045,1.0,1.0
440,sequential,4,46.70069495455943,46.70069495455943,6.297086931400387,40.403608023159045,1.0,1.0
441,sequential,4,46.70069495455943,46.70069495455943,6.297086931400387,40.403608023159045,1.0,1.0
442,sequential,4,46.70069495455943,46.70069495455943,6.297086931400387,40.403608023159045,1.0,1.0
443,sequential,4,46.70069495455943,46.70069495455943,6.297086931400387,40.403608023159045,1.0,1.0
444,sequential,4,46.70069495455943,46.70069495455943,6.297086931400387,40.403608023159045,1.0,1.0
445,sequential,4,46.70069495455943,46.70069495455943,6.297086931400387,40.403608023159045,1.0,1.0
446,sequential,4,46.70069495455943,46.70069495455943,6.297086931400387,40.403608023159045,1.0,1.0
447,sequential,4,46.70069495455943,46.70069495455943,6.297086931400387,40.403608023159045,1.0,1.0
448,sequential,4,46.70069495455943,46.70069495455943,6.297086931400387,40.403608023159045,1.0,1.0
449,sequential,4,46.70069495455943,46.70069495455943,6.297086931400387,40.403608023159045,1.0,1.0
450,sequential,4,46.70069495455943,46.70069495455943,6.297086931400387,40.403608023159045,1.0,1.0
451,sequential,4,46.70069495455943,46.70069495455943,6.297086931400387,40.403608023159045,1.0,1.0
452,sequential,4,46.70069495455943,46.70069495455943,6.297086931400387,40.403608023159045,1.0,1.0
453,sequential,4,46.70069495455943,46.70069495455943,6.297086931400387,40.403608023159045,1.0,1.0
454,sequential,4,46.70069495455943,46.70069495455943,6.297086931400387,40.403608023159045,1.0,1.0
455,sequential,4,46.70069495455943,46.70069495455943,6.297086931400387,40.403608023159045,1.0,1.0
456,sequential,4,46.70069495455943,46.70069495455943,6.297086931400387,40.403608023159045,1.0,1.0
457,sequential,4,46.70069495455943,46.70069495455943,6.297086931400387,40.403608023159045,1.0,1.0
458,sequential,4,46.70069495455943,46.70069495455943,6.297086931400387,40.403608023159045,1.0,1.0
459,sequential,4,46.70069495455943,46.70069495455943,6.297086931400387,40.403608023159045,1.0,1.0
460,sequential,4,46.70069495455943,46.70069495455943,6.297086931400387,40.403608023159045,1.0,1.0
461,sequential,4,46.70069495455943,46.70069495455943,6.297086931400387,40.403608023159045,1.0,1.0
462,sequential,4,46.70069495455943,46.70069495455943,6.297086931400387,40.403608023159045,1.0,1.0
463,sequential,4,46.70069495455943,46.70069495455943,6.297086931400387,40.403608023159045,1.0,1.0
464,sequential,4,46.70069495455943,46.70069495455943,6.297086931400387,40.403608023159045,1.0,1.0
465,sequential,4,46.70069495455943,46.70069495455943,6.297086931400387,40.403608023159045,1.0,1.0
466,sequential,4,46.70069495455943,46.70069495455943,6.297086931400387,40.403608023159045,1.0,1.0
467,sequential,4,46.70069495455943,46.70069495455943,6.297086931400387,40.403608023159045,1.0,1.0
468,sequential,4,46.70069495455943,46.70069495455943,6.297086931400387,40.403608023159045,1.0,1.0
469,sequential,4,46.70069495455943,46.70069495455943,6.297086931400387,40.403608023159045,1.0,1.0
470,sequential,4,46.70069495455943,46.70069495455943,6.297086931400387,40.403608023159045,1.0,1.0
471,sequential,4,46.70069495455943,46.70069495455943,6.297086931400387,40.403608023159045,1.0,1.0
472,sequential,4,46.70069495455943,46.70069495455943,6.297086931400387,40.403608023159045,1.0,1.0
473,sequential,4,46.70069495455943,46.70069495455943,6.297086931400387,40.403608023159045,1.0,1.0
474,sequential,4,46.70069495455943,46.70069495455943,6.297086931400387,40.403608023159045,1.0,1.0
475,sequential,4,46.70069495455943,46.70069495455943,6.297086931400387,40.403608023159045,1.0,1.0
476,sequential,4,46.70069495455943,46.70069495455943,6.297086931400387,40.403608023159045,1.0,1.0
477,sequential,4,46.70069495455943,46.70069495455943,6.297086931400387,40.403608023159045,1.0,1.0
478,sequential,4,46.70069495455943,46.70069495455943,6.297086931400387,40.403608023159045,1.0,1.0
479,sequential,4,46.70069495455943,46.70069495455943,6.297086931400387,40.403608023159045,1.0,1.0
480,sequential,4,46.70069495455943,46.70069495455943,6.297086931400387,40.403608023159045,1.0,1.0
481,sequential,4,46.70069495455943,46.70069495455943,6.297086931400387,40.403608023159045,1.0,1.0
482,sequential,4,46.70069495455943,46.70069495455943,6.297086931400387,40.403608023159045,1.0,1.0
483,sequential,4,46.70069495455943,46.70069495455943,6.297086931400387,40.403608023159045,1.0,1.0
484,sequential,4,46.70069495455943,46.70069495455943,6.297086931400387,40.403608023159045,1.0,1.0
485,sequential,4,46.70069495455943,46.70069495455943,6.297086931400387,40.403608023159045,1.0,1.0
486,sequential,4,46.70069495455943,46.70069495455943,6.297086931400387,40.403608023159045,1.0,1.0
487,sequential,4,46.70069495455943,46.70069495455943,6.297086931400387,40.403608023159045,1.0,1.0
488,sequential,4,46.70069495455943,46.70069495455943,6.297086931400387,40.403608023159045,1.0,1.0
489,sequential,4,46.70069495455943,46.70069495455943,6.297086931400387,40.403608023159045,1.0,1.0
490,sequential,4,46.70069495455943,46.70069495455943,6.297086931400387,40.403608023159045,1.0,1.0
491,sequential,4,46.70069495455943,46.70069495455943,6.297086931400387,40.403608023159045,1.0,1.0
492,sequential,4,46.70069495455943,46.70069495455943,6.297086931400387,40.403608023159045,1.0,1.0
493,sequential,4,46.70069495455943,46.70069495455943,6.297086931400387,40.403608023159045,1.0,1.0
494,sequential,4,46.70069495455943,46.70069495455943,6.297086931400387,40.403608023159045,1.0,1.0
495,sequential,4,46.70069495455943,46.70069495455943,6.297086931400387,40.403608023159045,1.0,1.0
496,sequential,4,46.70069495455943,46.70069495455943,6.297086931400387,40.403608023159045,1.0,1.0
497,sequential,4,46.70069495455943,46.70069495455943,6.297086931400387,40.403608023159045,1.0,1.0
498,sequential,4,46.70069495455943,46.70069495455943,6.297086931400387,40.403608023159045,1.0,1.0
499,sequential,4,46.70069495455943,46.70069495455943,6.297086931400387,40.403608023159045,1.0,1.0
500,sequential,4,46.70069495455943,46.70069495455943,6.297086931400387,40.403608023159045,1.0,1.0
1,sequential,5,658.6683801733426,658.6683801733426,274.1654350287961,384.5029451445465,1.0,1.0
2,sequential,5,71.1234278129674,71.1234278129674,41.50155852542966,29.62186928753774,1.0,1.0
3,sequential,5,64.23232281359812,64.23232281359812,17.708065576978232,46.52425723661989,1.0,1.0
4,sequential,5,64.23011891446924,64.23011891446924,17.464378290608074,46.76574062386116,1.0,1.0
5,sequential,5,63.675061275559614,63.675061275559614,14.71751635185477,48.957544923704845,1.0,1.0
6,sequential,5,88.10231424358984,88.10231424358984,0.005353158948611852,88.09696108464124,1.0,1.0
7,sequential,5,64.50360939596625,64.50360939596625,22.589440742184934,41.91416865378132,1.0,1.0
8,sequential,5,65.15569787744587,65.15569787744587,10.50123984212631,54.654458035319564,1.0,1.0
9,sequential,5,68.63678148490413,68.63678148490413,31.504200408171517,37.13258107673261,1.0,1.0
10,sequential,5,130.68457124317973,130.68457124317973,7.44760479229799,123.23696645088175,1.0,1.0
11,sequential,5,64.67189628185281,64.67189628185281,4.5777385548693985,60.094157726983404,1.0,1.0
12,sequential,5,50.54051980601022,50.54051980601022,12.84613900344666,37.69438080256356,1.0,1.0
13,sequential,5,36.71082213757483,36.71082213757483,5.575025178877732,31.1357969586971,1.0,1.0
14,sequential,5,20.200213166718676,20.200213166718676,2.4801820715861456,17.72003109513253,1.0,1.0
15,sequential,5,12.715145055425426,12.715145055425426,1.3913470239940722,11.323798031431354,1.0,1.0
16,sequential,5,18.902384998202646,18.902384998202646,2.8836188391273945,16.018766159075252,1.0,1.0
17,sequential,5,5520.614554565303,5520.614554565303,3455.0754091092103,2065.5391454560922,1.0,1.0
18,sequential,5,77.94454919644782,77.94454919644782,53.450843556810916,24.49370563963691,1.0,1.0
19,sequential,5,64.27416539733872,64.27416539733872,17.341233277411014,46.932932119927706,1.0,1.0
20,sequential,5,64.28291709439623,64.28291709439623,17.715749574140585,46.56716752025564,1.0,1.0
21,sequential,5,64.25337347889906,64.25337347889906,17.835348886911305,46.41802459198776,1.0,1.0
22,sequential,5,64.25208007850334,64.25208007850334,18.35813066462836,45.89394941387498,1.0,1.0
23,sequential,5,64.24315695466348,64.24315695466348,17.23153410668779,47.011622847975694,1.0,1.0
24,sequential,5,64.23783732986585,64.23783732986585,17.9052388503512,46.33259847951465,1.0,1.0
25,sequential,5,64.23702792962384,64.23702792962384,17.705484593431045,46.53154333619279,1.0,1.0
26,sequential,5,64.23698241675099,64.23698241675099,17.684801654769895,46.5521807619811,1.0,1.0
27,sequential,5,64.23696375479895,64.23696375479895,17.69262375930934,46.54433999548961,1.0,1.0
28,sequential,5,64.2368911866176,64.2368911866176,17.7294297887457,46.5074613978719,1.0,1.0
29,sequential,5,64.23684726354337,64.23684726354337,17.712808631032303,46.524038632511065,1.0,1.0
30,sequential,5,64.23647710343937,64.23647710343937,17.627730995146955,46.60874610829241,1.0,1.0
31,sequential,5,64.23543435782354,64.23543435782354,17.593507601776434,46.641926756047106,1.0,1.0
32,sequential,5,64.22746728887029,64.22746728887029,17.429938488602975,46.79752880026731,1.0,1.0
33,sequential,5,10150.394026168853,10150.394026168853,1015.2279568637538,9135.1660693051,1.0,1.0
34,sequential,5,447096895379.342,447096895379.342,92416903031.97066,354679992347.37134,1.0,1.0
35,sequential,5,367580020475.4734,367580020475.4734,266261459621.953,101318560853.52037,1.0,1.0
36,sequential,5,13274740375519.574,13274740375519.574,10295838936106.314,2978901439413.26,1.0,1.0
37,sequential,5,105310201943.84213,105310201943.84213,76281967788.68968,29028234155.152454,1.0,1.0
38,sequential,5,7267497613624.055,7267497613624.055,3631791263228.8584,3635706350395.196,1.0,1.0
39,sequential,5,24401650105.98182,24401650105.98182,17677004974.200615,6724645131.781206,1.0,1.0
40,sequential,5,146904246902.71973,146904246902.71973,106410856907.61224,40493389995.10747,1.0,1.0
41,sequential,5,1789970446.7112346,1789970446.7112346,1296865154.661263,493105292.0499717,1.0,1.0
42,sequential,5,55813.59373368411,55813.59373368411,39567.49435948109,16246.09937420302,1.0,1.0
43,sequential,5,64.24495549648137,64.24495549648137,18.23240094559054,46.01255455089083,1.0,1.0
44,sequential,5,64.23761967574583,64.23761967574583,17.70562332638938,46.53199634935645,1.0,1.0
45,sequential,5,64.23761967574583,64.23761967574583,17.70562332638938,46.53199634935645,1.0,1.0
46,sequential,5,64.23761967574583,64.23761967574583,17.70562332638938,46.53199634935645,1.0,1.0
47,sequential,5,64.23761967574583,64.23761967574583,17.70562332638938,46.53199634935645,1.0,1.0
48,sequential,5,64.23761967574583,64.23761967574583,17.70562332638938,46.53199634935645,1.0,1.0
49,sequential,5,64.23761967574583,64.23761967574583,17.70562332638938,46.53199634935645,1.0,1.0
50,sequential,5,64.23761967574583,64.23761967574583,17.70562332638938,46.53199634935645,1.0,1.0
51,sequential,5,64.23761967574583,64.23761967574583,17.70562332638938,46.53199634935645,1.0,1.0
52,sequential,5,64.23761967574583,64.23761967574583,17.70562332638938,46.53199634935645,1.0,1.0
53,sequential,5,64.23761967574583,64.23761967574583,17.70562332638938,46.53199634935645,1.0,1.0
54,sequential,5,64.23761967574583,64.23761967574583,17.70562332638938,46.53199634935645,1.0,1.0
55,sequential,5,64.23761967574583,64.23761967574583,17.70562332638938,46.53199634935645,1.0,1.0
56,sequential,5,64.23761967574583,64.23761967574583,17.70562332638938,46.53199634935645,1.0,1.0
57,sequential,5,64.23761967574583,64.23761967574583,17.70562332638938,46.53199634935645,1.0,1.0
58,sequential,5,64.23761967574583,64.23761967574583,17.70562332638938,46.53199634935645,1.0,1.0
59,sequential,5,64.23761967574583,64.23761967574583,17.70562332638938,46.53199634935645,1.0,1.0
60,sequential,5,64.23761967574583,64.23761967574583,17.70562332638938,46.53199634935645,1.0,1.0
61,sequential,5,64.23761967574583,64.23761967574583,17.70562332638938,46.53199634935645,1.0,1.0
62,sequential,5,64.23761967574583,64.23761967574583,17.70562332638938,46.53199634935645,1.0,1.0
63,sequential,5,64.23761967574583,64.23761967574583,17.70562332638938,46.53199634935645,1.0,1.0
64,sequential,5,64.23761967574583,64.23761967574583,17.70562332638938,46.53199634935645,1.0,1.0
65,sequential,5,64.23761967574583,64.23761967574583,17.70562332638938,46.53199634935645,1.0,1.0
66,sequential,5,64.23761967574583,64.23761967574583,17.70562332638938,46.53199634935645,1.0,1.0
67,sequential,5,64.23761967574583,64.23761967574583,17.70562332638938,46.53199634935645,1.0,1.0
68,sequential,5,64.23761967574583,64.23761967574583,17.70562332638938,46.53199634935645,1.0,1.0
69,sequential,5,64.23761967574583,64.23761967574583,17.70562332638938,46.53199634935645,1.0,1.0
70,sequential,5,64.23761967574583,64.23761967574583,17.70562332638938,46.53199634935645,1.0,1.0
71,sequential,5,64.23761967574583,64.23761967574583,17.70562332638938,46.53199634935645,1.0,1.0
72,sequential,5,64.23761967574583,64.23761967574583,17.70562332638938,46.53199634935645,1.0,1.0
73,sequential,5,64.23761967574583,64.23761967574583,17.70562332638938,46.53199634935645,1.0,1.0
74,sequential,5,64.23761967574583,64.23761967574583,17.70562332638938,46.53199634935645,1.0,1.0
75,sequential,5,64.23761967574583,64.23761967574583,17.70562332638938,46.53199634935645,1.0,1.0
76,sequential,5,64.23761967574583,64.23761967574583,17.70562332638938,46.53199634935645,1.0,1.0
77,sequential,5,64.23761967574583,64.23761967574583,17.70562332638938,46.53199634935645,1.0,1.0
78,sequential,5,64.23761967574583,64.23761967574583,17.70562332638938,46.53199634935645,1.0,1.0
79,sequential,5,64.23761967574583,64.23761967574583,17.70562332638938,46.53199634935645,1.0,1.0
80,sequential,5,64.23761967574583,64.23761967574583,17.70562332638938,46.53199634935645,1.0,1.0
81,sequential,5,64.23761967574583,64.23761967574583,17.70562332638938,46.53199634935645,1.0,1.0
82,sequential,5,64.23761967574583,64.23761967574583,17.70562332638938,46.53199634935645,1.0,1.0
83,sequential,5,64.23761967574583,64.23761967574583,17.70562332638938,46.53199634935645,1.0,1.0
84,sequential,5,64.23761967574583,64.23761967574583,17.70562332638938,46.53199634935645,1.0,1.0
85,sequential,5,64.23761967574583,64.23761967574583,17.70562332638938,46.53199634935645,1.0,1.0
86,sequential,5,64.23761967574583,64.23761967574583,17.70562332638938,46.53199634935645,1.0,1.0
87,sequential,5,64.23761967574583,64.23761967574583,17.70562332638938,46.53199634935645,1.0,1.0
88,sequential,5,64.23761967574583,64.23761967574583,17.70562332638938,46.53199634935645,1.0,1.0
89,sequential,5,64.23761967574583,64.23761967574583,17.70562332638938,46.53199634935645,1.0,1.0
90,sequential,5,64.23761967574583,64.23761967574583,17.70562332638938,46.53199634935645,1.0,1.0
91,sequential,5,64.23761967574583,64.23761967574583,17.70562332638938,46.53199634935645,1.0,1.0
92,sequential,5,64.23761967574583,64.23761967574583,17.70562332638938,46.53199634935645,1.0,1.0
93,sequential,5,64.23761967574583,64.23761967574583,17.70562332638938,46.53199634935645,1.0,1.0
94,sequential,5,64.23761967574583,64.23761967574583,17.70562332638938,46.53199634935645,1.0,1.0
95,sequential,5,64.23761967574583,64.23761967574583,17.70562332638938,46.53199634935645,1.0,1.0
96,sequential,5,64.23761967574583,64.23761967574583,17.70562332638938,46.53199634935645,1.0,1.0
97,sequential,5,64.23761967574583,64.23761967574583,17.70562332638938,46.53199634935645,1.0,1.0
98,sequential,5,64.23761967574583,64.23761967574583,17.70562332638938,46.53199634935645,1.0,1.0
99,sequential,5,64.23761967574583,64.23761967574583,17.70562332638938,46.53199634935645,1.0,1.0
100,sequential,5,64.23761967574583,64.23761967574583,17.70562332638938,46.53199634935645,1.0,1.0
101,sequential,5,64.23761967574583,64.23761967574583,17.70562332638938,46.53199634935645,1.0,1.0
102,sequential,5,64.23761967574583,64.23761967574583,17.70562332638938,46.53199634935645,1.0,1.0
103,sequential,5,64.23761967574583,64.23761967574583,17.70562332638938,46.53199634935645,1.0,1.0
104,sequential,5,64.23761967574583,64.23761967574583,17.70562332638938,46.53199634935645,1.0,1.0
105,sequential,5,64.23761967574583,64.23761967574583,17.70562332638938,46.53199634935645,1.0,1.0
106,sequential,5,64.23761967574583,64.23761967574583,17.70562332638938,46.53199634935645,1.0,1.0
107,sequential,5,64.23761967574583,64.23761967574583,17.70562332638938,46.53199634935645,1.0,1.0
108,sequential,5,64.23761967574583,64.23761967574583,17.70562332638938,46.53199634935645,1.0,1.0
109,sequential,5,64.23761967574583,64.23761967574583,17.70562332638938,46.53199634935645,1.0,1.0
110,sequential,5,64.23761967574583,64.23761967574583,17.70562332638938,46.53199634935645,1.0,1.0
111,sequential,5,64.23761967574583,64.23761967574583,17.70562332638938,46.53199634935645,1.0,1.0
112,sequential,5,64.23761967574583,64.23761967574583,17.70562332638938,46.53199634935645,1.0,1.0
113,sequential,5,64.23761967574583,64.23761967574583,17.70562332638938,46.53199634935645,1.0,1.0
114,sequential,5,64.23761967574583,64.23761967574583,17.70562332638938,46.53199634935645,1.0,1.0
115,sequential,5,64.23761967574583,64.23761967574583,17.70562332638938,46.53199634935645,1.0,1.0
116,sequential,5,64.23761967574583,64.23761967574583,17.70562332638938,46.53199634935645,1.0,1.0
117,sequential,5,64.23761967574583,64.23761967574583,17.70562332638938,46.53199634935645,1.0,1.0
118,sequential,5,64.23761967574583,64.23761967574583,17.70562332638938,46.53199634935645,1.0,1.0
119,sequential,5,64.23761967574583,64.23761967574583,17.70562332638938,46.53199634935645,1.0,1.0
120,sequential,5,64.23761967574583,64.23761967574583,17.70562332638938,46.53199634935645,1.0,1.0
121,sequential,5,64.23761967574583,64.23761967574583,17.70562332638938,46.53199634935645,1.0,1.0
122,sequential,5,64.23761967574583,64.23761967574583,17.70562332638938,46.53199634935645,1.0,1.0
123,sequential,5,64.23761967574583,64.23761967574583,17.70562332638938,46.53199634935645,1.0,1.0
124,sequential,5,64.23761967574583,64.23761967574583,17.70562332638938,46.53199634935645,1.0,1.0
125,sequential,5,64.23761967574583,64.23761967574583,17.70562332638938,46.53199634935645,1.0,1.0
126,sequential,5,64.23761967574583,64.23761967574583,17.70562332638938,46.53199634935645,1.0,1.0
127,sequential,5,64.23761967574583,64.23761967574583,17.70562332638938,46.53199634935645,1.0,1.0
128,sequential,5,64.23761967574583,64.23761967574583,17.70562332638938,46.53199634935645,1.0,1.0
129,sequential,5,64.23761967574583,64.23761967574583,17.70562332638938,46.53199634935645,1.0,1.0
130,sequential,5,64.23761967574583,64.23761967574583,17.70562332638938,46.53199634935645,1.0,1.0
131,sequential,5,64.23761967574583,64.23761967574583,17.70562332638938,46.53199634935645,1.0,1.0
132,sequential,5,64.23761967574583,64.23761967574583,17.70562332638938,46.53199634935645,1.0,1.0
133,sequential,5,64.23761967574583,64.23761967574583,17.70562332638938,46.53199634935645,1.0,1.0
134,sequential,5,64.23761967574583,64.23761967574583,17.70562332638938,46.53199634935645,1.0,1.0
135,sequential,5,64.23761967574583,64.23761967574583,17.70562332638938,46.53199634935645,1.0,1.0
136,sequential,5,64.23761967574583,64.23761967574583,17.70562332638938,46.53199634935645,1.0,1.0
137,sequential,5,64.23761967574583,64.23761967574583,17.70562332638938,46.53199634935645,1.0,1.0
138,sequential,5,64.23761967574583,64.23761967574583,17.70562332638938,46.53199634935645,1.0,1.0
139,sequential,5,64.23761967574583,64.23761967574583,17.70562332638938,46.53199634935645,1.0,1.0
140,sequential,5,64.23761967574583,64.23761967574583,17.70562332638938,46.53199634935645,1.0,1.0
141,sequential,5,64.23761967574583,64.23761967574583,17.70562332638938,46.53199634935645,1.0,1.0
142,sequential,5,64.23761967574583,64.23761967574583,17.70562332638938,46.53199634935645,1.0,1.0
143,sequential,5,64.23761967574583,64.23761967574583,17.70562332638938,46.53199634935645,1.0,1.0
144,sequential,5,64.23761967574583,64.23761967574583,17.70562332638938,46.53199634935645,1.0,1.0
145,sequential,5,64.23761967574583,64.23761967574583,17.70562332638938,46.53199634935645,1.0,1.0
146,sequential,5,64.23761967574583,64.23761967574583,17.70562332638938,46.53199634935645,1.0,1.0
147,sequential,5,64.23761967574583,64.23761967574583,17.70562332638938,46.53199634935645,1.0,1.0
148,sequential,5,64.23761967574583,64.23761967574583,17.70562332638938,46.53199634935645,1.0,1.0
149,sequential,5,64.23761967574583,64.23761967574583,17.70562332638938,46.53199634935645,1.0,1.0
150,sequential,5,64.23761967574583,64.23761967574583,17.70562332638938,46.53199634935645,1.0,1.0
151,sequential,5,64.23761967574583,64.23761967574583,17.70562332638938,46.53199634935645,1.0,1.0
152,sequential,5,64.23761967574583,64.23761967574583,17.70562332638938,46.53199634935645,1.0,1.0
153,sequential,5,64.23761967574583,64.23761967574583,17.70562332638938,46.53199634935645,1.0,1.0
154,sequential,5,64.23761967574583,64.23761967574583,17.70562332638938,46.53199634935645,1.0,1.0
155,sequential,5,64.23761967574583,64.23761967574583,17.70562332638938,46.53199634935645,1.0,1.0
156,sequential,5,64.23761967574583,64.23761967574583,17.70562332638938,46.53199634935645,1.0,1.0
157,sequential,5,64.23761967574583,64.23761967574583,17.70562332638938,46.53199634935645,1.0,1.0
158,sequential,5,64.23761967574583,64.23761967574583,17.70562332638938,46.53199634935645,1.0,1.0
159,sequential,5,64.23761967574583,64.23761967574583,17.70562332638938,46.53199634935645,1.0,1.0
160,sequential,5,64.23761967574583,64.23761967574583,17.70562332638938,46.53199634935645,1.0,1.0
161,sequential,5,64.23761967574583,64.23761967574583,17.70562332638938,46.53199634935645,1.0,1.0
162,sequential,5,64.23761967574583,64.23761967574583,17.70562332638938,46.53199634935645,1.0,1.0
163,sequential,5,64.23761967574583,64.23761967574583,17.70562332638938,46.53199634935645,1.0,1.0
164,sequential,5,64.23761967574583,64.23761967574583,17.70562332638938,46.53199634935645,1.0,1.0
165,sequential,5,64.23761967574583,64.23761967574583,17.70562332638938,46.53199634935645,1.0,1.0
166,sequential,5,64.23761967574583,64.23761967574583,17.70562332638938,46.53199634935645,1.0,1.0
167,sequential,5,64.23761967574583,64.23761967574583,17.70562332638938,46.53199634935645,1.0,1.0
168,sequential,5,64.23761967574583,64.23761967574583,17.70562332638938,46.53199634935645,1.0,1.0
169,sequential,5,64.23761967574583,64.23761967574583,17.70562332638938,46.53199634935645,1.0,1.0
170,sequential,5,64.23761967574583,64.23761967574583,17.70562332638938,46.53199634935645,1.0,1.0
171,sequential,5,64.23761967574583,64.23761967574583,17.70562332638938,46.53199634935645,1.0,1.0
172,sequential,5,64.23761967574583,64.23761967574583,17.70562332638938,46.53199634935645,1.0,1.0
173,sequential,5,64.23761967574583,64.23761967574583,17.70562332638938,46.53199634935645,1.0,1.0
174,sequential,5,64.23761967574583,64.23761967574583,17.70562332638938,46.53199634935645,1.0,1.0
175,sequential,5,64.23761967574583,64.23761967574583,17.70562332638938,46.53199634935645,1.0,1.0
176,sequential,5,64.23761967574583,64.23761967574583,17.70562332638938,46.53199634935645,1.0,1.0
177,sequential,5,64.23761967574583,64.23761967574583,17.70562332638938,46.53199634935645,1.0,1.0
178,sequential,5,64.23761967574583,64.23761967574583,17.70562332638938,46.53199634935645,1.0,1.0
179,sequential,5,64.23761967574583,64.23761967574583,17.70562332638938,46.53199634935645,1.0,1.0
180,sequential,5,64.23761967574583,64.23761967574583,17.70562332638938,46.53199634935645,1.0,1.0
181,sequential,5,64.23761967574583,64.23761967574583,17.70562332638938,46.53199634935645,1.0,1.0
182,sequential,5,64.23761967574583,64.23761967574583,17.70562332638938,46.53199634935645,1.0,1.0
183,sequential,5,64.23761967574583,64.23761967574583,17.70562332638938,46.53199634935645,1.0,1.0
184,sequential,5,64.23761967574583,64.23761967574583,17.70562332638938,46.53199634935645,1.0,1.0
185,sequential,5,64.23761967574583,64.23761967574583,17.70562332638938,46.53199634935645,1.0,1.0
186,sequential,5,64.23761967574583,64.23761967574583,17.70562332638938,46.53199634935645,1.0,1.0
187,sequential,5,64.23761967574583,64.23761967574583,17.70562332638938,46.53199634935645,1.0,1.0
188,sequential,5,64.23761967574583,64.23761967574583,17.70562332638938,46.53199634935645,1.0,1.0
189,sequential,5,64.23761967574583,64.23761967574583,17.70562332638938,46.53199634935645,1.0,1.0
190,sequential,5,64.23761967574583,64.23761967574583,17.70562332638938,46.53199634935645,1.0,1.0
191,sequential,5,64.23761967574583,64.23761967574583,17.70562332638938,46.53199634935645,1.0,1.0
192,sequential,5,64.23761967574583,64.23761967574583,17.70562332638938,46.53199634935645,1.0,1.0
193,sequential,5,64.23761967574583,64.23761967574583,17.70562332638938,46.53199634935645,1.0,1.0
194,sequential,5,64.23761967574583,64.23761967574583,17.70562332638938,46.53199634935645,1.0,1.0
195,sequential,5,64.23761967574583,64.23761967574583,17.70562332638938,46.53199634935645,1.0,1.0
196,sequential,5,64.23761967574583,64.23761967574583,17.70562332638938,46.53199634935645,1.0,1.0
197,sequential,5,64.23761967574583,64.23761967574583,17.70562332638938,46.53199634935645,1.0,1.0
198,sequential,5,64.23761967574583,64.23761967574583,17.70562332638938,46.53199634935645,1.0,1.0
199,sequential,5,64.23761967574583,64.23761967574583,17.70562332638938,46.53199634935645,1.0,1.0
200,sequential,5,64.23761967574583,64.23761967574583,17.70562332638938,46.53199634935645,1.0,1.0
201,sequential,5,64.23761967574583,64.23761967574583,17.70562332638938,46.53199634935645,1.0,1.0
202,sequential,5,64.23761967574583,64.23761967574583,17.70562332638938,46.53199634935645,1.0,1.0
203,sequential,5,64.23761967574583,64.23761967574583,17.70562332638938,46.53199634935645,1.0,1.0
204,sequential,5,64.23761967574583,64.23761967574583,17.70562332638938,46.53199634935645,1.0,1.0
205,sequential,5,64.23761967574583,64.23761967574583,17.70562332638938,46.53199634935645,1.0,1.0
206,sequential,5,64.23761967574583,64.23761967574583,17.70562332638938,46.53199634935645,1.0,1.0
207,sequential,5,64.23761967574583,64.23761967574583,17.70562332638938,46.53199634935645,1.0,1.0
208,sequential,5,64.23761967574583,64.23761967574583,17.70562332638938,46.53199634935645,1.0,1.0
209,sequential,5,64.23761967574583,64.23761967574583,17.70562332638938,46.53199634935645,1.0,1.0
210,sequential,5,64.23761967574583,64.23761967574583,17.70562332638938,46.53199634935645,1.0,1.0
211,sequential,5,64.23761967574583,64.23761967574583,17.70562332638938,46.53199634935645,1.0,1.0
212,sequential,5,64.23761967574583,64.23761967574583,17.70562332638938,46.53199634935645,1.0,1.0
213,sequential,5,64.23761967574583,64.23761967574583,17.70562332638938,46.53199634935645,1.0,1.0
214,sequential,5,64.23761967574583,64.23761967574583,17.70562332638938,46.53199634935645,1.0,1.0
215,sequential,5,64.23761967574583,64.23761967574583,17.70562332638938,46.53199634935645,1.0,1.0
216,sequential,5,64.23761967574583,64.23761967574583,17.70562332638938,46.53199634935645,1.0,1.0
217,sequential,5,64.23761967574583,64.23761967574583,17.70562332638938,46.53199634935645,1.0,1.0
218,sequential,5,64.23761967574583,64.23761967574583,17.70562332638938,46.53199634935645,1.0,1.0
219,sequential,5,64.23761967574583,64.23761967574583,17.70562332638938,46.53199634935645,1.0,1.0
220,sequential,5,64.23761967574583,64.23761967574583,17.70562332638938,46.53199634935645,1.0,1.0
221,sequential,5,64.23761967574583,64.23761967574583,17.70562332638938,46.53199634935645,1.0,1.0
222,sequential,5,64.23761967574583,64.23761967574583,17.70562332638938,46.53199634935645,1.0,1.0
223,sequential,5,64.23761967574583,64.23761967574583,17.70562332638938,46.53199634935645,1.0,1.0
224,sequential,5,64.23761967574583,64.23761967574583,17.70562332638938,46.53199634935645,1.0,1.0
225,sequential,5,64.23761967574583,64.23761967574583,17.70562332638938,46.53199634935645,1.0,1.0
226,sequential,5,64.23761967574583,64.23761967574583,17.70562332638938,46.53199634935645,1.0,1.0
227,sequential,5,64.23761967574583,64.23761967574583,17.70562332638938,46.53199634935645,1.0,1.0
228,sequential,5,64.23761967574583,64.23761967574583,17.70562332638938,46.53199634935645,1.0,1.0
229,sequential,5,64.23761967574583,64.23761967574583,17.70562332638938,46.53199634935645,1.0,1.0
230,sequential,5,64.23761967574583,64.23761967574583,17.70562332638938,46.53199634935645,1.0,1.0
231,sequential,5,64.23761967574583,64.23761967574583,17.70562332638938,46.53199634935645,1.0,1.0
232,sequential,5,64.23761967574583,64.23761967574583,17.70562332638938,46.53199634935645,1.0,1.0
233,sequential,5,64.23761967574583,64.23761967574583,17.70562332638938,46.53199634935645,1.0,1.0
234,sequential,5,64.23761967574583,64.23761967574583,17.70562332638938,46.53199634935645,1.0,1.0
235,sequential,5,64.23761967574583,64.23761967574583,17.70562332638938,46.53199634935645,1.0,1.0
236,sequential,5,64.23761967574583,64.23761967574583,17.70562332638938,46.53199634935645,1.0,1.0
237,sequential,5,64.23761967574583,64.23761967574583,17.70562332638938,46.53199634935645,1.0,1.0
238,sequential,5,64.23761967574583,64.23761967574583,17.70562332638938,46.53199634935645,1.0,1.0
239,sequential,5,64.23761967574583,64.23761967574583,17.70562332638938,46.53199634935645,1.0,1.0
240,sequential,5,64.23761967574583,64.23761967574583,17.70562332638938,46.53199634935645,1.0,1.0
241,sequential,5,64.23761967574583,64.23761967574583,17.70562332638938,46.53199634935645,1.0,1.0
242,sequential,5,64.23761967574583,64.23761967574583,17.70562332638938,46.53199634935645,1.0,1.0
243,sequential,5,64.23761967574583,64.23761967574583,17.70562332638938,46.53199634935645,1.0,1.0
244,sequential,5,64.23761967574583,64.23761967574583,17.70562332638938,46.53199634935645,1.0,1.0
245,sequential,5,64.23761967574583,64.23761967574583,17.70562332638938,46.53199634935645,1.0,1.0
246,sequential,5,64.23761967574583,64.23761967574583,17.70562332638938,46.53199634935645,1.0,1.0
247,sequential,5,64.23761967574583,64.23761967574583,17.70562332638938,46.53199634935645,1.0,1.0
248,sequential,5,64.23761967574583,64.23761967574583,17.70562332638938,46.53199634935645,1.0,1.0
249,sequential,5,64.23761967574583,64.23761967574583,17.70562332638938,46.53199634935645,1.0,1.0
250,sequential,5,64.23761967574583,64.23761967574583,17.70562332638938,46.53199634935645,1.0,1.0
251,sequential,5,64.23761967574583,64.23761967574583,17.70562332638938,46.53199634935645,1.0,1.0
252,sequential,5,64.23761967574583,64.23761967574583,17.70562332638938,46.53199634935645,1.0,1.0
253,sequential,5,64.23761967574583,64.23761967574583,17.70562332638938,46.53199634935645,1.0,1.0
254,sequential,5,64.23761967574583,64.23761967574583,17.70562332638938,46.53199634935645,1.0,1.0
255,sequential,5,64.23761967574583,64.23761967574583,17.70562332638938,46.53199634935645,1.0,1.0
256,sequential,5,64.23761967574583,64.23761967574583,17.70562332638938,46.53199634935645,1.0,1.0
257,sequential,5,64.23761967574583,64.23761967574583,17.70562332638938,46.53199634935645,1.0,1.0
258,sequential,5,64.23761967574583,64.23761967574583,17.70562332638938,46.53199634935645,1.0,1.0
259,sequential,5,64.23761967574583,64.23761967574583,17.70562332638938,46.53199634935645,1.0,1.0
260,sequential,5,64.23761967574583,64.23761967574583,17.70562332638938,46.53199634935645,1.0,1.0
261,sequential,5,64.23761967574583,64.23761967574583,17.70562332638938,46.53199634935645,1.0,1.0
262,sequential,5,64.23761967574583,64.23761967574583,17.70562332638938,46.53199634935645,1.0,1.0
263,sequential,5,64.23761967574583,64.23761967574583,17.70562332638938,46.53199634935645,1.0,1.0
264,sequential,5,64.23761967574583,64.23761967574583,17.70562332638938,46.53199634935645,1.0,1.0
265,sequential,5,64.23761967574583,64.23761967574583,17.70562332638938,46.53199634935645,1.0,1.0
266,sequential,5,64.23761967574583,64.23761967574583,17.70562332638938,46.53199634935645,1.0,1.0
267,sequential,5,64.23761967574583,64.23761967574583,17.70562332638938,46.53199634935645,1.0,1.0
268,sequential,5,64.23761967574583,64.23761967574583,17.70562332638938,46.53199634935645,1.0,1.0
269,sequential,5,64.23761967574583,64.23761967574583,17.70562332638938,46.53199634935645,1.0,1.0
270,sequential,5,64.23761967574583,64.23761967574583,17.70562332638938,46.53199634935645,1.0,1.0
271,sequential,5,64.23761967574583,64.23761967574583,17.70562332638938,46.53199634935645,1.0,1.0
272,sequential,5,64.23761967574583,64.23761967574583,17.70562332638938,46.53199634935645,1.0,1.0
273,sequential,5,64.23761967574583,64.23761967574583,17.70562332638938,46.53199634935645,1.0,1.0
274,sequential,5,64.23761967574583,64.23761967574583,17.70562332638938,46.53199634935645,1.0,1.0
275,sequential,5,64.23761967574583,64.23761967574583,17.70562332638938,46.53199634935645,1.0,1.0
276,sequential,5,64.23761967574583,64.23761967574583,17.70562332638938,46.53199634935645,1.0,1.0
277,sequential,5,64.23761967574583,64.23761967574583,17.70562332638938,46.53199634935645,1.0,1.0
278,sequential,5,64.23761967574583,64.23761967574583,17.70562332638938,46.53199634935645,1.0,1.0
279,sequential,5,64.23761967574583,64.23761967574583,17.70562332638938,46.53199634935645,1.0,1.0
280,sequential,5,64.23761967574583,64.23761967574583,17.70562332638938,46.53199634935645,1.0,1.0
281,sequential,5,64.23761967574583,64.23761967574583,17.70562332638938,46.53199634935645,1.0,1.0
282,sequential,5,64.23761967574583,64.23761967574583,17.70562332638938,46.53199634935645,1.0,1.0
283,sequential,5,64.23761967574583,64.23761967574583,17.70562332638938,46.53199634935645,1.0,1.0
284,sequential,5,64.23761967574583,64.23761967574583,17.70562332638938,46.53199634935645,1.0,1.0
285,sequential,5,64.23761967574583,64.23761967574583,17.70562332638938,46.53199634935645,1.0,1.0
286,sequential,5,64.23761967574583,64.23761967574583,17.70562332638938,46.53199634935645,1.0,1.0
287,sequential,5,64.23761967574583,64.23761967574583,17.70562332638938,46.53199634935645,1.0,1.0
288,sequential,5,64.23761967574583,64.23761967574583,17.70562332638938,46.53199634935645,1.0,1.0
289,sequential,5,64.23761967574583,64.23761967574583,17.70562332638938,46.53199634935645,1.0,1.0
290,sequential,5,64.23761967574583,64.23761967574583,17.70562332638938,46.53199634935645,1.0,1.0
291,sequential,5,64.23761967574583,64.23761967574583,17.70562332638938,46.53199634935645,1.0,1.0
292,sequential,5,64.23761967574583,64.23761967574583,17.70562332638938,46.53199634935645,1.0,1.0
293,sequential,5,64.23761967574583,64.23761967574583,17.70562332638938,46.53199634935645,1.0,1.0
294,sequential,5,64.23761967574583,64.23761967574583,17.70562332638938,46.53199634935645,1.0,1.0
295,sequential,5,64.23761967574583,64.23761967574583,17.70562332638938,46.53199634935645,1.0,1.0
296,sequential,5,64.23761967574583,64.23761967574583,17.70562332638938,46.53199634935645,1.0,1.0
297,sequential,5,64.23761967574583,64.23761967574583,17.70562332638938,46.53199634935645,1.0,1.0
298,sequential,5,64.23761967574583,64.23761967574583,17.70562332638938,46.53199634935645,1.0,1.0
299,sequential,5,64.23761967574583,64.23761967574583,17.70562332638938,46.53199634935645,1.0,1.0
300,sequential,5,64.23761967574583,64.23761967574583,17.70562332638938,46.53199634935645,1.0,1.0
301,sequential,5,64.23761967574583,64.23761967574583,17.70562332638938,46.53199634935645,1.0,1.0
302,sequential,5,64.23761967574583,64.23761967574583,17.70562332638938,46.53199634935645,1.0,1.0
303,sequential,5,64.23761967574583,64.23761967574583,17.70562332638938,46.53199634935645,1.0,1.0
304,sequential,5,64.23761967574583,64.23761967574583,17.70562332638938,46.53199634935645,1.0,1.0
305,sequential,5,64.23761967574583,64.23761967574583,17.70562332638938,46.53199634935645,1.0,1.0
306,sequential,5,64.23761967574583,64.23761967574583,17.70562332638938,46.53199634935645,1.0,1.0
307,sequential,5,64.23761967574583,64.23761967574583,17.70562332638938,46.53199634935645,1.0,1.0
308,sequential,5,64.23761967574583,64.23761967574583,17.70562332638938,46.53199634935645,1.0,1.0
309,sequential,5,64.23761967574583,64.23761967574583,17.70562332638938,46.53199634935645,1.0,1.0
310,sequential,5,64.23761967574583,64.23761967574583,17.70562332638938,46.53199634935645,1.0,1.0
311,sequential,5,64.23761967574583,64.23761967574583,17.70562332638938,46.53199634935645,1.0,1.0
312,sequential,5,64.23761967574583,64.23761967574583,17.70562332638938,46.53199634935645,1.0,1.0
313,sequential,5,64.23761967574583,64.23761967574583,17.70562332638938,46.53199634935645,1.0,1.0
314,sequential,5,64.23761967574583,64.23761967574583,17.70562332638938,46.53199634935645,1.0,1.0
315,sequential,5,64.23761967574583,64.23761967574583,17.70562332638938,46.53199634935645,1.0,1.0
316,sequential,5,64.23761967574583,64.23761967574583,17.70562332638938,46.53199634935645,1.0,1.0
317,sequential,5,64.23761967574583,64.23761967574583,17.70562332638938,46.53199634935645,1.0,1.0
318,sequential,5,64.23761967574583,64.23761967574583,17.70562332638938,46.53199634935645,1.0,1.0
319,sequential,5,64.23761967574583,64.23761967574583,17.70562332638938,46.53199634935645,1.0,1.0
320,sequential,5,64.23761967574583,64.23761967574583,17.70562332638938,46.53199634935645,1.0,1.0
321,sequential,5,64.23761967574583,64.23761967574583,17.70562332638938,46.53199634935645,1.0,1.0
322,sequential,5,64.23761967574583,64.23761967574583,17.70562332638938,46.53199634935645,1.0,1.0
323,sequential,5,64.23761967574583,64.23761967574583,17.70562332638938,46.53199634935645,1.0,1.0
324,sequential,5,64.23761967574583,64.23761967574583,17.70562332638938,46.53199634935645,1.0,1.0
325,sequential,5,64.23761967574583,64.23761967574583,17.70562332638938,46.53199634935645,1.0,1.0
326,sequential,5,64.23761967574583,64.23761967574583,17.70562332638938,46.53199634935645,1.0,1.0
327,sequential,5,64.23761967574583,64.23761967574583,17.70562332638938,46.53199634935645,1.0,1.0
328,sequential,5,64.23761967574583,64.23761967574583,17.70562332638938,46.53199634935645,1.0,1.0
329,sequential,5,64.23761967574583,64.23761967574583,17.70562332638938,46.53199634935645,1.0,1.0
330,sequential,5,64.23761967574583,64.23761967574583,17.70562332638938,46.53199634935645,1.0,1.0
331,sequential,5,64.23761967574583,64.23761967574583,17.70562332638938,46.53199634935645,1.0,1.0
332,sequential,5,64.23761967574583,64.23761967574583,17.70562332638938,46.53199634935645,1.0,1.0
333,sequential,5,64.23761967574583,64.23761967574583,17.70562332638938,46.53199634935645,1.0,1.0
334,sequential,5,64.23761967574583,64.23761967574583,17.70562332638938,46.53199634935645,1.0,1.0
335,sequential,5,64.23761967574583,64.23761967574583,17.70562332638938,46.53199634935645,1.0,1.0
336,sequential,5,64.23761967574583,64.23761967574583,17.70562332638938,46.53199634935645,1.0,1.0
337,sequential,5,64.23761967574583,64.23761967574583,17.70562332638938,46.53199634935645,1.0,1.0
338,sequential,5,64.23761967574583,64.23761967574583,17.70562332638938,46.53199634935645,1.0,1.0
339,sequential,5,64.23761967574583,64.23761967574583,17.70562332638938,46.53199634935645,1.0,1.0
340,sequential,5,64.23761967574583,64.23761967574583,17.70562332638938,46.53199634935645,1.0,1.0
341,sequential,5,64.23761967574583,64.23761967574583,17.70562332638938,46.53199634935645,1.0,1.0
342,sequential,5,64.23761967574583,64.23761967574583,17.70562332638938,46.53199634935645,1.0,1.0
343,sequential,5,64.23761967574583,64.23761967574583,17.70562332638938,46.53199634935645,1.0,1.0
344,sequential,5,64.23761967574583,64.23761967574583,17.70562332638938,46.53199634935645,1.0,1.0
345,sequential,5,64.23761967574583,64.23761967574583,17.70562332638938,46.53199634935645,1.0,1.0
346,sequential,5,64.23761967574583,64.23761967574583,17.70562332638938,46.53199634935645,1.0,1.0
347,sequential,5,64.23761967574583,64.23761967574583,17.70562332638938,46.53199634935645,1.0,1.0
348,sequential,5,64.23761967574583,64.23761967574583,17.70562332638938,46.53199634935645,1.0,1.0
349,sequential,5,64.23761967574583,64.23761967574583,17.70562332638938,46.53199634935645,1.0,1.0
350,sequential,5,64.23761967574583,64.23761967574583,17.70562332638938,46.53199634935645,1.0,1.0
351,sequential,5,64.23761967574583,64.23761967574583,17.70562332638938,46.53199634935645,1.0,1.0
352,sequential,5,64.23761967574583,64.23761967574583,17.70562332638938,46.53199634935645,1.0,1.0
353,sequential,5,64.23761967574583,64.23761967574583,17.70562332638938,46.53199634935645,1.0,1.0
354,sequential,5,64.23761967574583,64.23761967574583,17.70562332638938,46.53199634935645,1.0,1.0
355,sequential,5,64.23761967574583,64.23761967574583,17.70562332638938,46.53199634935645,1.0,1.0
356,sequential,5,64.23761967574583,64.23761967574583,17.70562332638938,46.53199634935645,1.0,1.0
357,sequential,5,64.23761967574583,64.23761967574583,17.70562332638938,46.53199634935645,1.0,1.0
358,sequential,5,64.23761967574583,64.23761967574583,17.70562332638938,46.53199634935645,1.0,1.0
359,sequential,5,64.23761967574583,64.23761967574583,17.70562332638938,46.53199634935645,1.0,1.0
360,sequential,5,64.23761967574583,64.23761967574583,17.70562332638938,46.53199634935645,1.0,1.0
361,sequential,5,64.23761967574583,64.23761967574583,17.70562332638938,46.53199634935645,1.0,1.0
362,sequential,5,64.23761967574583,64.23761967574583,17.70562332638938,46.53199634935645,1.0,1.0
363,sequential,5,64.23761967574583,64.23761967574583,17.70562332638938,46.53199634935645,1.0,1.0
364,sequential,5,64.23761967574583,64.23761967574583,17.70562332638938,46.53199634935645,1.0,1.0
365,sequential,5,64.23761967574583,64.23761967574583,17.70562332638938,46.53199634935645,1.0,1.0
366,sequential,5,64.23761967574583,64.23761967574583,17.70562332638938,46.53199634935645,1.0,1.0
367,sequential,5,64.23761967574583,64.23761967574583,17.70562332638938,46.53199634935645,1.0,1.0
368,sequential,5,64.23761967574583,64.23761967574583,17.70562332638938,46.53199634935645,1.0,1.0
369,sequential,5,64.23761967574583,64.23761967574583,17.70562332638938,46.53199634935645,1.0,1.0
370,sequential,5,64.23761967574583,64.23761967574583,17.70562332638938,46.53199634935645,1.0,1.0
371,sequential,5,64.23761967574583,64.23761967574583,17.70562332638938,46.53199634935645,1.0,1.0
372,sequential,5,64.23761967574583,64.23761967574583,17.70562332638938,46.53199634935645,1.0,1.0
373,sequential,5,64.23761967574583,64.23761967574583,17.70562332638938,46.53199634935645,1.0,1.0
374,sequential,5,64.23761967574583,64.23761967574583,17.70562332638938,46.53199634935645,1.0,1.0
375,sequential,5,64.23761967574583,64.23761967574583,17.70562332638938,46.53199634935645,1.0,1.0
376,sequential,5,64.23761967574583,64.23761967574583,17.70562332638938,46.53199634935645,1.0,1.0
377,sequential,5,64.23761967574583,64.23761967574583,17.70562332638938,46.53199634935645,1.0,1.0
378,sequential,5,64.23761967574583,64.23761967574583,17.70562332638938,46.53199634935645,1.0,1.0
379,sequential,5,64.23761967574583,64.23761967574583,17.70562332638938,46.53199634935645,1.0,1.0
380,sequential,5,64.23761967574583,64.23761967574583,17.70562332638938,46.53199634935645,1.0,1.0
381,sequential,5,64.23761967574583,64.23761967574583,17.70562332638938,46.53199634935645,1.0,1.0
382,sequential,5,64.23761967574583,64.23761967574583,17.70562332638938,46.53199634935645,1.0,1.0
383,sequential,5,64.23761967574583,64.23761967574583,17.70562332638938,46.53199634935645,1.0,1.0
384,sequential,5,64.23761967574583,64.23761967574583,17.70562332638938,46.53199634935645,1.0,1.0
385,sequential,5,64.23761967574583,64.23761967574583,17.70562332638938,46.53199634935645,1.0,1.0
386,sequential,5,64.23761967574583,64.23761967574583,17.70562332638938,46.53199634935645,1.0,1.0
387,sequential,5,64.23761967574583,64.23761967574583,17.70562332638938,46.53199634935645,1.0,1.0
388,sequential,5,64.23761967574583,64.23761967574583,17.70562332638938,46.53199634935645,1.0,1.0
389,sequential,5,64.23761967574583,64.23761967574583,17.70562332638938,46.53199634935645,1.0,1.0
390,sequential,5,64.23761967574583,64.23761967574583,17.70562332638938,46.53199634935645,1.0,1.0
391,sequential,5,64.23761967574583,64.23761967574583,17.70562332638938,46.53199634935645,1.0,1.0
392,sequential,5,64.23761967574583,64.23761967574583,17.70562332638938,46.53199634935645,1.0,1.0
393,sequential,5,64.23761967574583,64.23761967574583,17.70562332638938,46.53199634935645,1.0,1.0
394,sequential,5,64.23761967574583,64.23761967574583,17.70562332638938,46.53199634935645,1.0,1.0
395,sequential,5,64.23761967574583,64.23761967574583,17.70562332638938,46.53199634935645,1.0,1.0
396,sequential,5,64.23761967574583,64.23761967574583,17.70562332638938,46.53199634935645,1.0,1.0
397,sequential,5,64.23761967574583,64.23761967574583,17.70562332638938,46.53199634935645,1.0,1.0
398,sequential,5,64.23761967574583,64.23761967574583,17.70562332638938,46.53199634935645,1.0,1.0
399,sequential,5,64.23761967574583,64.23761967574583,17.70562332638938,46.53199634935645,1.0,1.0
400,sequential,5,64.23761967574583,64.23761967574583,17.70562332638938,46.53199634935645,1.0,1.0
401,sequential,5,64.23761967574583,64.23761967574583,17.70562332638938,46.53199634935645,1.0,1.0
402,sequential,5,64.23761967574583,64.23761967574583,17.70562332638938,46.53199634935645,1.0,1.0
403,sequential,5,64.23761967574583,64.23761967574583,17.70562332638938,46.53199634935645,1.0,1.0
404,sequential,5,64.23761967574583,64.23761967574583,17.70562332638938,46.53199634935645,1.0,1.0
405,sequential,5,64.23761967574583,64.23761967574583,17.70562332638938,46.53199634935645,1.0,1.0
406,sequential,5,64.23761967574583,64.23761967574583,17.70562332638938,46.53199634935645,1.0,1.0
407,sequential,5,64.23761967574583,64.23761967574583,17.70562332638938,46.53199634935645,1.0,1.0
408,sequential,5,64.23761967574583,64.23761967574583,17.70562332638938,46.53199634935645,1.0,1.0
409,sequential,5,64.23761967574583,64.23761967574583,17.70562332638938,46.53199634935645,1.0,1.0
410,sequential,5,64.23761967574583,64.23761967574583,17.70562332638938,46.53199634935645,1.0,1.0
411,sequential,5,64.23761967574583,64.23761967574583,17.70562332638938,46.53199634935645,1.0,1.0
412,sequential,5,64.23761967574583,64.23761967574583,17.70562332638938,46.53199634935645,1.0,1.0
413,sequential,5,64.23761967574583,64.23761967574583,17.70562332638938,46.53199634935645,1.0,1.0
414,sequential,5,64.23761967574583,64.23761967574583,17.70562332638938,46.53199634935645,1.0,1.0
415,sequential,5,64.23761967574583,64.23761967574583,17.70562332638938,46.53199634935645,1.0,1.0
416,sequential,5,64.23761967574583,64.23761967574583,17.70562332638938,46.53199634935645,1.0,1.0
417,sequential,5,64.23761967574583,64.23761967574583,17.70562332638938,46.53199634935645,1.0,1.0
418,sequential,5,64.23761967574583,64.23761967574583,17.70562332638938,46.53199634935645,1.0,1.0
419,sequential,5,64.23761967574583,64.23761967574583,17.70562332638938,46.53199634935645,1.0,1.0
420,sequential,5,64.23761967574583,64.23761967574583,17.70562332638938,46.53199634935645,1.0,1.0
421,sequential,5,64.23761967574583,64.23761967574583,17.70562332638938,46.53199634935645,1.0,1.0
422,sequential,5,64.23761967574583,64.23761967574583,17.70562332638938,46.53199634935645,1.0,1.0
423,sequential,5,64.23761967574583,64.23761967574583,17.70562332638938,46.53199634935645,1.0,1.0
424,sequential,5,64.23761967574583,64.23761967574583,17.70562332638938,46.53199634935645,1.0,1.0
425,sequential,5,64.23761967574583,64.23761967574583,17.70562332638938,46.53199634935645,1.0,1.0
426,sequential,5,64.23761967574583,64.23761967574583,17.70562332638938,46.53199634935645,1.0,1.0
427,sequential,5,64.23761967574583,64.23761967574583,17.70562332638938,46.53199634935645,1.0,1.0
428,sequential,5,64.23761967574583,64.23761967574583,17.70562332638938,46.53199634935645,1.0,1.0
429,sequential,5,64.23761967574583,64.23761967574583,17.70562332638938,46.53199634935645,1.0,1.0
430,sequential,5,64.23761967574583,64.23761967574583,17.70562332638938,46.53199634935645,1.0,1.0
431,sequential,5,64.23761967574583,64.23761967574583,17.70562332638938,46.53199634935645,1.0,1.0
432,sequential,5,64.23761967574583,64.23761967574583,17.70562332638938,46.53199634935645,1.0,1.0
433,sequential,5,64.23761967574583,64.23761967574583,17.70562332638938,46.53199634935645,1.0,1.0
434,sequential,5,64.23761967574583,64.23761967574583,17.70562332638938,46.53199634935645,1.0,1.0
435,sequential,5,64.23761967574583,64.23761967574583,17.70562332638938,46.53199634935645,1.0,1.0
436,sequential,5,64.23761967574583,64.23761967574583,17.70562332638938,46.53199634935645,1.0,1.0
437,sequential,5,64.23761967574583,64.23761967574583,17.70562332638938,46.53199634935645,1.0,1.0
438,sequential,5,64.23761967574583,64.23761967574583,17.70562332638938,46.53199634935645,1.0,1.0
439,sequential,5,64.23761967574583,64.23761967574583,17.70562332638938,46.53199634935645,1.0,1.0
440,sequential,5,64.23761967574583,64.23761967574583,17.70562332638938,46.53199634935645,1.0,1.0
441,sequential,5,64.23761967574583,64.23761967574583,17.70562332638938,46.53199634935645,1.0,1.0
442,sequential,5,64.23761967574583,64.23761967574583,17.70562332638938,46.53199634935645,1.0,1.0
443,sequential,5,64.23761967574583,64.23761967574583,17.70562332638938,46.53199634935645,1.0,1.0
444,sequential,5,64.23761967574583,64.23761967574583,17.70562332638938,46.53199634935645,1.0,1.0
445,sequential,5,64.23761967574583,64.23761967574583,17.70562332638938,46.53199634935645,1.0,1.0
446,sequential,5,64.23761967574583,64.23761967574583,17.70562332638938,46.53199634935645,1.0,1.0
447,sequential,5,64.23761967574583,64.23761967574583,17.70562332638938,46.53199634935645,1.0,1.0
448,sequential,5,64.23761967574583,64.23761967574583,17.70562332638938,46.53199634935645,1.0,1.0
449,sequential,5,64.23761967574583,64.23761967574583,17.70562332638938,46.53199634935645,1.0,1.0
450,sequential,5,64.23761967574583,64.23761967574583,17.70562332638938,46.53199634935645,1.0,1.0
451,sequential,5,64.23761967574583,64.23761967574583,17.70562332638938,46.53199634935645,1.0,1.0
452,sequential,5,64.23761967574583,64.23761967574583,17.70562332638938,46.53199634935645,1.0,1.0
453,sequential,5,64.23761967574583,64.23761967574583,17.70562332638938,46.53199634935645,1.0,1.0
454,sequential,5,64.23761967574583,64.23761967574583,17.70562332638938,46.53199634935645,1.0,1.0
455,sequential,5,64.23761967574583,64.23761967574583,17.70562332638938,46.53199634935645,1.0,1.0
456,sequential,5,64.23761967574583,64.23761967574583,17.70562332638938,46.53199634935645,1.0,1.0
457,sequential,5,64.23761967574583,64.23761967574583,17.70562332638938,46.53199634935645,1.0,1.0
458,sequential,5,64.23761967574583,64.23761967574583,17.70562332638938,46.53199634935645,1.0,1.0
459,sequential,5,64.23761967574583,64.23761967574583,17.70562332638938,46.53199634935645,1.0,1.0
460,sequential,5,64.23761967574583,64.23761967574583,17.70562332638938,46.53199634935645,1.0,1.0
461,sequential,5,64.23761967574583,64.23761967574583,17.70562332638938,46.53199634935645,1.0,1.0
462,sequential,5,64.23761967574583,64.23761967574583,17.70562332638938,46.53199634935645,1.0,1.0
463,sequential,5,64.23761967574583,64.23761967574583,17.70562332638938,46.53199634935645,1.0,1.0
464,sequential,5,64.23761967574583,64.23761967574583,17.70562332638938,46.53199634935645,1.0,1.0
465,sequential,5,64.23761967574583,64.23761967574583,17.70562332638938,46.53199634935645,1.0,1.0
466,sequential,5,64.23761967574583,64.23761967574583,17.70562332638938,46.53199634935645,1.0,1.0
467,sequential,5,64.23761967574583,64.23761967574583,17.70562332638938,46.53199634935645,1.0,1.0
468,sequential,5,64.23761967574583,64.23761967574583,17.70562332638938,46.53199634935645,1.0,1.0
469,sequential,5,64.23761967574583,64.23761967574583,17.70562332638938,46.53199634935645,1.0,1.0
470,sequential,5,64.23761967574583,64.23761967574583,17.70562332638938,46.53199634935645,1.0,1.0
471,sequential,5,64.23761967574583,64.23761967574583,17.70562332638938,46.53199634935645,1.0,1.0
472,sequential,5,64.23761967574583,64.23761967574583,17.70562332638938,46.53199634935645,1.0,1.0
473,sequential,5,64.23761967574583,64.23761967574583,17.70562332638938,46.53199634935645,1.0,1.0
474,sequential,5,64.23761967574583,64.23761967574583,17.70562332638938,46.53199634935645,1.0,1.0
475,sequential,5,64.23761967574583,64.23761967574583,17.70562332638938,46.53199634935645,1.0,1.0
476,sequential,5,64.23761967574583,64.23761967574583,17.70562332638938,46.53199634935645,1.0,1.0
477,sequential,5,64.23761967574583,64.23761967574583,17.70562332638938,46.53199634935645,1.0,1.0
478,sequential,5,64.23761967574583,64.23761967574583,17.70562332638938,46.53199634935645,1.0,1.0
479,sequential,5,64.23761967574583,64.23761967574583,17.70562332638938,46.53199634935645,1.0,1.0
480,sequential,5,64.23761967574583,64.23761967574583,17.70562332638938,46.53199634935645,1.0,1.0
481,sequential,5,64.23761967574583,64.23761967574583,17.70562332638938,46.53199634935645,1.0,1.0
482,sequential,5,64.23761967574583,64.23761967574583,17.70562332638938,46.53199634935645,1.0,1.0
483,sequential,5,64.23761967574583,64.23761967574583,17.70562332638938,46.53199634935645,1.0,1.0
484,sequential,5,64.23761967574583,64.23761967574583,17.70562332638938,46.53199634935645,1.0,1.0
485,sequential,5,64.23761967574583,64.23761967574583,17.70562332638938,46.53199634935645,1.0,1.0
486,sequential,5,64.23761967574583,64.23761967574583,17.70562332638938,46.53199634935645,1.0,1.0
487,sequential,5,64.23761967574583,64.23761967574583,17.70562332638938,46.53199634935645,1.0,1.0
488,sequential,5,64.23761967574583,64.23761967574583,17.70562332638938,46.53199634935645,1.0,1.0
489,sequential,5,64.23761967574583,64.23761967574583,17.70562332638938,46.53199634935645,1.0,1.0
490,sequential,5,64.23761967574583,64.23761967574583,17.70562332638938,46.53199634935645,1.0,1.0
491,sequential,5,64.23761967574583,64.23761967574583,17.70562332638938,46.53199634935645,1.0,1.0
492,sequential,5,64.23761967574583,64.23761967574583,17.70562332638938,46.53199634935645,1.0,1.0
493,sequential,5,64.23761967574583,64.23761967574583,17.70562332638938,46.53199634935645,1.0,1.0
494,sequential,5,64.23761967574583,64.23761967574583,17.70562332638938,46.53199634935645,1.0,1.0
495,sequential,5,64.23761967574583,64.23761967574583,17.70562332638938,46.53199634935645,1.0,1.0
496,sequential,5,64.23761967574583,64.23761967574583,17.70562332638938,46.53199634935645,1.0,1.0
497,sequential,5,64.23761967574583,64.23761967574583,17.70562332638938,46.53199634935645,1.0,1.0
498,sequential,5,64.23761967574583,64.23761967574583,17.70562332638938,46.53199634935645,1.0,1.0
499,sequential,5,64.23761967574583,64.23761967574583,17.70562332638938,46.53199634935645,1.0,1.0
500,sequential,5,64.23761967574583,64.23761967574583,17.70562332638938,46.53199634935645,1.0,1.0
